Workbook

Sheet MATRIZ
A1: MATRIZ DE SUSTENTO NORMATIVO DEL PROGRAMA ARQUITECTÓNICO
A2: Proyecto: “CREACIÓN DEL SERVICIO DE PROTECCIÓN A MUJERES VÍCTIMAS DE VIOLENCIA EN SITUACIÓN DE RIESGO DE FEMINICIDIO O PELIGRE SU INTEGRIDAD Y/O SALUD FÍSICA Y/O MENTAL EN HOGAR DE REFUGIO TEMPORAL DISTRITO DE MORALES DE LA PROVINCIA DE SAN MARTÍN DEL DEPARTAMENTO DE SAN MARTÍN”, CUI N.° 2675514
A4: ZONA | B4: AMBIENTE | C4: CANT. | D4: CAPACIDAD | E4: I.O. (m²/pers.) | F4: NORMA | G4: ÁREA MÍN. NORMA (m²) | H4: ÁREA MÍN. CALCULADA (m²) | I4: ÁREA PROYECTO (m²) | J4: RESULTADO | K4: LIN. MÍN. (m²) | L4: LIN. MÁX. (m²) | M4: LINEAMIENTOS | N4: ÁREA TOTAL PROGRAMA (m²) | O4: SUSTENTO
A5: Zona de obras exteriores
A6: Zona de obras exteriores | B6: Estacionamiento de autos | C6: 6 | F6: A.090 art. 17; lineamientos 3.8 | H6: =IF(AND(ISNUMBER(D6),ISNUMBER(E6)),D6*E6,IF(ISNUMBER(G6),G6,"—")) | I6: 12.5 | J6: =IF(AND(ISNUMBER(H6),ISNUMBER(I6)),IF(I6>=H6-0.001,"CUMPLE","NO CUMPLE"),"CONFORME") | M6: =IF(AND(ISNUMBER(K6),ISNUMBER(I6)),IF(AND(ISNUMBER(L6),I6<=L6),"EN RANGO","SUPERA"),"—") | N6: 244 | O6: La A.090 art. 17 pide 1 estacionamiento cada 6 personas del personal dentro del predio: las 6 plazas atienden hasta 36 personas. El estacionamiento interno permite que las usuarias desciendan dentro del refugio (lineamientos 3.8).
A7: Zona de obras exteriores | B7: Patio de descarga | C7: 3 | F7: Lineamientos 2.6 | H7: =IF(AND(ISNUMBER(D7),ISNUMBER(E7)),D7*E7,IF(ISNUMBER(G7),G7,"—")) | I7: 16 | J7: =IF(AND(ISNUMBER(H7),ISNUMBER(I7)),IF(I7>=H7-0.001,"CUMPLE","NO CUMPLE"),"CONFORME") | M7: =IF(AND(ISNUMBER(K7),ISNUMBER(I7)),IF(AND(ISNUMBER(L7),I7<=L7),"EN RANGO","SUPERA"),"—") | N7: 256 | O7: Zona de carga y descarga de proveedores (zaguán de servicio), con acceso a almacenes, despensa y residuos, separada de los espacios de las residentes (lineamientos 2.6).
A8: Zona de obras exteriores | B8: Estacionamiento de motos | C8: 12 | F8: A.090 art. 17 | H8: =IF(AND(ISNUMBER(D8),ISNUMBER(E8)),D8*E8,IF(ISNUMBER(G8),G8,"—")) | I8: 2.52 | J8: =IF(AND(ISNUMBER(H8),ISNUMBER(I8)),IF(I8>=H8-0.001,"CUMPLE","NO CUMPLE"),"CONFORME") | M8: =IF(AND(ISNUMBER(K8),ISNUMBER(I8)),IF(AND(ISNUMBER(L8),I8<=L8),"EN RANGO","SUPERA"),"—") | N8: 94.6 | O8: Estacionamiento del personal dentro del predio (A.090 art. 17).
A9: Zona de obras exteriores | B9: Garita + SS.HH. | C9: 1 | D9: 1 | E9: 3 | F9: R.V.M. 208-2019; lineamientos 2.4 | H9: =IF(AND(ISNUMBER(D9),ISNUMBER(E9)),D9*E9,IF(ISNUMBER(G9),G9,"—")) | I9: 10 | J9: =IF(AND(ISNUMBER(H9),ISNUMBER(I9)),IF(I9>=H9-0.001,"CUMPLE","NO CUMPLE"),"CONFORME") | M9: =IF(AND(ISNUMBER(K9),ISNUMBER(I9)),IF(AND(ISNUMBER(L9),I9<=L9),"EN RANGO","SUPERA"),"—") | N9: 10 | O9: Con 1 persona a 3.00 m² por persona (R.V.M. 208-2019), el área mínima es de 3.00 m², y el ambiente tiene 10.00 m². Caseta de vigilancia en el acceso principal, con servicio higiénico para el personal de guardia, comunicación interna y control de los accesos (lineamientos 2.4 y 2.6; R.V.M. 104-2019 num. 13.3.2).
A10: Zona de obras exteriores | B10: Cisterna y tanque elevado | C10: 1 | F10: IS.010; lineamientos 2.8 | H10: =IF(AND(ISNUMBER(D10),ISNUMBER(E10)),D10*E10,IF(ISNUMBER(G10),G10,"—")) | I10: 12 | J10: =IF(AND(ISNUMBER(H10),ISNUMBER(I10)),IF(I10>=H10-0.001,"CUMPLE","NO CUMPLE"),"CONFORME") | M10: =IF(AND(ISNUMBER(K10),ISNUMBER(I10)),IF(AND(ISNUMBER(L10),I10<=L10),"EN RANGO","SUPERA"),"—") | N10: 12 | O10: Almacenamiento de agua potable (lineamientos 2.8; A.030, anexos).
A11: Zona de obras exteriores | B11: PTAR | C11: 1 | F11: IS.020; A.030 anexos | H11: =IF(AND(ISNUMBER(D11),ISNUMBER(E11)),D11*E11,IF(ISNUMBER(G11),G11,"—")) | I11: 152 | J11: =IF(AND(ISNUMBER(H11),ISNUMBER(I11)),IF(I11>=H11-0.001,"CUMPLE","NO CUMPLE"),"CONFORME") | M11: =IF(AND(ISNUMBER(K11),ISNUMBER(I11)),IF(AND(ISNUMBER(L11),I11<=L11),"EN RANGO","SUPERA"),"—") | N11: 152 | O11: Tratamiento de las aguas residuales del local, previsto por la A.030 cuando no existe red pública de alcantarillado.
A12: Zona de obras exteriores | B12: Cunetas de drenaje pluvial | C12: 1 | F12: Drenaje pluvial | H12: =IF(AND(ISNUMBER(D12),ISNUMBER(E12)),D12*E12,IF(ISNUMBER(G12),G12,"—")) | I12: 410.1 | J12: =IF(AND(ISNUMBER(H12),ISNUMBER(I12)),IF(I12>=H12-0.001,"CUMPLE","NO CUMPLE"),"CONFORME") | M12: =IF(AND(ISNUMBER(K12),ISNUMBER(I12)),IF(AND(ISNUMBER(L12),I12<=L12),"EN RANGO","SUPERA"),"—") | N12: 410.1 | O12: Sistema de drenaje pluvial del local.
A13: Zona de obras exteriores | B13: Cerco perimétrico | C13: 1 | F13: Lineamientos 2.4 | H13: =IF(AND(ISNUMBER(D13),ISNUMBER(E13)),D13*E13,IF(ISNUMBER(G13),G13,"—")) | I13: 56.75 | J13: =IF(AND(ISNUMBER(H13),ISNUMBER(I13)),IF(I13>=H13-0.001,"CUMPLE","NO CUMPLE"),"CONFORME") | M13: =IF(AND(ISNUMBER(K13),ISNUMBER(I13)),IF(AND(ISNUMBER(L13),I13<=L13),"EN RANGO","SUPERA"),"—") | N13: 56.75 | O13: Cerco de seguridad en todo el perímetro (lineamientos 2.4: barda de al menos 2.00 m).
A14: Zona administrativa
A15: Zona administrativa | B15: Área de bienvenida | C15: 1 | D15: 5 | E15: 9.5 | F15: A.080 art. 6 | H15: =IF(AND(ISNUMBER(D15),ISNUMBER(E15)),D15*E15,IF(ISNUMBER(G15),G15,"—")) | I15: 47.5 | J15: =IF(AND(ISNUMBER(H15),ISNUMBER(I15)),IF(I15>=H15-0.001,"CUMPLE","NO CUMPLE"),"CONFORME") | K15: 30 | L15: 40 | M15: =IF(AND(ISNUMBER(K15),ISNUMBER(I15)),IF(AND(ISNUMBER(L15),I15<=L15),"EN RANGO","SUPERA"),"—") | N15: 47.5 | O15: Con 5 personas a 9.50 m² por persona (A.080 art. 6), el área mínima es de 47.50 m², y el ambiente tiene 47.50 m². Supera la superficie sugerida por los lineamientos (30.00 a 40.00 m²). Recibe a las usuarias desde el ingreso, como espacio acogedor de llegada (lineamientos 2.6 y 3.2).
A16: Zona administrativa | B16: Oficina de dirección | C16: 1 | D16: 2 | E16: 9.5 | F16: A.080 art. 6 | H16: =IF(AND(ISNUMBER(D16),ISNUMBER(E16)),D16*E16,IF(ISNUMBER(G16),G16,"—")) | I16: 19 | J16: =IF(AND(ISNUMBER(H16),ISNUMBER(I16)),IF(I16>=H16-0.001,"CUMPLE","NO CUMPLE"),"CONFORME") | K16: 6 | L16: 10 | M16: =IF(AND(ISNUMBER(K16),ISNUMBER(I16)),IF(AND(ISNUMBER(L16),I16<=L16),"EN RANGO","SUPERA"),"—") | N16: 19 | O16: Con 2 personas a 9.50 m² por persona (A.080 art. 6), el área mínima es de 19.00 m², y el ambiente tiene 19.00 m². Supera la superficie sugerida por los lineamientos (6.00 a 10.00 m²).
A17: Zona administrativa | B17: Sala de reuniones | C17: 1 | D17: 25 | E17: 1 | F17: A.090 art. 11 | H17: =IF(AND(ISNUMBER(D17),ISNUMBER(E17)),D17*E17,IF(ISNUMBER(G17),G17,"—")) | I17: 25 | J17: =IF(AND(ISNUMBER(H17),ISNUMBER(I17)),IF(I17>=H17-0.001,"CUMPLE","NO CUMPLE"),"CONFORME") | K17: 12 | L17: 20 | M17: =IF(AND(ISNUMBER(K17),ISNUMBER(I17)),IF(AND(ISNUMBER(L17),I17<=L17),"EN RANGO","SUPERA"),"—") | N17: 25 | O17: Con 25 personas a 1.00 m² por persona (A.090 art. 11), el área mínima es de 25.00 m², y el ambiente tiene 25.00 m². Supera la superficie sugerida por los lineamientos (12.00 a 20.00 m²).
A18: Zona administrativa | B18: Secretaría dirección | C18: 1 | D18: 1 | E18: 9.5 | F18: A.080 art. 6 | H18: =IF(AND(ISNUMBER(D18),ISNUMBER(E18)),D18*E18,IF(ISNUMBER(G18),G18,"—")) | I18: 9.5 | J18: =IF(AND(ISNUMBER(H18),ISNUMBER(I18)),IF(I18>=H18-0.001,"CUMPLE","NO CUMPLE"),"CONFORME") | M18: =IF(AND(ISNUMBER(K18),ISNUMBER(I18)),IF(AND(ISNUMBER(L18),I18<=L18),"EN RANGO","SUPERA"),"—") | N18: 9.5 | O18: Con 1 persona a 9.50 m² por persona (A.080 art. 6), el área mínima es de 9.50 m², y el ambiente tiene 9.50 m².
A19: Zona administrativa | B19: Oficina de administración | C19: 1 | D19: 2 | E19: 9.5 | F19: A.080 art. 6 | H19: =IF(AND(ISNUMBER(D19),ISNUMBER(E19)),D19*E19,IF(ISNUMBER(G19),G19,"—")) | I19: 19.5 | J19: =IF(AND(ISNUMBER(H19),ISNUMBER(I19)),IF(I19>=H19-0.001,"CUMPLE","NO CUMPLE"),"CONFORME") | M19: =IF(AND(ISNUMBER(K19),ISNUMBER(I19)),IF(AND(ISNUMBER(L19),I19<=L19),"EN RANGO","SUPERA"),"—") | N19: 19.5 | O19: Con 2 personas a 9.50 m² por persona (A.080 art. 6), el área mínima es de 19.00 m², y el ambiente tiene 19.50 m².
A20: Zona administrativa | B20: Sala de espera | C20: 1 | D20: 4 | E20: 9.5 | F20: A.080 art. 6 | H20: =IF(AND(ISNUMBER(D20),ISNUMBER(E20)),D20*E20,IF(ISNUMBER(G20),G20,"—")) | I20: 38 | J20: =IF(AND(ISNUMBER(H20),ISNUMBER(I20)),IF(I20>=H20-0.001,"CUMPLE","NO CUMPLE"),"CONFORME") | M20: =IF(AND(ISNUMBER(K20),ISNUMBER(I20)),IF(AND(ISNUMBER(L20),I20<=L20),"EN RANGO","SUPERA"),"—") | N20: 38 | O20: Con 4 personas a 9.50 m² por persona (A.080 art. 6), el área mínima es de 38.00 m², y el ambiente tiene 38.00 m². Área de espera junto a las oficinas (R.V.M. 104-2019 num. 13.1.1).
A21: Zona administrativa | B21: SS.HH. mujeres | C21: 1 | F21: A.090 art. 15 | H21: =IF(AND(ISNUMBER(D21),ISNUMBER(E21)),D21*E21,IF(ISNUMBER(G21),G21,"—")) | I21: 4 | J21: =IF(AND(ISNUMBER(H21),ISNUMBER(I21)),IF(I21>=H21-0.001,"CUMPLE","NO CUMPLE"),"CONFORME") | M21: =IF(AND(ISNUMBER(K21),ISNUMBER(I21)),IF(AND(ISNUMBER(L21),I21<=L21),"EN RANGO","SUPERA"),"—") | N21: 4 | O21: A.090 art. 15, de 7 a 25 empleados: mujeres 1 lavatorio y 1 inodoro.
A22: Zona administrativa | B22: SS.HH. varones | C22: 1 | F22: A.090 art. 15 | H22: =IF(AND(ISNUMBER(D22),ISNUMBER(E22)),D22*E22,IF(ISNUMBER(G22),G22,"—")) | I22: 7.2 | J22: =IF(AND(ISNUMBER(H22),ISNUMBER(I22)),IF(I22>=H22-0.001,"CUMPLE","NO CUMPLE"),"CONFORME") | M22: =IF(AND(ISNUMBER(K22),ISNUMBER(I22)),IF(AND(ISNUMBER(L22),I22<=L22),"EN RANGO","SUPERA"),"—") | N22: 7.2 | O22: A.090 art. 15, de 7 a 25 empleados: hombres 1 lavatorio, 1 urinario y 1 inodoro.
A23: Zona administrativa | B23: SS.HH. discapacitados | C23: 1 | F23: A.090 art. 16; A.120 | H23: =IF(AND(ISNUMBER(D23),ISNUMBER(E23)),D23*E23,IF(ISNUMBER(G23),G23,"—")) | I23: 5 | J23: =IF(AND(ISNUMBER(H23),ISNUMBER(I23)),IF(I23>=H23-0.001,"CUMPLE","NO CUMPLE"),"CONFORME") | M23: =IF(AND(ISNUMBER(K23),ISNUMBER(I23)),IF(AND(ISNUMBER(L23),I23<=L23),"EN RANGO","SUPERA"),"—") | N23: 5 | O23: Servicio para personas con discapacidad adicional a los aparatos exigibles (A.090 art. 16), con las dimensiones de la A.120.
A24: Zona administrativa | B24: Cuarto de limpieza | C24: 1 | F24: R.V.M. 104-2019 num. 13.3.5 | H24: =IF(AND(ISNUMBER(D24),ISNUMBER(E24)),D24*E24,IF(ISNUMBER(G24),G24,"—")) | I24: 4.8 | J24: =IF(AND(ISNUMBER(H24),ISNUMBER(I24)),IF(I24>=H24-0.001,"CUMPLE","NO CUMPLE"),"CONFORME") | M24: =IF(AND(ISNUMBER(K24),ISNUMBER(I24)),IF(AND(ISNUMBER(L24),I24<=L24),"EN RANGO","SUPERA"),"—") | N24: 4.8 | O24: Guardado de implementos de limpieza, con lavadero y sumidero (R.V.M. 104-2019 num. 13.3.5).
A25: Zona administrativa | B25: Sala de visitas | C25: 1 | D25: 5 | E25: 9.5 | F25: A.080 art. 6 | H25: =IF(AND(ISNUMBER(D25),ISNUMBER(E25)),D25*E25,IF(ISNUMBER(G25),G25,"—")) | I25: 47.5 | J25: =IF(AND(ISNUMBER(H25),ISNUMBER(I25)),IF(I25>=H25-0.001,"CUMPLE","NO CUMPLE"),"CONFORME") | M25: =IF(AND(ISNUMBER(K25),ISNUMBER(I25)),IF(AND(ISNUMBER(L25),I25<=L25),"EN RANGO","SUPERA"),"—") | N25: 47.5 | O25: Con 5 personas a 9.50 m² por persona (A.080 art. 6), el área mínima es de 47.50 m², y el ambiente tiene 47.50 m². Junto al ingreso y separada de las áreas privadas, para la confidencialidad de las usuarias (lineamientos 2.6).
A26: Zona administrativa | B26: Psicología | C26: 1 | D26: 2 | E26: 10 | F26: A.090 art. 11 | H26: =IF(AND(ISNUMBER(D26),ISNUMBER(E26)),D26*E26,IF(ISNUMBER(G26),G26,"—")) | I26: 20 | J26: =IF(AND(ISNUMBER(H26),ISNUMBER(I26)),IF(I26>=H26-0.001,"CUMPLE","NO CUMPLE"),"CONFORME") | K26: 9 | L26: 13 | M26: =IF(AND(ISNUMBER(K26),ISNUMBER(I26)),IF(AND(ISNUMBER(L26),I26<=L26),"EN RANGO","SUPERA"),"—") | N26: 20 | O26: Con 2 personas a 10.00 m² por persona (A.090 art. 11), el área mínima es de 20.00 m², y el ambiente tiene 20.00 m². Supera la superficie sugerida por los lineamientos (9.00 a 13.00 m²). Atención individual con privacidad acústica (lineamientos 3.5).
A27: Zona administrativa | B27: Asesoría legal | C27: 1 | D27: 2 | E27: 10 | F27: A.090 art. 11 | H27: =IF(AND(ISNUMBER(D27),ISNUMBER(E27)),D27*E27,IF(ISNUMBER(G27),G27,"—")) | I27: 20 | J27: =IF(AND(ISNUMBER(H27),ISNUMBER(I27)),IF(I27>=H27-0.001,"CUMPLE","NO CUMPLE"),"CONFORME") | K27: 6 | L27: 10 | M27: =IF(AND(ISNUMBER(K27),ISNUMBER(I27)),IF(AND(ISNUMBER(L27),I27<=L27),"EN RANGO","SUPERA"),"—") | N27: 20 | O27: Con 2 personas a 10.00 m² por persona (A.090 art. 11), el área mínima es de 20.00 m², y el ambiente tiene 20.00 m². Supera la superficie sugerida por los lineamientos (6.00 a 10.00 m²).
A28: Zona administrativa | B28: Asistencia social | C28: 1 | D28: 2 | E28: 10 | F28: A.090 art. 11 | H28: =IF(AND(ISNUMBER(D28),ISNUMBER(E28)),D28*E28,IF(ISNUMBER(G28),G28,"—")) | I28: 20 | J28: =IF(AND(ISNUMBER(H28),ISNUMBER(I28)),IF(I28>=H28-0.001,"CUMPLE","NO CUMPLE"),"CONFORME") | K28: 6 | L28: 10 | M28: =IF(AND(ISNUMBER(K28),ISNUMBER(I28)),IF(AND(ISNUMBER(L28),I28<=L28),"EN RANGO","SUPERA"),"—") | N28: 20 | O28: Con 2 personas a 10.00 m² por persona (A.090 art. 11), el área mínima es de 20.00 m², y el ambiente tiene 20.00 m². Supera la superficie sugerida por los lineamientos (6.00 a 10.00 m²).
A29: Zona administrativa | B29: Tópico | C29: 1 | D29: 3 | E29: 10 | F29: A.090 art. 11 | H29: =IF(AND(ISNUMBER(D29),ISNUMBER(E29)),D29*E29,IF(ISNUMBER(G29),G29,"—")) | I29: 30 | J29: =IF(AND(ISNUMBER(H29),ISNUMBER(I29)),IF(I29>=H29-0.001,"CUMPLE","NO CUMPLE"),"CONFORME") | K29: 9 | L29: 14 | M29: =IF(AND(ISNUMBER(K29),ISNUMBER(I29)),IF(AND(ISNUMBER(L29),I29<=L29),"EN RANGO","SUPERA"),"—") | N29: 30 | O29: Con 3 personas a 10.00 m² por persona (A.090 art. 11), el área mínima es de 30.00 m², y el ambiente tiene 30.00 m². Supera la superficie sugerida por los lineamientos (9.00 a 14.00 m²). Mayor que el tópico de la R.V.M. 104-2019 (7.00 m², cuadro 22).
A30: Zona administrativa | B30: Cuarto de cámaras de vigilancia | C30: 1 | D30: 4 | E30: 3 | F30: R.V.M. 208-2019; lineamientos 2.4 | H30: =IF(AND(ISNUMBER(D30),ISNUMBER(E30)),D30*E30,IF(ISNUMBER(G30),G30,"—")) | I30: 15 | J30: =IF(AND(ISNUMBER(H30),ISNUMBER(I30)),IF(I30>=H30-0.001,"CUMPLE","NO CUMPLE"),"CONFORME") | M30: =IF(AND(ISNUMBER(K30),ISNUMBER(I30)),IF(AND(ISNUMBER(L30),I30<=L30),"EN RANGO","SUPERA"),"—") | N30: 15 | O30: Con 4 personas a 3.00 m² por persona (R.V.M. 208-2019), el área mínima es de 12.00 m², y el ambiente tiene 15.00 m². Monitoreo del circuito cerrado de accesos, perímetro y áreas comunes (lineamientos 2.4 y 2.5).
A31: Zona administrativa | B31: Data center | C31: 1 | D31: 2 | F31: EM.010; lineamientos 2.8 | H31: =IF(AND(ISNUMBER(D31),ISNUMBER(E31)),D31*E31,IF(ISNUMBER(G31),G31,"—")) | I31: 6 | J31: =IF(AND(ISNUMBER(H31),ISNUMBER(I31)),IF(I31>=H31-0.001,"CUMPLE","NO CUMPLE"),"CONFORME") | M31: =IF(AND(ISNUMBER(K31),ISNUMBER(I31)),IF(AND(ISNUMBER(L31),I31<=L31),"EN RANGO","SUPERA"),"—") | N31: 6 | O31: Equipos de comunicaciones e internet (lineamientos 2.8).
A32: Zona administrativa | B32: Archivo | C32: 1 | D32: 2 | F32: R.V.M. 104-2019 cuadro 21 | G32: 6 | H32: =IF(AND(ISNUMBER(D32),ISNUMBER(E32)),D32*E32,IF(ISNUMBER(G32),G32,"—")) | I32: 12 | J32: =IF(AND(ISNUMBER(H32),ISNUMBER(I32)),IF(I32>=H32-0.001,"CUMPLE","NO CUMPLE"),"CONFORME") | M32: =IF(AND(ISNUMBER(K32),ISNUMBER(I32)),IF(AND(ISNUMBER(L32),I32<=L32),"EN RANGO","SUPERA"),"—") | N32: 12 | O32: El área mínima es de 6.00 m² y el ambiente tiene 12.00 m². R.V.M. 104-2019: archivo de 6.00 m², contiguo a las oficinas.
A33: Zona administrativa | B33: Depósito | C33: 1 | D33: 2 | F33: R.V.M. 104-2019 num. 13.3.1 | G33: 10 | H33: =IF(AND(ISNUMBER(D33),ISNUMBER(E33)),D33*E33,IF(ISNUMBER(G33),G33,"—")) | I33: 15 | J33: =IF(AND(ISNUMBER(H33),ISNUMBER(I33)),IF(I33>=H33-0.001,"CUMPLE","NO CUMPLE"),"CONFORME") | M33: =IF(AND(ISNUMBER(K33),ISNUMBER(I33)),IF(AND(ISNUMBER(L33),I33<=L33),"EN RANGO","SUPERA"),"—") | N33: 15 | O33: El área mínima es de 10.00 m² y el ambiente tiene 15.00 m². R.V.M. 104-2019: almacén o depósito no menor de 10.00 m².
A34: Zona de ambientes especializados
A35: Zona de ambientes especializados | B35: Taller de bisutería | C35: 1 | D35: 20 | E35: 3 | F35: A.040 art. 13 | H35: =IF(AND(ISNUMBER(D35),ISNUMBER(E35)),D35*E35,IF(ISNUMBER(G35),G35,"—")) | I35: 60 | J35: =IF(AND(ISNUMBER(H35),ISNUMBER(I35)),IF(I35>=H35-0.001,"CUMPLE","NO CUMPLE"),"CONFORME") | K35: 45 | M35: =IF(AND(ISNUMBER(K35),ISNUMBER(I35)),IF(AND(ISNUMBER(L35),I35<=L35),"EN RANGO","SUPERA"),"—") | N35: 60 | O35: Con 20 personas a 3.00 m² por persona (A.040 art. 13), el área mínima es de 60.00 m², y el ambiente tiene 60.00 m². Supera la superficie sugerida por los lineamientos (45.00 m²). Taller productivo para la autonomía económica de las usuarias (lineamientos 3.7).
A36: Zona de ambientes especializados | B36: Taller de repostería | C36: 1 | D36: 20 | E36: 3 | F36: A.040 art. 13 | H36: =IF(AND(ISNUMBER(D36),ISNUMBER(E36)),D36*E36,IF(ISNUMBER(G36),G36,"—")) | I36: 60 | J36: =IF(AND(ISNUMBER(H36),ISNUMBER(I36)),IF(I36>=H36-0.001,"CUMPLE","NO CUMPLE"),"CONFORME") | K36: 45 | M36: =IF(AND(ISNUMBER(K36),ISNUMBER(I36)),IF(AND(ISNUMBER(L36),I36<=L36),"EN RANGO","SUPERA"),"—") | N36: 60 | O36: Con 20 personas a 3.00 m² por persona (A.040 art. 13), el área mínima es de 60.00 m², y el ambiente tiene 60.00 m². Supera la superficie sugerida por los lineamientos (45.00 m²). Taller productivo para la autonomía económica de las usuarias (lineamientos 3.7).
A37: Zona de ambientes especializados | B37: Taller de costura | C37: 1 | D37: 20 | E37: 3 | F37: A.040 art. 13 | H37: =IF(AND(ISNUMBER(D37),ISNUMBER(E37)),D37*E37,IF(ISNUMBER(G37),G37,"—")) | I37: 60 | J37: =IF(AND(ISNUMBER(H37),ISNUMBER(I37)),IF(I37>=H37-0.001,"CUMPLE","NO CUMPLE"),"CONFORME") | K37: 45 | M37: =IF(AND(ISNUMBER(K37),ISNUMBER(I37)),IF(AND(ISNUMBER(L37),I37<=L37),"EN RANGO","SUPERA"),"—") | N37: 60 | O37: Con 20 personas a 3.00 m² por persona (A.040 art. 13), el área mínima es de 60.00 m², y el ambiente tiene 60.00 m². Supera la superficie sugerida por los lineamientos (45.00 m²). Taller productivo para la autonomía económica de las usuarias (lineamientos 3.7).
A38: Zona de ambientes especializados | B38: Terapia grupal | C38: 1 | D38: 5 | E38: 10 | F38: A.090 art. 11 | H38: =IF(AND(ISNUMBER(D38),ISNUMBER(E38)),D38*E38,IF(ISNUMBER(G38),G38,"—")) | I38: 50 | J38: =IF(AND(ISNUMBER(H38),ISNUMBER(I38)),IF(I38>=H38-0.001,"CUMPLE","NO CUMPLE"),"CONFORME") | K38: 15 | L38: 21 | M38: =IF(AND(ISNUMBER(K38),ISNUMBER(I38)),IF(AND(ISNUMBER(L38),I38<=L38),"EN RANGO","SUPERA"),"—") | N38: 50 | O38: Con 5 personas a 10.00 m² por persona (A.090 art. 11), el área mínima es de 50.00 m², y el ambiente tiene 50.00 m². Supera la superficie sugerida por los lineamientos (15.00 a 21.00 m²). Sesiones grupales con buena iluminación y ventilación natural (lineamientos 3.5).
A39: Zona de ambientes especializados | B39: Módulo infantil | C39: 1 | D39: 10 | E39: 2 | F39: R.V.M. 104-2019 cuadro 18 | H39: =IF(AND(ISNUMBER(D39),ISNUMBER(E39)),D39*E39,IF(ISNUMBER(G39),G39,"—")) | I39: 25 | J39: =IF(AND(ISNUMBER(H39),ISNUMBER(I39)),IF(I39>=H39-0.001,"CUMPLE","NO CUMPLE"),"CONFORME") | K39: 25 | L39: 30 | M39: =IF(AND(ISNUMBER(K39),ISNUMBER(I39)),IF(AND(ISNUMBER(L39),I39<=L39),"EN RANGO","SUPERA"),"—") | N39: 25 | O39: Con 10 personas a 2.00 m² por persona (R.V.M. 104-2019 cuadro 18), el área mínima es de 20.00 m², y el ambiente tiene 25.00 m². Se encuentra dentro de la superficie sugerida por los lineamientos (25.00 a 30.00 m²). Espacio de juego y aprendizaje para niñas y niños, acompañados por personal del hogar (lineamientos 3.2, ludoteca).
A40: Zona de ambientes especializados | B40: Módulo de enseñanza | C40: 1 | D40: 15 | E40: 2.4 | F40: R.V.M. 104-2019 cuadro 16 | H40: =IF(AND(ISNUMBER(D40),ISNUMBER(E40)),D40*E40,IF(ISNUMBER(G40),G40,"—")) | I40: 39 | J40: =IF(AND(ISNUMBER(H40),ISNUMBER(I40)),IF(I40>=H40-0.001,"CUMPLE","NO CUMPLE"),"CONFORME") | K40: 16 | L40: 21 | M40: =IF(AND(ISNUMBER(K40),ISNUMBER(I40)),IF(AND(ISNUMBER(L40),I40<=L40),"EN RANGO","SUPERA"),"—") | N40: 39 | O40: Con 15 personas a 2.40 m² por persona (R.V.M. 104-2019 cuadro 16), el área mínima es de 36.00 m², y el ambiente tiene 39.00 m². Supera la superficie sugerida por los lineamientos (16.00 a 21.00 m²). Continuidad educativa de niñas y niños (lineamientos 3.5).
A41: Zona de ambientes especializados | B41: SS.HH. mujeres | C41: 1 | F41: A.040 art. 20 (cuadro 8) | H41: =IF(AND(ISNUMBER(D41),ISNUMBER(E41)),D41*E41,IF(ISNUMBER(G41),G41,"—")) | I41: 17 | J41: =IF(AND(ISNUMBER(H41),ISNUMBER(I41)),IF(I41>=H41-0.001,"CUMPLE","NO CUMPLE"),"CONFORME") | M41: =IF(AND(ISNUMBER(K41),ISNUMBER(I41)),IF(AND(ISNUMBER(L41),I41<=L41),"EN RANGO","SUPERA"),"—") | N41: 17 | O41: A.040 cuadro 8: mujeres 1 inodoro cada 30 y 1 lavatorio cada 30.
A42: Zona de ambientes especializados | B42: SS.HH. varones | C42: 1 | F42: A.040 art. 20 (cuadro 8) | H42: =IF(AND(ISNUMBER(D42),ISNUMBER(E42)),D42*E42,IF(ISNUMBER(G42),G42,"—")) | I42: 14.5 | J42: =IF(AND(ISNUMBER(H42),ISNUMBER(I42)),IF(I42>=H42-0.001,"CUMPLE","NO CUMPLE"),"CONFORME") | M42: =IF(AND(ISNUMBER(K42),ISNUMBER(I42)),IF(AND(ISNUMBER(L42),I42<=L42),"EN RANGO","SUPERA"),"—") | N42: 14.5 | O42: A.040 cuadro 8: hombres 1 inodoro cada 60, 1 lavatorio cada 30 y 1 urinario cada 60.
A43: Zona de ambientes especializados | B43: SS.HH. discapacitados | C43: 1 | F43: A.040 art. 20.2; A.120 | H43: =IF(AND(ISNUMBER(D43),ISNUMBER(E43)),D43*E43,IF(ISNUMBER(G43),G43,"—")) | I43: 5 | J43: =IF(AND(ISNUMBER(H43),ISNUMBER(I43)),IF(I43>=H43-0.001,"CUMPLE","NO CUMPLE"),"CONFORME") | M43: =IF(AND(ISNUMBER(K43),ISNUMBER(I43)),IF(AND(ISNUMBER(L43),I43<=L43),"EN RANGO","SUPERA"),"—") | N43: 5 | O43: A.040 art. 20.2: al menos un lavatorio, un inodoro y un urinario por piso para personas con discapacidad, de uso mixto.
A44: Zona residencial
A45: Zona residencial | B45: Habitaciones simples - tipo I | C45: 3 | D45: 3 | E45: 4 | F45: A.030 art. 5 | H45: =IF(AND(ISNUMBER(D45),ISNUMBER(E45)),D45*E45,IF(ISNUMBER(G45),G45,"—")) | I45: 12 | J45: =IF(AND(ISNUMBER(H45),ISNUMBER(I45)),IF(I45>=H45-0.001,"CUMPLE","NO CUMPLE"),"CONFORME") | K45: 11 | L45: 25 | M45: =IF(AND(ISNUMBER(K45),ISNUMBER(I45)),IF(AND(ISNUMBER(L45),I45<=L45),"EN RANGO","SUPERA"),"—") | N45: 36 | O45: Con 3 personas a 4.00 m² por persona (A.030 art. 5), el área mínima es de 12.00 m², y el ambiente tiene 12.00 m². Se encuentra dentro de la superficie sugerida por los lineamientos (11.00 a 25.00 m²). Mayor que el área mínima de habitación de 6.00 m² (A.030 art. 6).
A46: Zona residencial | B46: SS.HH. hab. simple | C46: 3 | D46: 3 | F46: A.030 art. 6 | G46: 2.5 | H46: =IF(AND(ISNUMBER(D46),ISNUMBER(E46)),D46*E46,IF(ISNUMBER(G46),G46,"—")) | I46: 3 | J46: =IF(AND(ISNUMBER(H46),ISNUMBER(I46)),IF(I46>=H46-0.001,"CUMPLE","NO CUMPLE"),"CONFORME") | M46: =IF(AND(ISNUMBER(K46),ISNUMBER(I46)),IF(AND(ISNUMBER(L46),I46<=L46),"EN RANGO","SUPERA"),"—") | N46: 9 | O46: El área mínima es de 2.50 m² y el ambiente tiene 3.00 m². A.030 art. 6: servicio higiénico de 2.50 m² mínimo con inodoro, lavatorio y ducha.
A47: Zona residencial | B47: Habitaciones simples - tipo II | C47: 3 | D47: 3 | E47: 4 | F47: A.030 art. 5 | H47: =IF(AND(ISNUMBER(D47),ISNUMBER(E47)),D47*E47,IF(ISNUMBER(G47),G47,"—")) | I47: 12 | J47: =IF(AND(ISNUMBER(H47),ISNUMBER(I47)),IF(I47>=H47-0.001,"CUMPLE","NO CUMPLE"),"CONFORME") | K47: 11 | L47: 25 | M47: =IF(AND(ISNUMBER(K47),ISNUMBER(I47)),IF(AND(ISNUMBER(L47),I47<=L47),"EN RANGO","SUPERA"),"—") | N47: 36 | O47: Con 3 personas a 4.00 m² por persona (A.030 art. 5), el área mínima es de 12.00 m², y el ambiente tiene 12.00 m². Se encuentra dentro de la superficie sugerida por los lineamientos (11.00 a 25.00 m²). Mayor que el área mínima de habitación de 6.00 m² (A.030 art. 6).
A48: Zona residencial | B48: SS.HH. hab. simple - tipo II | C48: 3 | D48: 3 | F48: A.030 art. 6 | G48: 2.5 | H48: =IF(AND(ISNUMBER(D48),ISNUMBER(E48)),D48*E48,IF(ISNUMBER(G48),G48,"—")) | I48: 3 | J48: =IF(AND(ISNUMBER(H48),ISNUMBER(I48)),IF(I48>=H48-0.001,"CUMPLE","NO CUMPLE"),"CONFORME") | M48: =IF(AND(ISNUMBER(K48),ISNUMBER(I48)),IF(AND(ISNUMBER(L48),I48<=L48),"EN RANGO","SUPERA"),"—") | N48: 9 | O48: El área mínima es de 2.50 m² y el ambiente tiene 3.00 m². A.030 art. 6: servicio higiénico de 2.50 m² mínimo con inodoro, lavatorio y ducha.
A49: Zona residencial | B49: Habitaciones doble - tipo I | C49: 3 | D49: 5 | E49: 4 | F49: A.030 art. 5 | H49: =IF(AND(ISNUMBER(D49),ISNUMBER(E49)),D49*E49,IF(ISNUMBER(G49),G49,"—")) | I49: 20 | J49: =IF(AND(ISNUMBER(H49),ISNUMBER(I49)),IF(I49>=H49-0.001,"CUMPLE","NO CUMPLE"),"CONFORME") | K49: 11 | L49: 25 | M49: =IF(AND(ISNUMBER(K49),ISNUMBER(I49)),IF(AND(ISNUMBER(L49),I49<=L49),"EN RANGO","SUPERA"),"—") | N49: 60 | O49: Con 5 personas a 4.00 m² por persona (A.030 art. 5), el área mínima es de 20.00 m², y el ambiente tiene 20.00 m². Se encuentra dentro de la superficie sugerida por los lineamientos (11.00 a 25.00 m²). Mayor que el área mínima de habitación de 6.00 m² (A.030 art. 6).
A50: Zona residencial | B50: Habitaciones doble - tipo II | C50: 7 | D50: 5 | E50: 4 | F50: A.030 art. 5 | H50: =IF(AND(ISNUMBER(D50),ISNUMBER(E50)),D50*E50,IF(ISNUMBER(G50),G50,"—")) | I50: 20 | J50: =IF(AND(ISNUMBER(H50),ISNUMBER(I50)),IF(I50>=H50-0.001,"CUMPLE","NO CUMPLE"),"CONFORME") | K50: 11 | L50: 25 | M50: =IF(AND(ISNUMBER(K50),ISNUMBER(I50)),IF(AND(ISNUMBER(L50),I50<=L50),"EN RANGO","SUPERA"),"—") | N50: 140 | O50: Con 5 personas a 4.00 m² por persona (A.030 art. 5), el área mínima es de 20.00 m², y el ambiente tiene 20.00 m². Se encuentra dentro de la superficie sugerida por los lineamientos (11.00 a 25.00 m²). Mayor que el área mínima de habitación de 6.00 m² (A.030 art. 6).
A51: Zona residencial | B51: SS.HH. hab. doble compartido | C51: 7 | D51: 4 | F51: A.030 art. 6 | G51: 2.5 | H51: =IF(AND(ISNUMBER(D51),ISNUMBER(E51)),D51*E51,IF(ISNUMBER(G51),G51,"—")) | I51: 4 | J51: =IF(AND(ISNUMBER(H51),ISNUMBER(I51)),IF(I51>=H51-0.001,"CUMPLE","NO CUMPLE"),"CONFORME") | M51: =IF(AND(ISNUMBER(K51),ISNUMBER(I51)),IF(AND(ISNUMBER(L51),I51<=L51),"EN RANGO","SUPERA"),"—") | N51: 28 | O51: El área mínima es de 2.50 m² y el ambiente tiene 4.00 m². Baño completo compartido por no más de tres habitaciones (lineamientos 3.4); ver la verificación de los servicios higiénicos de la zona residencial.
A52: Zona residencial | B52: Habitaciones triple - tipo I | C52: 3 | D52: 7 | E52: 4 | F52: A.030 art. 5 | H52: =IF(AND(ISNUMBER(D52),ISNUMBER(E52)),D52*E52,IF(ISNUMBER(G52),G52,"—")) | I52: 28 | J52: =IF(AND(ISNUMBER(H52),ISNUMBER(I52)),IF(I52>=H52-0.001,"CUMPLE","NO CUMPLE"),"CONFORME") | M52: =IF(AND(ISNUMBER(K52),ISNUMBER(I52)),IF(AND(ISNUMBER(L52),I52<=L52),"EN RANGO","SUPERA"),"—") | N52: 84 | O52: Con 7 personas a 4.00 m² por persona (A.030 art. 5), el área mínima es de 28.00 m², y el ambiente tiene 28.00 m². Para núcleos familiares numerosos (lineamientos 1.6: hasta 1 mujer y 5 o más hijas o hijos).
A53: Zona residencial | B53: SS.HH. hab. triple - tipo I | C53: 3 | D53: 6 | F53: A.030 art. 6 | G53: 2.5 | H53: =IF(AND(ISNUMBER(D53),ISNUMBER(E53)),D53*E53,IF(ISNUMBER(G53),G53,"—")) | I53: 6 | J53: =IF(AND(ISNUMBER(H53),ISNUMBER(I53)),IF(I53>=H53-0.001,"CUMPLE","NO CUMPLE"),"CONFORME") | M53: =IF(AND(ISNUMBER(K53),ISNUMBER(I53)),IF(AND(ISNUMBER(L53),I53<=L53),"EN RANGO","SUPERA"),"—") | N53: 18 | O53: El área mínima es de 2.50 m² y el ambiente tiene 6.00 m². A.030 art. 6: servicio higiénico de 2.50 m² mínimo con inodoro, lavatorio y ducha.
A54: Zona residencial | B54: Habitaciones triple - tipo II | C54: 3 | D54: 7 | E54: 4 | F54: A.030 art. 5 | H54: =IF(AND(ISNUMBER(D54),ISNUMBER(E54)),D54*E54,IF(ISNUMBER(G54),G54,"—")) | I54: 28 | J54: =IF(AND(ISNUMBER(H54),ISNUMBER(I54)),IF(I54>=H54-0.001,"CUMPLE","NO CUMPLE"),"CONFORME") | M54: =IF(AND(ISNUMBER(K54),ISNUMBER(I54)),IF(AND(ISNUMBER(L54),I54<=L54),"EN RANGO","SUPERA"),"—") | N54: 84 | O54: Con 7 personas a 4.00 m² por persona (A.030 art. 5), el área mínima es de 28.00 m², y el ambiente tiene 28.00 m². Para núcleos familiares numerosos (lineamientos 1.6).
A55: Zona residencial | B55: SS.HH. hab. triple - tipo III | C55: 3 | D55: 3 | F55: A.030 art. 6 | G55: 2.5 | H55: =IF(AND(ISNUMBER(D55),ISNUMBER(E55)),D55*E55,IF(ISNUMBER(G55),G55,"—")) | I55: 6 | J55: =IF(AND(ISNUMBER(H55),ISNUMBER(I55)),IF(I55>=H55-0.001,"CUMPLE","NO CUMPLE"),"CONFORME") | M55: =IF(AND(ISNUMBER(K55),ISNUMBER(I55)),IF(AND(ISNUMBER(L55),I55<=L55),"EN RANGO","SUPERA"),"—") | N55: 18 | O55: El área mínima es de 2.50 m² y el ambiente tiene 6.00 m². A.030 art. 6: servicio higiénico de 2.50 m² mínimo con inodoro, lavatorio y ducha.
A56: Zona residencial | B56: Habitación especial | C56: 1 | D56: 3 | E56: 4 | F56: A.030 arts. 4 y 5; A.120 | H56: =IF(AND(ISNUMBER(D56),ISNUMBER(E56)),D56*E56,IF(ISNUMBER(G56),G56,"—")) | I56: 12 | J56: =IF(AND(ISNUMBER(H56),ISNUMBER(I56)),IF(I56>=H56-0.001,"CUMPLE","NO CUMPLE"),"CONFORME") | M56: =IF(AND(ISNUMBER(K56),ISNUMBER(I56)),IF(AND(ISNUMBER(L56),I56<=L56),"EN RANGO","SUPERA"),"—") | N56: 12 | O56: Con 3 personas a 4.00 m² por persona (A.030 art. 5), el área mínima es de 12.00 m², y el ambiente tiene 12.00 m². Habitación accesible para casos especiales; según la A.030 art. 4 las habitaciones accesibles se ubican en el nivel de ingreso, con las condiciones de la A.120.
A57: Zona residencial | B57: SS.HH. habitación especial | C57: 1 | D57: 3 | F57: A.030 art. 6; A.120 | G57: 2.5 | H57: =IF(AND(ISNUMBER(D57),ISNUMBER(E57)),D57*E57,IF(ISNUMBER(G57),G57,"—")) | I57: 7 | J57: =IF(AND(ISNUMBER(H57),ISNUMBER(I57)),IF(I57>=H57-0.001,"CUMPLE","NO CUMPLE"),"CONFORME") | M57: =IF(AND(ISNUMBER(K57),ISNUMBER(I57)),IF(AND(ISNUMBER(L57),I57<=L57),"EN RANGO","SUPERA"),"—") | N57: 7 | O57: El área mínima es de 2.50 m² y el ambiente tiene 7.00 m². Baño accesible de la habitación especial (A.120).
A58: Zona de servicios complementarios
A59: Zona de servicios complementarios | B59: Cocina | C59: 1 | D59: 6 | E59: 6 | F59: R.V.M. 208-2019; lineamientos 3.2 | H59: =IF(AND(ISNUMBER(D59),ISNUMBER(E59)),D59*E59,IF(ISNUMBER(G59),G59,"—")) | I59: 36 | J59: =IF(AND(ISNUMBER(H59),ISNUMBER(I59)),IF(I59>=H59-0.001,"CUMPLE","NO CUMPLE"),"CONFORME") | M59: =IF(AND(ISNUMBER(K59),ISNUMBER(I59)),IF(AND(ISNUMBER(L59),I59<=L59),"EN RANGO","SUPERA"),"—") | N59: 36 | O59: Con 6 personas a 6.00 m² por persona (R.V.M. 208-2019), el área mínima es de 36.00 m², y el ambiente tiene 36.00 m². Supera los 0.40 m² por comensal de los lineamientos (80 x 0.40 = 32.00 m²); acceso restringido a niñas y niños.
A60: Zona de servicios complementarios | B60: Despensa | C60: 1 | D60: 1 | E60: 6 | F60: R.V.M. 208-2019; lineamientos 3.2 | H60: =IF(AND(ISNUMBER(D60),ISNUMBER(E60)),D60*E60,IF(ISNUMBER(G60),G60,"—")) | I60: 6 | J60: =IF(AND(ISNUMBER(H60),ISNUMBER(I60)),IF(I60>=H60-0.001,"CUMPLE","NO CUMPLE"),"CONFORME") | M60: =IF(AND(ISNUMBER(K60),ISNUMBER(I60)),IF(AND(ISNUMBER(L60),I60<=L60),"EN RANGO","SUPERA"),"—") | N60: 6 | O60: Con 1 persona a 6.00 m² por persona (R.V.M. 208-2019), el área mínima es de 6.00 m², y el ambiente tiene 6.00 m². Con la alacena (9.00 m²) suma 15.00 m² de almacenamiento de alimentos, por encima de la superficie sugerida para la despensa (9/12 m², lineamientos 3.2).
A61: Zona de servicios complementarios | B61: Alacena | C61: 1 | D61: 1 | E61: 6 | F61: R.V.M. 208-2019 | H61: =IF(AND(ISNUMBER(D61),ISNUMBER(E61)),D61*E61,IF(ISNUMBER(G61),G61,"—")) | I61: 9 | J61: =IF(AND(ISNUMBER(H61),ISNUMBER(I61)),IF(I61>=H61-0.001,"CUMPLE","NO CUMPLE"),"CONFORME") | M61: =IF(AND(ISNUMBER(K61),ISNUMBER(I61)),IF(AND(ISNUMBER(L61),I61<=L61),"EN RANGO","SUPERA"),"—") | N61: 9 | O61: Con 1 persona a 6.00 m² por persona (R.V.M. 208-2019), el área mínima es de 6.00 m², y el ambiente tiene 9.00 m². Complementa la despensa.
A62: Zona de servicios complementarios | B62: Comedor/SUM | C62: 1 | D62: 80 | E62: 1 | F62: A.040 art. 13 | H62: =IF(AND(ISNUMBER(D62),ISNUMBER(E62)),D62*E62,IF(ISNUMBER(G62),G62,"—")) | I62: 240 | J62: =IF(AND(ISNUMBER(H62),ISNUMBER(I62)),IF(I62>=H62-0.001,"CUMPLE","NO CUMPLE"),"CONFORME") | M62: =IF(AND(ISNUMBER(K62),ISNUMBER(I62)),IF(AND(ISNUMBER(L62),I62<=L62),"EN RANGO","SUPERA"),"—") | N62: 240 | O62: Con 80 personas a 1.00 m² por persona (A.040 art. 13), el área mínima es de 80.00 m², y el ambiente tiene 240.00 m². Con 1.00 m² por residente (lineamientos 3.2), sus 240.00 m² permiten atender a la totalidad de las residentes en un solo turno.
A63: Zona de servicios complementarios | B63: Lavandería general | C63: 1 | D63: 12 | E63: 3 | F63: R.V.M. 208-2019; lineamientos 3.4 | H63: =IF(AND(ISNUMBER(D63),ISNUMBER(E63)),D63*E63,IF(ISNUMBER(G63),G63,"—")) | I63: 36 | J63: =IF(AND(ISNUMBER(H63),ISNUMBER(I63)),IF(I63>=H63-0.001,"CUMPLE","NO CUMPLE"),"CONFORME") | M63: =IF(AND(ISNUMBER(K63),ISNUMBER(I63)),IF(AND(ISNUMBER(L63),I63<=L63),"EN RANGO","SUPERA"),"—") | N63: 36 | O63: Con 12 personas a 3.00 m² por persona (R.V.M. 208-2019), el área mínima es de 36.00 m², y el ambiente tiene 36.00 m². Lavado, secado y planchado con tendido al aire libre y cubierto (lineamientos 3.4).
A64: Zona de servicios complementarios | B64: Biohuerto | C64: 7 | F64: R.V.M. 104-2019 num. 12.4.1; lineamientos 3.9 | H64: =IF(AND(ISNUMBER(D64),ISNUMBER(E64)),D64*E64,IF(ISNUMBER(G64),G64,"—")) | I64: 22 | J64: =IF(AND(ISNUMBER(H64),ISNUMBER(I64)),IF(I64>=H64-0.001,"CUMPLE","NO CUMPLE"),"CONFORME") | M64: =IF(AND(ISNUMBER(K64),ISNUMBER(I64)),IF(AND(ISNUMBER(L64),I64<=L64),"EN RANGO","SUPERA"),"—") | N64: 154 | O64: Huertos previstos en los lineamientos (3.9 y 4.4).
A65: Zona de servicios complementarios | B65: Patio cívico | C65: 1 | F65: R.V.M. 208-2019 | H65: =IF(AND(ISNUMBER(D65),ISNUMBER(E65)),D65*E65,IF(ISNUMBER(G65),G65,"—")) | I65: 222.75 | J65: =IF(AND(ISNUMBER(H65),ISNUMBER(I65)),IF(I65>=H65-0.001,"CUMPLE","NO CUMPLE"),"CONFORME") | M65: =IF(AND(ISNUMBER(K65),ISNUMBER(I65)),IF(AND(ISNUMBER(L65),I65<=L65),"EN RANGO","SUPERA"),"—") | N65: 222.75 | O65: Área exterior de reunión y recreación (lineamientos 3.9).
A66: Zona de servicios complementarios | B66: Patio de juegos | C66: 1 | F66: R.V.M. 104-2019 num. 11.3; lineamientos 3.9 | H66: =IF(AND(ISNUMBER(D66),ISNUMBER(E66)),D66*E66,IF(ISNUMBER(G66),G66,"—")) | I66: 138.95 | J66: =IF(AND(ISNUMBER(H66),ISNUMBER(I66)),IF(I66>=H66-0.001,"CUMPLE","NO CUMPLE"),"CONFORME") | M66: =IF(AND(ISNUMBER(K66),ISNUMBER(I66)),IF(AND(ISNUMBER(L66),I66<=L66),"EN RANGO","SUPERA"),"—") | N66: 138.95 | O66: Con unas 75 niñas y niños (2/3 de las residentes, lineamientos 1.6) y 2.00 m² por niño(a) (R.V.M. 104-2019) se requieren 150.00 m², cubiertos por el patio de juegos y el patio cívico (361.70 m²).
A67: Zona de servicios complementarios | B67: Área de descanso (banca + pérgola) | C67: 3 | D67: 20 | E67: 1 | F67: A.090 art. 11; lineamientos 3.9 | H67: =IF(AND(ISNUMBER(D67),ISNUMBER(E67)),D67*E67,IF(ISNUMBER(G67),G67,"—")) | I67: 44 | J67: =IF(AND(ISNUMBER(H67),ISNUMBER(I67)),IF(I67>=H67-0.001,"CUMPLE","NO CUMPLE"),"CONFORME") | M67: =IF(AND(ISNUMBER(K67),ISNUMBER(I67)),IF(AND(ISNUMBER(L67),I67<=L67),"EN RANGO","SUPERA"),"—") | N67: 132 | O67: Con 20 personas a 1.00 m² por persona (A.090 art. 11), el área mínima es de 20.00 m², y el ambiente tiene 44.00 m². Área sombreada con pérgola y bancos (lineamientos 3.9).
A68: Zona de servicios complementarios | B68: Losa multiuso | C68: 1 | F68: Lineamientos 3.9 | H68: =IF(AND(ISNUMBER(D68),ISNUMBER(E68)),D68*E68,IF(ISNUMBER(G68),G68,"—")) | I68: 809 | J68: =IF(AND(ISNUMBER(H68),ISNUMBER(I68)),IF(I68>=H68-0.001,"CUMPLE","NO CUMPLE"),"CONFORME") | K68: 420 | M68: =IF(AND(ISNUMBER(K68),ISNUMBER(I68)),IF(AND(ISNUMBER(L68),I68<=L68),"EN RANGO","SUPERA"),"—") | N68: 809 | O68: Supera la superficie sugerida por los lineamientos (420.00 m²). Permite canchas de básquet (15 x 28 m) y voleibol (9 x 18 m) (lineamientos 3.9).
A69: Zona de servicios complementarios | B69: Vestidores | C69: 1 | F69: A.040 art. 20 | H69: =IF(AND(ISNUMBER(D69),ISNUMBER(E69)),D69*E69,IF(ISNUMBER(G69),G69,"—")) | I69: 39.2 | J69: =IF(AND(ISNUMBER(H69),ISNUMBER(I69)),IF(I69>=H69-0.001,"CUMPLE","NO CUMPLE"),"CONFORME") | M69: =IF(AND(ISNUMBER(K69),ISNUMBER(I69)),IF(AND(ISNUMBER(L69),I69<=L69),"EN RANGO","SUPERA"),"—") | N69: 39.2 | O69: Servicios de la losa multiuso (A.040 art. 20).
A70: Zona de servicios complementarios | B70: Almacén de implementos deportivos | C70: 1 | F70: R.V.M. 208-2019 | H70: =IF(AND(ISNUMBER(D70),ISNUMBER(E70)),D70*E70,IF(ISNUMBER(G70),G70,"—")) | I70: 20.5 | J70: =IF(AND(ISNUMBER(H70),ISNUMBER(I70)),IF(I70>=H70-0.001,"CUMPLE","NO CUMPLE"),"CONFORME") | M70: =IF(AND(ISNUMBER(K70),ISNUMBER(I70)),IF(AND(ISNUMBER(L70),I70<=L70),"EN RANGO","SUPERA"),"—") | N70: 20.5 | O70: Guardado de implementos deportivos.
A71: Zona de servicios generales
A72: Zona de servicios generales | B72: Almacén de donaciones | C72: 1 | D72: 3 | F72: Lineamientos 3.4 | H72: =IF(AND(ISNUMBER(D72),ISNUMBER(E72)),D72*E72,IF(ISNUMBER(G72),G72,"—")) | I72: 25 | J72: =IF(AND(ISNUMBER(H72),ISNUMBER(I72)),IF(I72>=H72-0.001,"CUMPLE","NO CUMPLE"),"CONFORME") | M72: =IF(AND(ISNUMBER(K72),ISNUMBER(I72)),IF(AND(ISNUMBER(L72),I72<=L72),"EN RANGO","SUPERA"),"—") | N72: 25 | O72: Almacén de donativos en especie, de acceso solo del personal (lineamientos 3.4).
A73: Zona de servicios generales | B73: Almacén general y de limpieza | C73: 1 | D73: 2 | F73: R.V.M. 104-2019 num. 13.3.1 | G73: 10 | H73: =IF(AND(ISNUMBER(D73),ISNUMBER(E73)),D73*E73,IF(ISNUMBER(G73),G73,"—")) | I73: 17.6 | J73: =IF(AND(ISNUMBER(H73),ISNUMBER(I73)),IF(I73>=H73-0.001,"CUMPLE","NO CUMPLE"),"CONFORME") | M73: =IF(AND(ISNUMBER(K73),ISNUMBER(I73)),IF(AND(ISNUMBER(L73),I73<=L73),"EN RANGO","SUPERA"),"—") | N73: 17.6 | O73: El área mínima es de 10.00 m² y el ambiente tiene 17.60 m². R.V.M. 104-2019: almacén general no menor de 10.00 m²; productos de limpieza bajo llave (lineamientos 2.5).
A74: Zona de servicios generales | B74: Maestranza | C74: 1 | D74: 4 | E74: 3 | F74: R.V.M. 208-2019 | H74: =IF(AND(ISNUMBER(D74),ISNUMBER(E74)),D74*E74,IF(ISNUMBER(G74),G74,"—")) | I74: 15 | J74: =IF(AND(ISNUMBER(H74),ISNUMBER(I74)),IF(I74>=H74-0.001,"CUMPLE","NO CUMPLE"),"CONFORME") | M74: =IF(AND(ISNUMBER(K74),ISNUMBER(I74)),IF(AND(ISNUMBER(L74),I74<=L74),"EN RANGO","SUPERA"),"—") | N74: 15 | O74: Con 4 personas a 3.00 m² por persona (R.V.M. 208-2019), el área mínima es de 12.00 m², y el ambiente tiene 15.00 m². Mantenimiento del local.
A75: Zona de servicios generales | B75: Almacén de residuos sólidos | C75: 1 | D75: 3 | F75: A.080 art. 23; R.V.M. 104-2019 num. 13.3.4 | G75: 6 | H75: =IF(AND(ISNUMBER(D75),ISNUMBER(E75)),D75*E75,IF(ISNUMBER(G75),G75,"—")) | I75: 25 | J75: =IF(AND(ISNUMBER(H75),ISNUMBER(I75)),IF(I75>=H75-0.001,"CUMPLE","NO CUMPLE"),"CONFORME") | M75: =IF(AND(ISNUMBER(K75),ISNUMBER(I75)),IF(AND(ISNUMBER(L75),I75<=L75),"EN RANGO","SUPERA"),"—") | N75: 25 | O75: El área mínima es de 6.00 m² y el ambiente tiene 25.00 m². Ambiente cerrado con punto de agua y sumidero (R.V.M. 104-2019), con acceso desde el zaguán de servicio y contenedores diferenciados (lineamientos 3.4).
A76: Zona de servicios generales | B76: Tablero eléctrico | C76: 1 | D76: 2 | F76: EM.010; R.V.M. 104-2019 num. 13.3.6 | H76: =IF(AND(ISNUMBER(D76),ISNUMBER(E76)),D76*E76,IF(ISNUMBER(G76),G76,"—")) | I76: 6 | J76: =IF(AND(ISNUMBER(H76),ISNUMBER(I76)),IF(I76>=H76-0.001,"CUMPLE","NO CUMPLE"),"CONFORME") | M76: =IF(AND(ISNUMBER(K76),ISNUMBER(I76)),IF(AND(ISNUMBER(L76),I76<=L76),"EN RANGO","SUPERA"),"—") | N76: 6 | O76: Fuera del alcance de niñas y niños (R.V.M. 104-2019 num. 13.3.6).
A77: Zona de servicios generales | B77: Cuarto de máquinas | C77: 1 | D77: 2 | F77: R.V.M. 104-2019 num. 13.3.3 | H77: =IF(AND(ISNUMBER(D77),ISNUMBER(E77)),D77*E77,IF(ISNUMBER(G77),G77,"—")) | I77: 8 | J77: =IF(AND(ISNUMBER(H77),ISNUMBER(I77)),IF(I77>=H77-0.001,"CUMPLE","NO CUMPLE"),"CONFORME") | M77: =IF(AND(ISNUMBER(K77),ISNUMBER(I77)),IF(AND(ISNUMBER(L77),I77<=L77),"EN RANGO","SUPERA"),"—") | N77: 8 | O77: Acceso solo del personal autorizado.
A78: Zona de servicios generales | B78: Garita + SS.HH. | C78: 1 | D78: 1 | E78: 3 | F78: R.V.M. 208-2019; lineamientos 2.4 | H78: =IF(AND(ISNUMBER(D78),ISNUMBER(E78)),D78*E78,IF(ISNUMBER(G78),G78,"—")) | I78: 10 | J78: =IF(AND(ISNUMBER(H78),ISNUMBER(I78)),IF(I78>=H78-0.001,"CUMPLE","NO CUMPLE"),"CONFORME") | M78: =IF(AND(ISNUMBER(K78),ISNUMBER(I78)),IF(AND(ISNUMBER(L78),I78<=L78),"EN RANGO","SUPERA"),"—") | N78: 10 | O78: Con 1 persona a 3.00 m² por persona (R.V.M. 208-2019), el área mínima es de 3.00 m², y el ambiente tiene 10.00 m². Caseta de control de los accesos de servicio (lineamientos 2.4).
A79: Zona de servicios generales | B79: Subestación | C79: 1 | D79: 2 | F79: EM.010; Código Nacional de Electricidad | H79: =IF(AND(ISNUMBER(D79),ISNUMBER(E79)),D79*E79,IF(ISNUMBER(G79),G79,"—")) | I79: 10 | J79: =IF(AND(ISNUMBER(H79),ISNUMBER(I79)),IF(I79>=H79-0.001,"CUMPLE","NO CUMPLE"),"CONFORME") | M79: =IF(AND(ISNUMBER(K79),ISNUMBER(I79)),IF(AND(ISNUMBER(L79),I79<=L79),"EN RANGO","SUPERA"),"—") | N79: 10 | O79: Suministro eléctrico del local.
A80: Zona de servicios generales | B80: Grupo electrógeno | C80: 1 | D80: 2 | F80: EM.010; A.030 anexos | H80: =IF(AND(ISNUMBER(D80),ISNUMBER(E80)),D80*E80,IF(ISNUMBER(G80),G80,"—")) | I80: 9 | J80: =IF(AND(ISNUMBER(H80),ISNUMBER(I80)),IF(I80>=H80-0.001,"CUMPLE","NO CUMPLE"),"CONFORME") | M80: =IF(AND(ISNUMBER(K80),ISNUMBER(I80)),IF(AND(ISNUMBER(L80),I80<=L80),"EN RANGO","SUPERA"),"—") | N80: 9 | O80: Energía de respaldo en ambiente separado (A.030, anexos).
A81: Circulación
A82: Circulación | B82: Circulaciones | C82: 1 | F82: A.030 art. 4; A.130 | H82: =IF(AND(ISNUMBER(D82),ISNUMBER(E82)),D82*E82,IF(ISNUMBER(G82),G82,"—")) | I82: 2267.8 | J82: =IF(AND(ISNUMBER(H82),ISNUMBER(I82)),IF(I82>=H82-0.001,"CUMPLE","NO CUMPLE"),"CONFORME") | M82: =IF(AND(ISNUMBER(K82),ISNUMBER(I82)),IF(AND(ISNUMBER(L82),I82<=L82),"EN RANGO","SUPERA"),"—") | N82: 2267.8 | O82: Pasajes y escaleras de 1.20 m de ancho libre mínimo (A.030 art. 4) y evacuación según la A.130.

Sheet RESIDENCIAL
A1: ZONA RESIDENCIAL: PLAZAS Y SERVICIOS HIGIÉNICOS (A.030 Y LINEAMIENTOS)
A2: Proyecto: “CREACIÓN DEL SERVICIO DE PROTECCIÓN A MUJERES VÍCTIMAS DE VIOLENCIA EN SITUACIÓN DE RIESGO DE FEMINICIDIO O PELIGRE SU INTEGRIDAD Y/O SALUD FÍSICA Y/O MENTAL EN HOGAR DE REFUGIO TEMPORAL DISTRITO DE MORALES DE LA PROVINCIA DE SAN MARTÍN DEL DEPARTAMENTO DE SAN MARTÍN”, CUI N.° 2675514
A4: HABITACIÓN | B4: CANT. | C4: CAPACIDAD | D4: PLAZAS | E4: ÁREA UNIT. (m²) | F4: m² POR PERSONA | G4: BAÑO PRIVADO
A5: Habitaciones simples - tipo I | B5: 3 | C5: 3 | D5: =B5*C5 | E5: 12 | F5: =E5/C5 | G5: SÍ
A6: Habitaciones simples - tipo II | B6: 3 | C6: 3 | D6: =B6*C6 | E6: 12 | F6: =E6/C6 | G6: SÍ
A7: Habitaciones doble - tipo I | B7: 3 | C7: 5 | D7: =B7*C7 | E7: 20 | F7: =E7/C7 | G7: NO
A8: Habitaciones doble - tipo II | B8: 7 | C8: 5 | D8: =B8*C8 | E8: 20 | F8: =E8/C8 | G8: NO
A9: Habitaciones triple - tipo I | B9: 3 | C9: 7 | D9: =B9*C9 | E9: 28 | F9: =E9/C9 | G9: SÍ
A10: Habitaciones triple - tipo II | B10: 3 | C10: 7 | D10: =B10*C10 | E10: 28 | F10: =E10/C10 | G10: SÍ
A11: Habitación especial | B11: 1 | C11: 3 | D11: =B11*C11 | E11: 12 | F11: =E11/C11 | G11: SÍ
A12: TOTAL | B12: =SUM(B5:B11) | D12: =SUM(D5:D11)
A14: CRITERIO | B14: REQUERIDO | C14: PROGRAMA | D14: RESULTADO
A15: Habitaciones con baño privado (%) - A.030 art. 6 num. 6 | B15: 50 | C15: =SUMIF(G5:G11,"SÍ",B5:B11)/B12*100 | D15: =IF(C15>=B15,"CUMPLE","NO CUMPLE")
A16: SS.HH. comunes: 2 por cada 4 habitaciones sin baño - A.030 art. 6 num. 7 | B16: =2*ROUNDUP(SUMIF(G5:G11,"NO",B5:B11)/4,0) | C16: 7 | D16: =IF(C16>=B16,"CUMPLE","NO CUMPLE")
A17: Baño compartido por un máximo de 3 habitaciones - lineamientos 3.4 | B17: =ROUNDUP(SUMIF(G5:G11,"NO",B5:B11)/3,0) | C17: 7 | D17: =IF(C17>=B17,"CUMPLE","NO CUMPLE")
A18: Patio exterior: 2.00 m² por niño(a), 2/3 de las plazas - R.V.M. 104-2019 num. 11.3; lineamientos 1.6 | B18: =ROUND(D12*2/3,0)*2 | C18: 361.7 | D18: =IF(C18>=B18,"CUMPLE","NO CUMPLE")
A19: Comedor: 1.00 m² por residente - lineamientos 3.2 | B19: =D12*1 | C19: 240 | D19: =IF(C19>=B19,"CUMPLE","NO CUMPLE")

Sheet INDICES
A1: ÍNDICES DE OCUPACIÓN DE LAS NORMAS
A2: Proyecto: “CREACIÓN DEL SERVICIO DE PROTECCIÓN A MUJERES VÍCTIMAS DE VIOLENCIA EN SITUACIÓN DE RIESGO DE FEMINICIDIO O PELIGRE SU INTEGRIDAD Y/O SALUD FÍSICA Y/O MENTAL EN HOGAR DE REFUGIO TEMPORAL DISTRITO DE MORALES DE LA PROVINCIA DE SAN MARTÍN DEL DEPARTAMENTO DE SAN MARTÍN”, CUI N.° 2675514
A4: CLAVE | B4: NORMA | C4: TEXTO DEL ARTÍCULO | D4: ÍNDICE
A5: A080 | B5: A.080 art. 6 | C5: El número de ocupantes de una edificación de oficinas se calculará a razón de una persona cada 9.5 m2. | D5: 9.5
A6: A090of | B6: A.090 art. 11 | C6: Ambientes para oficinas administrativas: 10.0 m2 por persona. | D6: 10
A7: A090reu | B7: A.090 art. 11 | C7: Ambientes de reunión: 1.0 m2 por persona. | D7: 1
A8: A090asi | B8: A.090 art. 11 | C8: Asilos y orfanatos: 6.0 m2 por persona. | D8: 6
A9: A090est | B9: A.090 art. 11 | C9: Estacionamientos de uso general: 16.0 m2 por persona. | D9: 16
A10: A030alb | B10: A.030 art. 5 | C10: Albergue: 04.0 m² por persona. | D10: 4
A11: A030eh | B11: A.030 art. 5 | C11: Establecimientos de hospedaje: 12.0 m² por persona. | D11: 12
A12: A040tal | B12: A.040 art. 13 | C12: Talleres y laboratorios: 3.0 m² por persona. | D12: 3
A13: A040sum | B13: A.040 art. 13 | C13: Salas de usos múltiples: 1.0 m² por persona. | D13: 1
A14: A040aula | B14: A.040 art. 13 | C14: Aulas: 1.5 m² por persona. | D14: 1.5
A15: R104aula | B15: R.V.M. 104-2019 cuadro 16 | C15: Aula de Ciclo II: capacidad 25 niños(as), I.O. 2.40 m², área 60.00 m². | D15: 2.4
A16: R104psi | B16: R.V.M. 104-2019 cuadro 18 | C16: Sala de psicomotricidad: capacidad 25 niños(as), I.O. 2.00 m², área 50.00 m². | D16: 2
... A20: R104reu | B20: R.V.M. 104-2019 num. 13.1.4 | C20: Sala de reuniones: I.O. de 1.50 m² por personal docente; no menor de 12.00 m². | D20: 1.5

Sheet NORMAS
A1: MARCO NORMATIVO
A2: Proyecto: “CREACIÓN DEL SERVICIO DE PROTECCIÓN A MUJERES VÍCTIMAS DE VIOLENCIA EN SITUACIÓN DE RIESGO DE FEMINICIDIO O PELIGRE SU INTEGRIDAD Y/O SALUD FÍSICA Y/O MENTAL EN HOGAR DE REFUGIO TEMPORAL DISTRITO DE MORALES DE LA PROVINCIA DE SAN MARTÍN DEL DEPARTAMENTO DE SAN MARTÍN”, CUI N.° 2675514
A4: GRUPO | B4: NORMA | C4: DISPOSITIVOS | D4: APLICACIÓN
A5: Marco legal del servicio | B5: Ley N.° 30364, Ley para prevenir, sancionar y erradicar la violencia contra las mujeres y los integrantes del grupo familiar, y su Reglamento (D.S. N.° 009-2016-MIMP y modificatorias) | C5: Ley y reglamento | D5: Marco del servicio de Hogares de Refugio Temporal: creación, implementación, registro y acreditación.
A6: Marco legal del servicio | B6: Ley N.° 31621 y su Reglamento (D.S. N.° 005-2023-MIMP) | C6: Ley y reglamento | D6: Promueve la implementación y el funcionamiento de los Hogares de Refugio Temporal por los gobiernos regionales y locales.
A7: Marco legal del servicio | B7: R.M. N.° 150-2016-MIMP: Lineamientos para la atención y funcionamiento de los Hogares de Refugio Temporal, criterios de derivación y modelo de reglamento interno | C7: Resolución ministerial | D7: Organización del servicio y de la atención; base de la programación funcional.
A8: Reglamento Nacional de Edificaciones | B8: Norma Técnica A.030 Hospedaje (R.M. N.° 005-2019-VIVIENDA) | C8: Arts. 4, 5 y 6; Anexos 1, 3 y 4 | D8: Zona residencial: cálculo de ocupantes (albergue 4.0 m²/persona), área mínima de habitación (6.00 m²), servicios higiénicos (2.50 m² mínimo, 50 % de habitaciones con baño privado), pasajes de 1.20 m.
A9: Reglamento Nacional de Edificaciones | B9: Norma Técnica A.040 Educación (R.M. N.° 068-2020-VIVIENDA) | C9: Arts. 13 y 20 | D9: Talleres, módulo de enseñanza, SUM y sus servicios higiénicos: índices de ocupación y dotación de aparatos sanitarios.
A10: Reglamento Nacional de Edificaciones | B10: Norma A.080 Oficinas (D.S. N.° 011-2006-VIVIENDA) | C10: Arts. 3, 6, 7, 9, 15 y 23 | D10: Zona administrativa: 9.5 m² por persona, altura libre 2.40 m, servicios para empleados, ambiente para basura.
A11: Reglamento Nacional de Edificaciones | B11: Norma A.090 Servicios Comunales (D.S. N.° 011-2006-VIVIENDA) | C11: Arts. 2, 6, 10, 11, 15, 16 y 17 | D11: Uso de protección social; tabla de ocupación (oficinas 10.0, asilos y orfanatos 6.0, reunión 1.0 m²/persona), servicios higiénicos para empleados y público, estacionamientos.
A12: Reglamento Nacional de Edificaciones | B12: Normas A.010 Condiciones generales de diseño, A.120 Accesibilidad universal y A.130 Requisitos de seguridad | C12: Exigidas por A.080 (arts. 3 y 9), A.090 (arts. 6 y 10) y A.030 (art. 4) | D12: Ventilación, iluminación, accesibilidad para personas con discapacidad, evacuación y seguridad.
A13: Normas del MINEDU | B13: R.V.M. N.° 104-2019-MINEDU, Norma Técnica "Criterios de diseño para locales educativos del nivel de Educación Inicial" | C13: Arts. 10, 12 y 13; cuadros 7, 16, 18, 19, 21 y 22 | D13: Módulo infantil, módulo de enseñanza, ambientes administrativos, tópico, archivo, almacén y servicios generales.
A14: Normas del MINEDU | B14: R.V.M. N.° 208-2019-MINEDU, Norma Técnica "Criterios de diseño para locales educativos de primaria y secundaria" | C14: Programación arquitectónica | D14: Índices citados en la programación para cocina, comedor/SUM, lavandería, patios, losa y servicios generales.
A15: Referencia internacional | B15: Lineamientos arquitectónicos para el diseño y construcción de refugios especializados para mujeres, sus hijas e hijos, víctimas de violencia extrema, familiar y/o de género (ONU-Habitat / CONAVIM, México, 2016) | C15: Capítulos I a IV | D15: Buena práctica: programa funcional en ocho áreas, superficies sugeridas por ambiente, seguridad, accesos, accesibilidad, diseño bioclimático y ecotecnias.

Sheet RESUMEN
A1: RESULTADO POR ZONA
A2: Proyecto: “CREACIÓN DEL SERVICIO DE PROTECCIÓN A MUJERES VÍCTIMAS DE VIOLENCIA EN SITUACIÓN DE RIESGO DE FEMINICIDIO O PELIGRE SU INTEGRIDAD Y/O SALUD FÍSICA Y/O MENTAL EN HOGAR DE REFUGIO TEMPORAL DISTRITO DE MORALES DE LA PROVINCIA DE SAN MARTÍN DEL DEPARTAMENTO DE SAN MARTÍN”, CUI N.° 2675514
A4: ZONA | B4: AMBIENTES | C4: CUMPLE | D4: CONFORME | E4: ÁREA PROYECTO (m²)
A5: Zona de obras exteriores | B5: =COUNTIFS(MATRIZ!$A$6:$A$82,A5,MATRIZ!$B$6:$B$82,"?*") | C5: =COUNTIFS(MATRIZ!$A$6:$A$82,A5,MATRIZ!$J$6:$J$82,"CUMPLE") | D5: =COUNTIFS(MATRIZ!$A$6:$A$82,A5,MATRIZ!$J$6:$J$82,"CONFORME") | E5: =SUMIF(MATRIZ!$A$6:$A$82,A5,MATRIZ!$N$6:$N$82)
A6: Zona administrativa | B6: =COUNTIFS(MATRIZ!$A$6:$A$82,A6,MATRIZ!$B$6:$B$82,"?*") | C6: =COUNTIFS(MATRIZ!$A$6:$A$82,A6,MATRIZ!$J$6:$J$82,"CUMPLE") | D6: =COUNTIFS(MATRIZ!$A$6:$A$82,A6,MATRIZ!$J$6:$J$82,"CONFORME") | E6: =SUMIF(MATRIZ!$A$6:$A$82,A6,MATRIZ!$N$6:$N$82)
A7: Zona de ambientes especializados | B7: =COUNTIFS(MATRIZ!$A$6:$A$82,A7,MATRIZ!$B$6:$B$82,"?*") | C7: =COUNTIFS(MATRIZ!$A$6:$A$82,A7,MATRIZ!$J$6:$J$82,"CUMPLE") | D7: =COUNTIFS(MATRIZ!$A$6:$A$82,A7,MATRIZ!$J$6:$J$82,"CONFORME") | E7: =SUMIF(MATRIZ!$A$6:$A$82,A7,MATRIZ!$N$6:$N$82)
A8: Zona residencial | B8: =COUNTIFS(MATRIZ!$A$6:$A$82,A8,MATRIZ!$B$6:$B$82,"?*") | C8: =COUNTIFS(MATRIZ!$A$6:$A$82,A8,MATRIZ!$J$6:$J$82,"CUMPLE") | D8: =COUNTIFS(MATRIZ!$A$6:$A$82,A8,MATRIZ!$J$6:$J$82,"CONFORME") | E8: =SUMIF(MATRIZ!$A$6:$A$82,A8,MATRIZ!$N$6:$N$82)
A9: Zona de servicios complementarios | B9: =COUNTIFS(MATRIZ!$A$6:$A$82,A9,MATRIZ!$B$6:$B$82,"?*") | C9: =COUNTIFS(MATRIZ!$A$6:$A$82,A9,MATRIZ!$J$6:$J$82,"CUMPLE") | D9: =COUNTIFS(MATRIZ!$A$6:$A$82,A9,MATRIZ!$J$6:$J$82,"CONFORME") | E9: =SUMIF(MATRIZ!$A$6:$A$82,A9,MATRIZ!$N$6:$N$82)
A10: Zona de servicios generales | B10: =COUNTIFS(MATRIZ!$A$6:$A$82,A10,MATRIZ!$B$6:$B$82,"?*") | C10: =COUNTIFS(MATRIZ!$A$6:$A$82,A10,MATRIZ!$J$6:$J$82,"CUMPLE") | D10: =COUNTIFS(MATRIZ!$A$6:$A$82,A10,MATRIZ!$J$6:$J$82,"CONFORME") | E10: =SUMIF(MATRIZ!$A$6:$A$82,A10,MATRIZ!$N$6:$N$82)
A11: Circulación | B11: =COUNTIFS(MATRIZ!$A$6:$A$82,A11,MATRIZ!$B$6:$B$82,"?*") | C11: =COUNTIFS(MATRIZ!$A$6:$A$82,A11,MATRIZ!$J$6:$J$82,"CUMPLE") | D11: =COUNTIFS(MATRIZ!$A$6:$A$82,A11,MATRIZ!$J$6:$J$82,"CONFORME") | E11: =SUMIF(MATRIZ!$A$6:$A$82,A11,MATRIZ!$N$6:$N$82)
A12: TOTAL | B12: =SUM(B5:B11) | C12: =SUM(C5:C11) | D12: =SUM(D5:D11) | E12: =SUM(E5:E11)
