Workbook

Sheet RESUMEN
A1: RESUMEN DE METRADOS - SEÑALIZACIÓN Y SEGURIDAD
A2: PROYECTO | B2: “CREACIÓN DEL SERVICIO DE PROTECCIÓN A MUJERES VÍCTIMAS DE VIOLENCIA EN SITUACIÓN DE RIESGO DE FEMINICIDIO O PELIGRE SU INTEGRIDAD Y/O SALUD FÍSICA Y/O MENTAL EN HOGAR DE REFUGIO TEMPORAL DISTRITO DE MORALES DE LA PROVINCIA DE SAN MARTÍN DEL DEPARTAMENTO DE SAN MARTÍN”
A3: CUI | B3: N.° 2675514
A4: ESPECIALIDAD | B4: ARQUITECTURA - SEÑALIZACIÓN Y SEGURIDAD
A5: UBICACIÓN | B5: Distrito de Morales, provincia y departamento de San Martín
A6: LÁMINAS | B6: SE-E-01 Planta general de evacuación (esc. 1/150) y SE-S-02 Planta general de señalización (esc. 1/150)
A7: FECHA | B7: OCTUBRE 2026
A9: ITEM | B9: DESCRIPCIÓN | C9: UND | D9: METRADO
A10: 01 | B10: SEÑALIZACIÓN Y SEGURIDAD
A11: 01.01 | B11: SEÑALES DE EVACUACIÓN Y EMERGENCIA
A12: 01.01.01 | B12: SEÑAL DE SALIDA CON BRAILLE | C12: und | D12: ='METRADO'!O12
A13: 01.01.02 | B13: SEÑAL DE DIRECCIÓN DE EVACUACIÓN | C13: und | D13: ='METRADO'!O13
A14: 01.01.03 | B14: SEÑAL DE ZONA SEGURA EN CASO DE SISMO CON BRAILLE | C14: und | D14: ='METRADO'!O14
A15: 01.01.04 | B15: LETRERO DE AFORO CON BRAILLE | C15: und | D15: ='METRADO'!O15
A16: 01.02 | B16: SEÑALES DE EQUIPOS CONTRA INCENDIO
A17: 01.02.01 | B17: SEÑAL DE UBICACIÓN DE EXTINTOR PQS CON BRAILLE | C17: und | D17: ='METRADO'!O17
A18: 01.03 | B18: SEÑALES DE ADVERTENCIA
A19: 01.03.01 | B19: SEÑAL DE ATENCIÓN RIESGO ELÉCTRICO CON BRAILLE | C19: und | D19: ='METRADO'!O19
A20: 01.04 | B20: SEÑALES INFORMATIVAS
A21: 01.04.01 | B21: SEÑAL DE SERVICIOS HIGIÉNICOS PARA PERSONAS CON DISCAPACIDAD CON BRAILLE | C21: und | D21: ='METRADO'!O21
A22: 01.04.02 | B22: SEÑAL DE SERVICIOS HIGIÉNICOS MIXTO CON BRAILLE | C22: und | D22: ='METRADO'!O22
A23: 01.04.03 | B23: SEÑAL DE SERVICIOS HIGIÉNICOS MUJER CON BRAILLE | C23: und | D23: ='METRADO'!O23
A24: 01.04.04 | B24: SEÑAL DE SERVICIOS HIGIÉNICOS VARÓN CON BRAILLE | C24: und | D24: ='METRADO'!O24
A25: 01.04.05 | B25: SEÑAL DE PUNTO ECOLÓGICO CON BRAILLE | C25: und | D25: ='METRADO'!O25
A26: 01.05 | B26: EQUIPOS DE PROTECCIÓN CONTRA INCENDIO Y EMERGENCIA
A27: 01.05.01 | B27: EXTINTOR DE POLVO QUÍMICO SECO (PQS) TIPO ABC DE 9 kg | C27: und | D27: ='METRADO'!O27
A28: 01.05.02 | B28: UNIDAD DE LUCES DE EMERGENCIA | C28: und | D28: ='METRADO'!O28
A29: 01.05.03 | B29: DETECTOR DE HUMO | C29: und | D29: ='METRADO'!O29

Sheet METRADO
A1: METRADO DE SEÑALIZACIÓN Y SEGURIDAD POR EDIFICACIÓN
A2: PROYECTO | B2: “CREACIÓN DEL SERVICIO DE PROTECCIÓN A MUJERES VÍCTIMAS DE VIOLENCIA EN SITUACIÓN DE RIESGO DE FEMINICIDIO O PELIGRE SU INTEGRIDAD Y/O SALUD FÍSICA Y/O MENTAL EN HOGAR DE REFUGIO TEMPORAL DISTRITO DE MORALES DE LA PROVINCIA DE SAN MARTÍN DEL DEPARTAMENTO DE SAN MARTÍN”
A3: CUI | B3: N.° 2675514
A4: ESPECIALIDAD | B4: ARQUITECTURA - SEÑALIZACIÓN Y SEGURIDAD
A5: UBICACIÓN | B5: Distrito de Morales, provincia y departamento de San Martín
A6: LÁMINAS | B6: SE-E-01 Planta general de evacuación (esc. 1/150) y SE-S-02 Planta general de señalización (esc. 1/150)
A7: FECHA | B7: OCTUBRE 2026
A9: ITEM | B9: DESCRIPCIÓN | C9: UND | D9: E-01 | E9: E-02 | F9: E-03 | G9: E-04 | H9: E-05 | I9: E-06 | J9: E-07 | K9: E-08 | L9: E-09 | M9: EXT | N9: SIN UBICAR | O9: TOTAL | P9: LEYENDA SE-S-02 | Q9: DIFERENCIA | R9: FUENTE DE LA CANTIDAD
D10: Administración | E10: Almacén de donaciones y tópico | F10: Mantenimiento | G10: Talleres | H10: SUM-comedor, cocina, lavandería, módulo de enseñanza y módulo infantil | I10: Habitaciones (1) | J10: Habitaciones (2) | K10: Habitaciones (3) | L10: Vestidores y almacén de implementos deportivos | M10: Exteriores
A11: 01 | B11: SEÑALES DE EVACUACIÓN Y EMERGENCIA
A12: 01.01 | B12: SEÑAL DE SALIDA CON BRAILLE | C12: und | D12: 3 | E12: 3 | F12: 5 | G12: 7 | H12: 6 | I12: 6 | J12: 12 | K12: 6 | L12: 1 | O12: =SUM(D12:N12) | P12: 49 | Q12: =O12-P12 | R12: Planta de SE-S-02: símbolos dibujados; leyenda: 49
A13: 01.02 | B13: SEÑAL DE DIRECCIÓN DE EVACUACIÓN | C13: und | D13: 12 | E13: 4 | G13: 20 | H13: 10 | I13: 5 | J13: 7 | K13: 5 | O13: =SUM(D13:N13) | P13: 63 | Q13: =O13-P13 | R13: Planta de SE-S-02: símbolos dibujados; leyenda: 63
A14: 01.03 | B14: SEÑAL DE ZONA SEGURA EN CASO DE SISMO CON BRAILLE | C14: und | D14: 28 | E14: 12 | F14: 14 | G14: 37 | H14: 22 | I14: 20 | J14: 45 | K14: 20 | L14: 11 | O14: =SUM(D14:N14) | P14: 210 | Q14: =O14-P14 | R14: Planta de SE-S-02: símbolos dibujados; leyenda: 210
A15: 01.04 | B15: LETRERO DE AFORO CON BRAILLE | C15: und | D15: 13 | E15: 4 | F15: 5 | G15: 5 | H15: 4 | I15: 6 | J15: 12 | K15: 6 | O15: =SUM(D15:N15) | P15: 55 | Q15: =O15-P15 | R15: Planta de SE-S-02: símbolos dibujados; leyenda: 55
A16: 02 | B16: SEÑALES DE EQUIPOS CONTRA INCENDIO
A17: 02.01 | B17: SEÑAL DE UBICACIÓN DE EXTINTOR PQS CON BRAILLE | C17: und | D17: 3 | E17: 5 | F17: 3 | G17: 2 | H17: 3 | I17: 4 | J17: 8 | K17: 4 | L17: 1 | O17: =SUM(D17:N17) | P17: 44 | Q17: =O17-P17 | R17: Planta de SE-S-02: símbolos dibujados; leyenda: 44
A18: 03 | B18: SEÑALES DE ADVERTENCIA
A19: 03.01 | B19: SEÑAL DE ATENCIÓN RIESGO ELÉCTRICO CON BRAILLE | C19: und | N19: 39 | O19: =SUM(D19:N19) | P19: 38 | Q19: =O19-P19 | R19: Imagen pegada en el DXF (sin ubicación): 39 imágenes en el espacio modelo; leyenda: 38
A20: 04 | B20: SEÑALES INFORMATIVAS
A21: 04.01 | B21: SEÑAL DE SERVICIOS HIGIÉNICOS PARA PERSONAS CON DISCAPACIDAD CON BRAILLE | C21: und | D21: 1 | G21: 1 | I21: 1 | O21: =SUM(D21:N21) | P21: 3 | Q21: =O21-P21 | R21: Planta de SE-S-02: símbolos dibujados; leyenda: 3
A22: 04.02 | B22: SEÑAL DE SERVICIOS HIGIÉNICOS MIXTO CON BRAILLE | C22: und | D22: 1 | I22: 3 | J22: 11 | K22: 4 | M22: 1 | O22: =SUM(D22:N22) | P22: 20 | Q22: =O22-P22 | R22: Planta de SE-S-02: símbolos dibujados; leyenda: 20
A23: 04.03 | B23: SEÑAL DE SERVICIOS HIGIÉNICOS MUJER CON BRAILLE | C23: und | D23: 1 | G23: 1 | L23: 1 | O23: =SUM(D23:N23) | P23: 3 | Q23: =O23-P23 | R23: Planta de SE-S-02: símbolos dibujados; leyenda: 3
A24: 04.04 | B24: SEÑAL DE SERVICIOS HIGIÉNICOS VARÓN CON BRAILLE | C24: und | D24: 1 | G24: 1 | L24: 1 | O24: =SUM(D24:N24) | P24: 3 | Q24: =O24-P24 | R24: Planta de SE-S-02: símbolos dibujados; leyenda: 3
A25: 04.05 | B25: SEÑAL DE PUNTO ECOLÓGICO CON BRAILLE | C25: und | M25: 4 | O25: =SUM(D25:N25) | P25: 0 | Q25: =O25-P25 | R25: Planta de SE-S-02: símbolos dibujados; leyenda: 0
A26: 05 | B26: EQUIPOS DE PROTECCIÓN CONTRA INCENDIO Y EMERGENCIA
A27: 05.01 | B27: EXTINTOR DE POLVO QUÍMICO SECO (PQS) TIPO ABC DE 9 kg | C27: und | D27: 3 | E27: 5 | F27: 3 | G27: 2 | H27: 3 | I27: 4 | J27: 8 | K27: 4 | L27: 1 | O27: =SUM(D27:N27) | P27: 44 | Q27: =O27-P27 | R27: Planta de SE-S-02: símbolos dibujados; leyenda: 44
A28: 05.02 | B28: UNIDAD DE LUCES DE EMERGENCIA | C28: und | D28: 17 | E28: 3 | F28: 9 | G28: 19 | H28: 17 | I28: 12 | J28: 21 | K28: 12 | L28: 5 | O28: =SUM(D28:N28) | P28: 77 | Q28: =O28-P28 | R28: Planta de SE-S-02: símbolos dibujados (77 "LE" + 38 "A$C7A2016C2"); leyenda: 77
A29: 05.03 | B29: DETECTOR DE HUMO | C29: und | D29: 13 | E29: 2 | F29: 5 | G29: 9 | H29: 12 | I29: 6 | J29: 12 | K29: 6 | L29: 1 | M29: 1 | O29: =SUM(D29:N29) | P29: 68 | Q29: =O29-P29 | R29: Planta de SE-S-02: símbolos dibujados; 1 copia fuera del terreno no se metra; leyenda: 68
B30: TOTAL DE SEÑALES Y EQUIPOS | D30: =SUM(D11:D29) | E30: =SUM(E11:E29) | F30: =SUM(F11:F29) | G30: =SUM(G11:G29) | H30: =SUM(H11:H29) | I30: =SUM(I11:I29) | J30: =SUM(J11:J29) | K30: =SUM(K11:K29) | ... O30: =SUM(O11:O29)
A32: Notas:
A33: 1. Cantidad por edificación: cada símbolo de la planta de la lámina SE-S-02 se asigna a la edificación donde está (contorno del bloque de la planta general, con 0.60 m de margen para las señales de fachada); EXT = exteriores (patios, estacionamientos, puntos ecológicos y circulaciones). No se metran las copias de símbolos que están fuera del terreno.
A34: 2. SIN UBICAR: la señal de atención riesgo eléctrico es en el DXF una imagen pegada (OLE) que no exporta su ubicación; se metran las 39 imágenes de igual tamaño del espacio modelo (la leyenda indica 38). Se instalan en los tableros y ambientes eléctricos que indica la lámina, en coordinación con el plano de instalaciones eléctricas.
A35: 3. Unidad de luces de emergencia: los bloques "LE" (77) y "A$C7A2016C2" (38) son el mismo símbolo de la leyenda (el primero contiene al segundo); se suman los dos: 115 und. La leyenda indica 77.
A36: 4. Extintores: uno por cada señal de ubicación de extintor de la planta (33), PQS tipo ABC de 9 kg.
A37: 5. DIFERENCIA = metrado - leyenda: las filas distintas de "conforme" son correcciones a la leyenda del plano (nota de observaciones de señalización).
A38: 6. Unidades de luces de emergencia y detectores de humo: su conexión y circuitos son de instalaciones eléctricas.

Sheet LEYENDA
A1: COTEJO DE LA LEYENDA DE LA LÁMINA SE-S-02 CON LA PLANTA
A2: PROYECTO | B2: “CREACIÓN DEL SERVICIO DE PROTECCIÓN A MUJERES VÍCTIMAS DE VIOLENCIA EN SITUACIÓN DE RIESGO DE FEMINICIDIO O PELIGRE SU INTEGRIDAD Y/O SALUD FÍSICA Y/O MENTAL EN HOGAR DE REFUGIO TEMPORAL DISTRITO DE MORALES DE LA PROVINCIA DE SAN MARTÍN DEL DEPARTAMENTO DE SAN MARTÍN”
A3: CUI | B3: N.° 2675514
A4: ESPECIALIDAD | B4: ARQUITECTURA - SEÑALIZACIÓN Y SEGURIDAD
A5: UBICACIÓN | B5: Distrito de Morales, provincia y departamento de San Martín
A6: LÁMINAS | B6: SE-E-01 Planta general de evacuación (esc. 1/150) y SE-S-02 Planta general de señalización (esc. 1/150)
A7: FECHA | B7: OCTUBRE 2026
A9: N.° | B9: FILA DE LA LEYENDA (TEXTO DEL PLANO) | C9: ALTURA EN LA LEYENDA | D9: CANTIDAD EN LA LEYENDA | E9: DIBUJADO EN LA PLANTA | F9: DIFERENCIA | G9: OBSERVACIÓN
A10: 1 | B10: SALIDA CON BRAILLE | C10: 2.10 | D10: 49 | E10: 49 | F10: =E10-D10 | G10: Conforme.
A11: 2 | B11: SEÑALES DE SERVICIOS HIGIENICOS PHD CON BRAILLE | C11: 1.80 | D11: 3 | E11: 3 | F11: =E11-D11 | G11: Conforme.
A12: 3 | B12: ZONA SEGURA EN CASO DE SISMO CON BRAILLE | C12: 1.80 | D12: 210 | E12: 209 | F12: =E12-D12 | G12: Corregir la leyenda a 209 (lo dibujado).
A13: 4 | B13: AVISADOR SONORO CON BRAILLE | C13: 2.00 | D13: 0 | E13: 0 | F13: =E13-D13 | G13: Sin símbolos en la planta; no se metra.
A14: 5 | B14: ESCALERA DE SALIDA CON BRAILLE | C14: 1.80 | D14: 0 | E14: 0 | F14: =E14-D14 | G14: Sin símbolos en la planta; no se metra.
A15: 6 | B15: SEÑALES DE SERVICIOS HIGIENICOS MIXTO CON BRAILLE | C15: 1.80 | D15: 20 | E15: 20 | F15: =E15-D15 | G15: Conforme.
A16: 7 | B16: SEÑALES DE SERVICIOS HIGIENICOS MUJER CON BRAILLE | C16: 1.80 | D16: 3 | E16: 3 | F16: =E16-D16 | G16: Conforme.
A17: 8 | B17: SEÑALES DE SERVICIOS HIGIENICOS VARÓN CON BRAILLE | C17: 1.80 | D17: 3 | E17: 3 | F17: =E17-D17 | G17: Conforme.
A18: 9 | B18: SEÑAL DE UBICACIÓN DE EXTINTOR PQS CON BRAILLE | C18: 1.20 | D18: 44 | E18: 33 | F18: =E18-D18 | G18: Corregir la leyenda a 33 (lo dibujado).
A19: 10 | B19: SEÑAL DE UBICACIÓN DE EXTINTOR CO2 CON BRAILLE | C19: 1.20 | D19: 0 | E19: 0 | F19: =E19-D19 | G19: Sin símbolos en la planta; no se metra.
A20: 11 | B20: SEÑAL DE UBICACIÓN DE EXTINTOR K CON BRAILLE | C20: 1.20 | D20: 0 | E20: 0 | F20: =E20-D20 | G20: Sin símbolos en la planta; no se metra.
A21: 12 | B21: ALARMA CONTRA INCEDIOS CON BRAILLE | C21: 1.80 | D21: 0 | E21: 0 | F21: =E21-D21 | G21: Sin símbolos en la planta; no se metra.
... A36: 27 | B36: DIRECCIÓN DE EVACUACIÓN | C36: 2.10 | D36: 63 | E36: 63 | F36: =E36-D36 | G36: Conforme.
B37: TOTAL | D37: =SUM(D10:D36) | E37: =SUM(E10:E36) | F37: =SUM(F10:F36)

Sheet POBLACIÓN
A1: POBLACIÓN DEL HOGAR (OCUPANTES PARA LA EVACUACIÓN)
A2: PROYECTO | B2: “CREACIÓN DEL SERVICIO DE PROTECCIÓN A MUJERES VÍCTIMAS DE VIOLENCIA EN SITUACIÓN DE RIESGO DE FEMINICIDIO O PELIGRE SU INTEGRIDAD Y/O SALUD FÍSICA Y/O MENTAL EN HOGAR DE REFUGIO TEMPORAL DISTRITO DE MORALES DE LA PROVINCIA DE SAN MARTÍN DEL DEPARTAMENTO DE SAN MARTÍN”
A3: CUI | B3: N.° 2675514
A4: ESPECIALIDAD | B4: ARQUITECTURA - SEÑALIZACIÓN Y SEGURIDAD
A5: UBICACIÓN | B5: Distrito de Morales, provincia y departamento de San Martín
A6: LÁMINAS | B6: SE-E-01 Planta general de evacuación (esc. 1/150) y SE-S-02 Planta general de señalización (esc. 1/150)
A7: FECHA | B7: OCTUBRE 2026
A9: HABITACIÓN | B9: CANTIDAD | C9: CAMAS / PLAZAS POR HABITACIÓN | D9: PLAZAS
A10: Habitaciones simples - tipo I | B10: 3 | C10: 3 | D10: =B10*C10
A11: Habitaciones simples - tipo II | B11: 3 | C11: 3 | D11: =B11*C11
A12: Habitaciones doble - tipo I | B12: 3 | C12: 5 | D12: =B12*C12
A13: Habitaciones doble - tipo II | B13: 7 | C13: 5 | D13: =B13*C13
A14: Habitaciones triple - tipo I | B14: 3 | C14: 7 | D14: =B14*C14
A15: Habitaciones triple - tipo II | B15: 3 | C15: 7 | D15: =B15*C15
A16: Habitación especial | B16: 1 | C16: 3 | D16: =B16*C16
A17: RESIDENTES (mujeres con sus hijas e hijos) | B17: =SUM(B10:B16) | D17: =SUM(D10:D16)
A19: POBLACIÓN | B19: DETALLE | D19: PERSONAS
A20: Residentes | B20: Plazas de las habitaciones (A.030 art. 5) | D20: =D17
A21: Personal | B21: Administrativo, atención especializada, mantenimiento y vigilancia | D21: 62
A22: Permanentes | B22: Residentes + personal | D22: =D20+D21
A23: Temporales | B23: Visitas, talleres, sala de reuniones y personal eventual | D23: 130
A24: CAPACIDAD MÁXIMA | B24: Permanentes + temporales | D24: =D22+D23
A26: Fuente: residentes = tabla de plazas de la memoria descriptiva de arquitectura (23 habitaciones); personal y temporales = memoria de evacuación de arquitectura del hogar.

Sheet SEÑALES
A1: CARACTERÍSTICAS DE LAS SEÑALES Y EQUIPOS (NTP 399.010-1, RNE A.120 Y A.130)
A2: PROYECTO | B2: “CREACIÓN DEL SERVICIO DE PROTECCIÓN A MUJERES VÍCTIMAS DE VIOLENCIA EN SITUACIÓN DE RIESGO DE FEMINICIDIO O PELIGRE SU INTEGRIDAD Y/O SALUD FÍSICA Y/O MENTAL EN HOGAR DE REFUGIO TEMPORAL DISTRITO DE MORALES DE LA PROVINCIA DE SAN MARTÍN DEL DEPARTAMENTO DE SAN MARTÍN”
A3: CUI | B3: N.° 2675514
A4: ESPECIALIDAD | B4: ARQUITECTURA - SEÑALIZACIÓN Y SEGURIDAD
A5: UBICACIÓN | B5: Distrito de Morales, provincia y departamento de San Martín
A6: LÁMINAS | B6: SE-E-01 Planta general de evacuación (esc. 1/150) y SE-S-02 Planta general de señalización (esc. 1/150)
A7: FECHA | B7: OCTUBRE 2026
A9: ITEM | B9: PARTIDA | C9: DIMENSIONES | D9: MATERIAL | E9: ALTURA DE INSTALACIÓN | F9: ALTURA EN LA LEYENDA | G9: FUNCIÓN Y UBICACIÓN
A10: 01 | B10: SEÑALES DE EVACUACIÓN Y EMERGENCIA
A11: 01.01 | B11: SEÑAL DE SALIDA CON BRAILLE | C11: 0.30 x 0.20 m | D11: Lámina de PVC celtex de 3 mm con vinil fotoluminiscente impreso y placa de acrílico con texto en braille | E11: 2.10 m | F11: 2.10 | G11: Indica la puerta de salida de cada ambiente y de cada edificación hacia la circulación exterior; sobre el dintel.
A12: 01.02 | B12: SEÑAL DE DIRECCIÓN DE EVACUACIÓN | C12: 0.20 x 0.30 m | D12: Lámina de PVC celtex de 3 mm con vinil fotoluminiscente impreso | E12: 2.10 m | F12: 2.10 | G12: Indica con una flecha el sentido de la ruta de evacuación en pasadizos y circulaciones, hasta la salida.
A13: 01.03 | B13: SEÑAL DE ZONA SEGURA EN CASO DE SISMO CON BRAILLE | C13: 0.20 x 0.30 m | D13: Lámina de PVC celtex de 3 mm con vinil fotoluminiscente impreso y placa de acrílico con texto en braille | E13: 1.80 m | F13: 1.80 | G13: Identifica los lugares de protección dentro de los ambientes (columnas y muros estructurales) durante un sismo.
A14: 01.04 | B14: LETRERO DE AFORO CON BRAILLE | C14: 0.30 x 0.20 m | D14: Lámina de PVC celtex de 3 mm con vinil adhesivo impreso y placa de acrílico con texto en braille | E14: 2.10 m | F14: 2.10 | G14: Indica la capacidad máxima de personas del ambiente; junto al ingreso, en el lado de la cerradura.
A15: 02 | B15: SEÑALES DE EQUIPOS CONTRA INCENDIO
A16: 02.01 | B16: SEÑAL DE UBICACIÓN DE EXTINTOR PQS CON BRAILLE | C16: 0.20 x 0.30 m | D16: Lámina de PVC celtex de 3 mm con vinil fotoluminiscente impreso y placa de acrílico con texto en braille | E16: 1.80 m | F16: 1.20 | G16: Identifica la ubicación del extintor de polvo químico seco; sobre el equipo.
A17: 03 | B17: SEÑALES DE ADVERTENCIA
A18: 03.01 | B18: SEÑAL DE ATENCIÓN RIESGO ELÉCTRICO CON BRAILLE | C18: 0.20 x 0.30 m | D18: Lámina de PVC celtex de 3 mm con vinil adhesivo impreso y placa de acrílico con texto en braille | E18: 1.10 m | F18: 1.10 | G18: Advierte la presencia de tableros y equipos eléctricos; en la puerta o el frente del tablero.
A19: 04 | B19: SEÑALES INFORMATIVAS
A20: 04.01 | B20: SEÑAL DE SERVICIOS HIGIÉNICOS PARA PERSONAS CON DISCAPACIDAD CON BRAILLE | C20: 0.20 x 0.30 m | D20: Lámina de PVC celtex de 3 mm con vinil adhesivo impreso y placa de acrílico con texto en braille | E20: 1.80 m | F20: 1.80 | G20: Identifica el servicio higiénico accesible.
A21: 04.02 | B21: SEÑAL DE SERVICIOS HIGIÉNICOS MIXTO CON BRAILLE | C21: 0.20 x 0.30 m | D21: Lámina de PVC celtex de 3 mm con vinil adhesivo impreso y placa de acrílico con texto en braille | E21: 1.80 m | F21: 1.80 | G21: Identifica el servicio higiénico de uso mixto (habitaciones, tópico y vestidores).
A22: 04.03 | B22: SEÑAL DE SERVICIOS HIGIÉNICOS MUJER CON BRAILLE | C22: 0.20 x 0.30 m | D22: Lámina de PVC celtex de 3 mm con vinil adhesivo impreso y placa de acrílico con texto en braille | E22: 1.80 m | F22: 1.80 | G22: Identifica el servicio higiénico de mujeres.
A23: 04.04 | B23: SEÑAL DE SERVICIOS HIGIÉNICOS VARÓN CON BRAILLE | C23: 0.20 x 0.30 m | D23: Lámina de PVC celtex de 3 mm con vinil adhesivo impreso y placa de acrílico con texto en braille | E23: 1.80 m | F23: 1.80 | G23: Identifica el servicio higiénico de varones.
A24: 04.05 | B24: SEÑAL DE PUNTO ECOLÓGICO CON BRAILLE | C24: 0.30 x 0.20 m | D24: Lámina de PVC celtex de 3 mm con vinil adhesivo impreso y placa de acrílico con texto en braille | E24: 1.80 m | F24: — | G24: Identifica el punto de acopio selectivo de residuos sólidos (cuatro contenedores de colores).
A25: 05 | B25: EQUIPOS DE PROTECCIÓN CONTRA INCENDIO Y EMERGENCIA
A26: 05.01 | B26: EXTINTOR DE POLVO QUÍMICO SECO (PQS) TIPO ABC DE 9 kg | C26: extintor portátil de 9 kg, agente PQS multipropósito ABC | D26: Cilindro de acero con manómetro, manguera, soporte de pared y tarjeta de control | E26: 1.50 m (parte superior) | F26: — | G26: Combate fuegos de clase A, B y C en las nueve edificaciones.
A27: 05.02 | B27: UNIDAD DE LUCES DE EMERGENCIA | C27: equipo de dos faros LED, autonomía mínima 90 min | D27: Equipo autónomo con batería recargable, 220 V | E27: 2.10 m | F27: 2.10 | G27: Ilumina las salidas, las circulaciones y los ambientes al cortarse la energía.
A28: 05.03 | B28: DETECTOR DE HUMO | C28: detector fotoeléctrico de techo | D28: Equipo fotoeléctrico con base de montaje | E28: techo | F28: TECHO | G28: Detecta el humo en los ambientes en su etapa inicial.
