Workbook

Sheet MATRIZ
A1: MATRIZ DE INCOMPATIBILIDADES DE UBICACIÓN (CUADRO DE LA R.V.M. N.° 068-2025-MINEDU)
A2: Proyecto: “CREACIÓN DEL SERVICIO DE PROTECCIÓN INTEGRAL A NIÑAS, NIÑOS Y ADOLESCENTES SIN CUIDADOS PARENTALES O EN RIESGO DE PERDERLOS EN CENTRO DE ACOGIDA RESIDENCIAL - VARONES DISTRITO DE MORALES DE LA PROVINCIA DE SAN MARTÍN DEL DEPARTAMENTO DE SAN MARTÍN”, CUI N.° 2705619
A4: N.° | B4: INCOMPATIBILIDAD POR CERCANÍA | C4: DISPOSITIVO LEGAL | D4: DISTANCIA MÍNIMA (m) | E4: CRITERIO (SIN DISTANCIA FIJA) | F4: ¿EXISTE DENTRO DEL ÁREA DE INFLUENCIA? | G4: CONDICIÓN DEL PREDIO | H4: ESTADO
A5: 1 | B5: Velatorios y cementerios | C5: D.S. N.° 003-94-SA, Reglamento de la Ley de Cementerios y Servicios Funerarios | D5: 150 | F5: NO | G5: No existen velatorios ni cementerios a menos de 150 m del predio. | H5: =IF(F5="NO","CUMPLE","NO CUMPLE") -> CUMPLE
A6: 2 | B6: Establecimientos de salud | C6: R.M. N.° 045-2015/MINSA, NTS N.° 113-MINSA/DGIEM-V.01 "Infraestructura y equipamiento de los establecimientos de salud del Primer Nivel de Atención", y R.M. N.° 862-2015/MINSA, NTS N.° 119-MINSA/DGIEM-V.01 "Infraestructura y equipamiento de los establecimientos de salud del Tercer Nivel de Atención" | D6: 100 | F6: NO | G6: El establecimiento de salud de la localidad se encuentra a más de 100 m del predio y forma parte de los servicios de apoyo cercanos que requiere el CAR. | H6: =IF(F6="NO","CUMPLE","NO CUMPLE") -> CUMPLE
A7: 3 | B7: Plantas envasadoras de gas licuado de petróleo (GLP) | C7: D.S. N.° 027-94-EM, Reglamento de Seguridad para Instalaciones y Transporte de Gas Licuado de Petróleo | D7: 100 | F7: NO | G7: No existen plantas envasadoras de GLP en el entorno del predio. | H7: =IF(F7="NO","CUMPLE","NO CUMPLE") -> CUMPLE
A8: 4 | B8: Estaciones de servicio, puestos de venta de combustibles (grifos), gasocentros y establecimientos de venta al público de GNV | C8: D.S. N.° 054-93-EM (modificado por el D.S. N.° 037-2007-EM), Reglamento de Seguridad para Establecimientos de Venta al Público de Combustibles Derivados de Hidrocarburos | D8: 50 | F8: NO | G8: No existen estaciones de servicio, grifos ni gasocentros a menos de 50 m del predio. | H8: =IF(F8="NO","CUMPLE","NO CUMPLE") -> CUMPLE
A9: 5 | B9: Locales de comercialización y consumo de bebidas alcohólicas | C9: Ley N.° 28681, Ley que regula la comercialización, consumo y publicidad de bebidas alcohólicas, y su Reglamento (D.S. N.° 012-2009-SA) | D9: 100 | F9: NO | G9: No existen locales de venta y consumo de bebidas alcohólicas a menos de 100 m del predio, lo que favorece la tranquilidad y la seguridad de los niños y adolescentes residentes. | H9: =IF(F9="NO","CUMPLE","NO CUMPLE") -> CUMPLE
A10: 6 | B10: Plantas de abastecimiento de combustibles líquidos y otros productos derivados de los hidrocarburos | C10: D.S. N.° 045-2001-EM, Reglamento para la Comercialización de Combustibles Líquidos y otros Productos Derivados de los Hidrocarburos | D10: 100 | F10: NO | G10: No existen plantas de abastecimiento de combustibles ni de derivados de hidrocarburos. | H10: =IF(F10="NO","CUMPLE","NO CUMPLE") -> CUMPLE
A11: 7 | B11: Fajas marginales de las fuentes de agua, naturales o artificiales | C11: D.S. N.° 001-2010-AG, Reglamento de la Ley N.° 29338, Ley de Recursos Hídricos | E11: Faja marginal de cada fuente de agua | F11: NO | G11: No existen fuentes de agua naturales ni artificiales colindantes; el predio no ocupa fajas marginales. | H11: =IF(F11="NO","CUMPLE","NO CUMPLE") -> CUMPLE
A12: 8 | B12: Sistema de transporte de hidrocarburos por ductos | C12: D.S. N.° 081-2007-EM (modificado por el D.S. N.° 007-2012-EM), Reglamento de Transporte de Hidrocarburos por Ductos | D12: 200 | F12: NO | G12: No existe sistema de transporte de hidrocarburos por ductos. | H12: =IF(F12="NO","CUMPLE","NO CUMPLE") -> CUMPLE
A13: 9 | B13: Pozos para la exploración y explotación de hidrocarburos | C13: D.S. N.° 032-2004-EM, Reglamento de las Actividades de Exploración y Explotación de Hidrocarburos | E13: Área de las instalaciones de exploración y explotación | F13: NO | G13: No existen actividades de exploración ni de explotación de hidrocarburos. | H13: =IF(F13="NO","CUMPLE","NO CUMPLE") -> CUMPLE
A14: 10 | B14: Aeródromos | C14: D.S. N.° 050-2001-MTC, Reglamento de la Ley de Aeronáutica Civil, y sus modificatorias | E14: Superficies limitadoras de obstáculos | F14: NO | G14: El aeropuerto de Tarapoto está a unos 3.5 km, al costado del eje de la pista 17/35 (unos 2.4 km al oeste), fuera de las superficies de aproximación y despegue; las edificaciones del CAR son de baja altura. | H14: =IF(F14="NO","CUMPLE","NO CUMPLE") -> CUMPLE
A15: 11 | B15: Servidumbre de líneas aéreas de instalaciones eléctricas | C15: R.M. N.° 214-2011-MEM/DM, Código Nacional de Electricidad (Suministro 2011) | E15: Faja de servidumbre según la tensión de la línea | F15: NO | G15: No existen líneas aéreas cuya faja de servidumbre ocupe el predio. | H15: =IF(F15="NO","CUMPLE","NO CUMPLE") -> CUMPLE
A16: 12 | B16: Servidumbre de electroductos | C16: Decreto Ley N.° 25844, Ley de Concesiones Eléctricas, y sus modificatorias | E16: Servidumbre impuesta sobre el predio | F16: NO | G16: No existen electroductos ni servidumbres eléctricas impuestas sobre el predio. | H16: =IF(F16="NO","CUMPLE","NO CUMPLE") -> CUMPLE
A17: 13 | B17: Restricciones radioeléctricas en áreas de uso público próximas a una estación radioeléctrica | C17: R.M. N.° 120-2005-MTC/03, Norma Técnica sobre Restricciones Radioeléctricas en Áreas de Uso Público | E17: Límites de exposición de la norma | F17: NO | G17: No existen estaciones radioeléctricas que afecten el predio; se cumple la R.M. N.° 120-2005-MTC/03. | H17: =IF(F17="NO","CUMPLE","NO CUMPLE") -> CUMPLE
A18: 14 | B18: Plantas de tratamiento de aguas residuales | C18: D.S. N.° 011-2006-VIVIENDA, Norma OS.090 "Plantas de tratamiento de aguas residuales" del RNE | E18: Distancia de la planta a la zona habitada | F18: NO | G18: No existen plantas de tratamiento de aguas residuales de terceros en el entorno del predio. | H18: =IF(F18="NO","CUMPLE","NO CUMPLE") -> CUMPLE
A19: 15 | B19: Faja de terreno lateral y colindante al derecho de vía | C19: D.S. N.° 034-2008-MTC, Reglamento Nacional de Gestión de Infraestructura Vial | E19: Derecho de vía y faja de propiedad restringida | F19: NO | G19: El CAR no está en área restringida: su frente da a la carretera Oasis a través del área libre del predio matriz, y el cerco y las obras, incluido el colector pluvial frontal, quedan dentro del lindero. | H19: =IF(F19="NO","CUMPLE","NO CUMPLE") -> CUMPLE
A20: 16 | B20: Zonas restringidas colindantes a las vías ferroviarias | C20: D.S. N.° 032-2005-MTC, Reglamento Nacional de Ferrocarriles | E20: Zona restringida de la vía férrea | F20: NO | G20: No existe vía ferroviaria en la zona. | H20: =IF(F20="NO","CUMPLE","NO CUMPLE") -> CUMPLE
A21: 17 | B21: Casinos y máquinas tragamonedas | C21: Ley N.° 27153, Ley que regula la explotación de los juegos de casino y máquinas tragamonedas, y sus modificatorias | E21: Distancia de la ley y de la ordenanza municipal | F21: NO | G21: No existen casinos ni salas de máquinas tragamonedas en el entorno del predio. | H21: =IF(F21="NO","CUMPLE","NO CUMPLE") -> CUMPLE
A22: 18 | B22: Hostales, peñas, discotecas, video-pubs, bingos y salas de billar | C22: Ley N.° 27972, Ley Orgánica de Municipalidades, art. 79 (organización del espacio físico y uso del suelo) | E22: Zonificación y licencias municipales | F22: NO | G22: No existen hostales, peñas, discotecas, video-pubs, bingos ni salas de billar en el entorno del predio; el entorno es tranquilo, como lo requiere un centro de acogida residencial. | H22: =IF(F22="NO","CUMPLE","NO CUMPLE") -> CUMPLE

Sheet AREA DE INFLUENCIA
A1: ÁREA DE INFLUENCIA MEDIDA DESDE EL LINDERO
A2: Proyecto: “CREACIÓN DEL SERVICIO DE PROTECCIÓN INTEGRAL A NIÑAS, NIÑOS Y ADOLESCENTES SIN CUIDADOS PARENTALES O EN RIESGO DE PERDERLOS EN CENTRO DE ACOGIDA RESIDENCIAL - VARONES DISTRITO DE MORALES DE LA PROVINCIA DE SAN MARTÍN DEL DEPARTAMENTO DE SAN MARTÍN”, CUI N.° 2705619
A4: DISTANCIA (m) | B4: N.° DE INCOMPATIBILIDADES | C4: INCOMPATIBILIDADES
A5: 50 | B5: =COUNTIF(MATRIZ!D5:D22,A5) -> 1 | C5: Estaciones de servicio, puestos de venta de combustibles (grifos), gasocentros y establecimientos de venta al público de GNV
A6: 100 | B6: =COUNTIF(MATRIZ!D5:D22,A6) -> 4 | C6: Establecimientos de salud; Plantas envasadoras de gas licuado de petróleo (GLP); Locales de comercialización y consumo de bebidas alcohólicas; Plantas de abastecimiento de combustibles líquidos y otros productos derivados de los hidrocarburos
A7: 150 | B7: =COUNTIF(MATRIZ!D5:D22,A7) -> 1 | C7: Velatorios y cementerios
A8: 200 | B8: =COUNTIF(MATRIZ!D5:D22,A8) -> 1 | C8: Sistema de transporte de hidrocarburos por ductos
A9: Sin distancia fija | B9: =COUNTBLANK(MATRIZ!D5:D22) -> 11 | C9: Fajas marginales de las fuentes de agua, naturales o artificiales; Pozos para la exploración y explotación de hidrocarburos; Aeródromos; Servidumbre de líneas aéreas de instalaciones eléctricas; Servidumbre de electroductos; Restricciones radioeléctricas en áreas de uso público próximas a una estación radioeléctrica; Plantas de tratamiento de aguas residuales; Faja de terreno lateral y colindante al derecho de vía; Zonas restringidas colindantes a las vías ferroviarias; Casinos y máquinas tragamonedas; Hostales, peñas, discotecas, video-pubs, bingos y salas de billar

Sheet CONDICIONES CAR
A1: CONDICIONES DE UBICACIÓN PROPIAS DEL CAR VARONES
A2: Proyecto: “CREACIÓN DEL SERVICIO DE PROTECCIÓN INTEGRAL A NIÑAS, NIÑOS Y ADOLESCENTES SIN CUIDADOS PARENTALES O EN RIESGO DE PERDERLOS EN CENTRO DE ACOGIDA RESIDENCIAL - VARONES DISTRITO DE MORALES DE LA PROVINCIA DE SAN MARTÍN DEL DEPARTAMENTO DE SAN MARTÍN”, CUI N.° 2705619
A4: N.° | B4: CONDICIÓN DE UBICACIÓN | C4: FUENTE | D4: ¿EL PREDIO O EL PROYECTO LA SATISFACE? | E4: CÓMO LA CUMPLE | F4: ESTADO
A5: 1 | B5: Ubicación en zona compatible con la zonificación y los instrumentos de desarrollo urbano | C5: RNE A.090, art. 3; A.040, art. 7 a) | D5: SÍ | E5: Predio rural Los Mangos (partida registral N.° 05003469), de propiedad del Gobierno Regional de San Martín, destinado a la sede del CAR Varones, el CAR Mujeres y el Hogar de Refugio Temporal. | F5: =IF(D5="SÍ","CUMPLE","NO CUMPLE") -> CUMPLE
A6: 2 | B6: Ubicación sin incompatibilidades de uso | C6: RNE A.040, art. 7 b) | D6: SÍ | E6: Cumple las 18 condiciones del Cuadro N.° 1. | F6: =IF(D6="SÍ","CUMPLE","NO CUMPLE") -> CUMPLE
A7: 3 | B7: Vías de acceso con ingreso de vehículos de emergencia | C7: RNE A.040, art. 7 c) | D7: SÍ | E7: Acceso por la carretera Oasis, interconectada con la Av. Evitamiento y la carretera Polvorico, con portada de ingreso principal e ingreso vehicular al predio. | F7: =IF(D7="SÍ","CUMPLE","NO CUMPLE") -> CUMPLE
A8: 4 | B8: Servicios básicos | C8: RNE A.040, art. 7 d) | D8: SÍ | E8: El proyecto contempla cisterna y tanque elevado, pozo séptico, subestación eléctrica, grupo electrógeno y drenaje pluvial. | F8: =IF(D8="SÍ","CUMPLE","NO CUMPLE") -> CUMPLE
A9: 5 | B9: Sin estudio de impacto vial | C9: RNE A.090, art. 4 | D9: SÍ | E9: La población del CAR (niños y adolescentes residentes y personal) es menor de 500 personas, por lo que no se exige estudio de impacto vial. | F9: =IF(D9="SÍ","CUMPLE","NO CUMPLE") -> CUMPLE
A10: 6 | B10: Forma y pendiente del terreno | C10: R.V.M. N.° 208-2019, art. 8 a) y b) | D10: SÍ | E10: Terreno rectangular de 93.90 x 74.55 m (6,999.98 m²), de relieve relativamente plano (pendiente longitudinal del orden de 1 %). | F10: =IF(D10="SÍ","CUMPLE","NO CUMPLE") -> CUMPLE
A11: 7 | B11: Programa completo dentro de los linderos y zona de seguridad interna | C11: R.V.M. N.° 208-2019, art. 8.1.1 y cuadro 2 (terreno tipo II) | D11: SÍ | E11: El terreno alberga dentro de sus linderos todo el programa arquitectónico del CAR, con la zona de seguridad dentro del lindero. | F11: =IF(D11="SÍ","CUMPLE","NO CUMPLE") -> CUMPLE
A12: 8 | B12: Protección frente a lluvias intensas | C12: RNE OS.060 (drenaje pluvial urbano) | D12: SÍ | E12: Drenaje pluvial con canaletas, montantes, cunetas y colector frontal (láminas DPLV), dimensionado con la hidrología del expediente. | F12: =IF(D12="SÍ","CUMPLE","NO CUMPLE") -> CUMPLE

Sheet RESUMEN
A1: RESUMEN DEL ANÁLISIS DE UBICACIÓN
A2: Proyecto: “CREACIÓN DEL SERVICIO DE PROTECCIÓN INTEGRAL A NIÑAS, NIÑOS Y ADOLESCENTES SIN CUIDADOS PARENTALES O EN RIESGO DE PERDERLOS EN CENTRO DE ACOGIDA RESIDENCIAL - VARONES DISTRITO DE MORALES DE LA PROVINCIA DE SAN MARTÍN DEL DEPARTAMENTO DE SAN MARTÍN”, CUI N.° 2705619
A4: CONCEPTO | B4: EVALUADOS | C4: CUMPLE | D4: NO CUMPLE
A5: Cuadro N.° 1: incompatibilidades por cercanía | B5: =COUNTA(MATRIZ!B5:B22) -> 18 | C5: =COUNTIF(MATRIZ!H5:H22,"CUMPLE") -> 18 | D5: =COUNTIF(MATRIZ!H5:H22,"NO CUMPLE") -> 0
A6: Cuadro N.° 2: condiciones de ubicación del CAR | B6: =COUNTA('CONDICIONES CAR'!B5:B12) -> 8 | C6: =COUNTIF('CONDICIONES CAR'!F5:F12,"CUMPLE") -> 8 | D6: =COUNTIF('CONDICIONES CAR'!F5:F12,"NO CUMPLE") -> 0
A8: RESULTADO | B8: =IF(SUM(D5:D6)=0,"TERRENO APTO PARA EL CAR VARONES","REVISAR") -> TERRENO APTO PARA EL CAR VARONES
