Workbook

Sheet RESUMEN
A2: RESUMEN METRADOS DE DRENAJE PLUVIAL
A3: ENTIDAD | B3: GOBIERNO REGIONAL SAN MARTIN - GERENCIA TERRITORIAL BAJO MAYO - TARAPOTO
A4: PROYECTO | B4: “MEJORAMIENTO Y AMPLIACIÓN DEL SERVICIO DE EDUCACIÓN PRIMARIA EN I.E. N° 0590 DISTRITO DE BARRANQUITA DE LA PROVINCIA DE LAMAS DEL DEPARTAMENTO DE SAN MARTÍN” - C.I. N° 468901
A5: UBICACIÓN | B5: SAN MARTIN - LAMAS - BARRANQUITA
A6: FECHA | B6: OCTUBRE 2026
A8: Item | B8: Descripción | C8: Unid. | D8: Total.
A9: 01 | B9: SISTEMA DE DRENAJE PLUVIAL - RED DE CUNETAS
A10: 01.01 | B10: TRABAJOS PRELIMINARES
A11: 01.01.01 | B11: LIMPIEZA MANUAL DE TERRENO | C11: m² | D11: ='PLANILLA GENERAL DE METRADOS'!K11
A12: 01.01.02 | B12: TRAZO, NIVELES Y REPLANTEO PRELIMINAR | C12: m² | D12: ='PLANILLA GENERAL DE METRADOS'!K31
A13: 01.02 | B13: MOVIMIENTO DE TIERRAS
A14: 01.02.01 | B14: EXCAVACIÓN MANUAL DE ZANJAS P/CUNETAS | C14: m³ | D14: ='PLANILLA GENERAL DE METRADOS'!K52
A15: 01.02.02 | B15: REFINE, NIVELACIÓN Y COMPACTACIÓN EN TERRENO NORMAL | C15: m² | D15: ='PLANILLA GENERAL DE METRADOS'!K72
A16: 01.02.03 | B16: RELLENO COMPACTADO C/MATERIAL PROPIO SELECCIONADO | C16: m³ | D16: ='PLANILLA GENERAL DE METRADOS'!K92
A17: 01.02.04 | B17: ELIMINACIÓN DE MATERIAL EXCEDENTE D<1Km | C17: m³ | D17: ='PLANILLA GENERAL DE METRADOS'!K112
A18: 01.02.05 | B18: PERFILADO MANUAL DE TERRENO EN DESCARGAS | C18: m² | D18: ='PLANILLA GENERAL DE METRADOS'!K114
A19: 01.03 | B19: OBRAS DE CONCRETO SIMPLE
A20: 01.03.01 | B20: CONCRETO f'c=100 kg/cm2 PARA SOLADO E=4'' | C20: m² | D20: ='PLANILLA GENERAL DE METRADOS'!K120
A21: 01.04 | B21: OBRAS DE CONCRETO ARMADO
A22: 01.04.01 | B22: CUNETAS
A23: 01.04.01.01 | B23: CONCRETO f'c=175 kg/cm2 PARA CUNETAS | C23: m³ | D23: ='PLANILLA GENERAL DE METRADOS'!K142
A24: 01.04.01.02 | B24: ENCOFRADO Y DESENCOFRADO DE CUNETAS | C24: m² | D24: ='PLANILLA GENERAL DE METRADOS'!K190
A25: 01.04.01.03 | B25: ACERO f'y=4200 kg/cm2 PARA CUNETA | C25: kg | D25: ='PLANILLA GENERAL DE METRADOS'!K234
A26: 01.04.01.04 | B26: CURADO DE CONCRETO EN CUNETA | C26: m² | D26: ='PLANILLA GENERAL DE METRADOS'!K254
A27: 01.04.02 | B27: VARIOS
A28: 01.04.02.01 | B28: REJILLA METALICA P/CUNETA C/PL 1''x 3/16'' Y ANGULO 1'' x 1'' x 3/16'' | C28: m | D28: ='PLANILLA GENERAL DE METRADOS'!K318
A29: 01.04.02.02 | B29: TAPA DE INSPECCION 0.60m x 0.60m | C29: und | D29: ='PLANILLA GENERAL DE METRADOS'!K338
A30: 01.04.02.03 | B30: JUNTA DE DILATACION E=1" CON SELLADOR ASFALTO | C30: m | D30: ='PLANILLA GENERAL DE METRADOS'!K343
A31: 01.04.02.04 | B31: JUNTA E=1" CON SELLADOR ASFALTICO ENTRE CUNETA Y PISO ADYACENTE | C31: m | D31: ='PLANILLA GENERAL DE METRADOS'!K363

Sheet PLANILLA GENERAL DE METRADOS
A2: PLANILLA GENERAL DE METRADOS - DRENAJE PLUVIAL
A3: ENTIDAD | B3: GOBIERNO REGIONAL SAN MARTIN - GERENCIA TERRITORIAL BAJO MAYO - TARAPOTO
A4: PROYECTO | B4: “MEJORAMIENTO Y AMPLIACIÓN DEL SERVICIO DE EDUCACIÓN PRIMARIA EN I.E. N° 0590 DISTRITO DE BARRANQUITA DE LA PROVINCIA DE LAMAS DEL DEPARTAMENTO DE SAN MARTÍN” - C.I. N° 468901
A5: UBICACIÓN | B5: SAN MARTIN - LAMAS - BARRANQUITA
A6: FECHA | B6: OCTUBRE 2026
A8: ITEM | B8: DESCRIPCION | C8: Nº DE VECES | D8: LARGO | E8: ANCHO | F8: ALTURA | G8: FACT. | H8: AREA | I8: VOLUMEN | J8: PARCIAL | K8: TOTAL | L8: UND
A9: 01 | B9: SISTEMA DE DRENAJE PLUVIAL - RED DE CUNETAS
A10: 01.01 | B10: TRABAJOS PRELIMINARES
A11: 01.01.01 | B11: LIMPIEZA MANUAL DE TERRENO | K11: =SUM(J12:J30) | L11: m²
B12: EJE-01 | C12: 1 | D12: 34.34 | E12: =PARAMETROS!$B$12 | J12: =C12*D12*E12
B13: EJE-02 | C13: 1 | D13: 76.04 | E13: =PARAMETROS!$B$12 | J13: =C13*D13*E13
B14: EJE-03 | C14: 1 | D14: 32.31 | E14: =PARAMETROS!$B$12 | J14: =C14*D14*E14
B15: EJE-04 | C15: 1 | D15: 94.34 | E15: =PARAMETROS!$B$12 | J15: =C15*D15*E15
B16: EJE-05 | C16: 1 | D16: 90.56 | E16: =PARAMETROS!$B$12 | J16: =C16*D16*E16
B17: EJE-06 | C17: 1 | D17: 12.3 | E17: =PARAMETROS!$B$12 | J17: =C17*D17*E17
B18: EJE-07 | C18: 1 | D18: 94.69 | E18: =PARAMETROS!$B$12 | J18: =C18*D18*E18
B19: EJE-08 | C19: 1 | D19: 39.68 | E19: =PARAMETROS!$B$12 | J19: =C19*D19*E19
B20: EJE-09 | C20: 1 | D20: 35.8 | E20: =PARAMETROS!$B$12 | J20: =C20*D20*E20
B21: EJE-10 | C21: 1 | D21: 36.9 | E21: =PARAMETROS!$B$12 | J21: =C21*D21*E21
B22: EJE-11 | C22: 1 | D22: 30.36 | E22: =PARAMETROS!$B$12 | J22: =C22*D22*E22
B23: EJE-12 | C23: 1 | D23: 118.38 | E23: =PARAMETROS!$B$12 | J23: =C23*D23*E23
... B30: EJE-19 | C30: 1 | D30: 14.09 | E30: =PARAMETROS!$B$12 | J30: =C30*D30*E30
A31: 01.01.02 | B31: TRAZO, NIVELES Y REPLANTEO PRELIMINAR | K31: =SUM(J32:J50) | L31: m²
B32: EJE-01 | C32: 1 | D32: 34.34 | E32: =PARAMETROS!$B$12 | J32: =C32*D32*E32
B33: EJE-02 | C33: 1 | D33: 76.04 | E33: =PARAMETROS!$B$12 | J33: =C33*D33*E33
B34: EJE-03 | C34: 1 | D34: 32.31 | E34: =PARAMETROS!$B$12 | J34: =C34*D34*E34
B35: EJE-04 | C35: 1 | D35: 94.34 | E35: =PARAMETROS!$B$12 | J35: =C35*D35*E35
B36: EJE-05 | C36: 1 | D36: 90.56 | E36: =PARAMETROS!$B$12 | J36: =C36*D36*E36
B37: EJE-06 | C37: 1 | D37: 12.3 | E37: =PARAMETROS!$B$12 | J37: =C37*D37*E37
B38: EJE-07 | C38: 1 | D38: 94.69 | E38: =PARAMETROS!$B$12 | J38: =C38*D38*E38
B39: EJE-08 | C39: 1 | D39: 39.68 | E39: =PARAMETROS!$B$12 | J39: =C39*D39*E39
B40: EJE-09 | C40: 1 | D40: 35.8 | E40: =PARAMETROS!$B$12 | J40: =C40*D40*E40
B41: EJE-10 | C41: 1 | D41: 36.9 | E41: =PARAMETROS!$B$12 | J41: =C41*D41*E41
B42: EJE-11 | C42: 1 | D42: 30.36 | E42: =PARAMETROS!$B$12 | J42: =C42*D42*E42
B43: EJE-12 | C43: 1 | D43: 118.38 | E43: =PARAMETROS!$B$12 | J43: =C43*D43*E43
... B50: EJE-19 | C50: 1 | D50: 14.09 | E50: =PARAMETROS!$B$12 | J50: =C50*D50*E50
A51: 01.02 | B51: MOVIMIENTO DE TIERRAS
A52: 01.02.01 | B52: EXCAVACIÓN MANUAL DE ZANJAS P/CUNETAS | K52: =SUM(J53:J71) | L52: m³
B53: EJE-01 (h prom. 0.386 m) | C53: 1 | D53: 34.34 | E53: =PARAMETROS!$B$12 | F53: 0.386 | J53: =C53*D53*E53*(F53+PARAMETROS!$B$8+PARAMETROS!$B$10)
B54: EJE-02 (h prom. 0.568 m) | C54: 1 | D54: 76.04 | E54: =PARAMETROS!$B$12 | F54: 0.568 | J54: =C54*D54*E54*(F54+PARAMETROS!$B$8+PARAMETROS!$B$10)
B55: EJE-03 (h prom. 0.381 m) | C55: 1 | D55: 32.31 | E55: =PARAMETROS!$B$12 | F55: 0.381 | J55: =C55*D55*E55*(F55+PARAMETROS!$B$8+PARAMETROS!$B$10)
B56: EJE-04 (h prom. 0.536 m) | C56: 1 | D56: 94.34 | E56: =PARAMETROS!$B$12 | F56: 0.536 | J56: =C56*D56*E56*(F56+PARAMETROS!$B$8+PARAMETROS!$B$10)
B57: EJE-05 (h prom. 0.526 m) | C57: 1 | D57: 90.56 | E57: =PARAMETROS!$B$12 | F57: 0.526 | J57: =C57*D57*E57*(F57+PARAMETROS!$B$8+PARAMETROS!$B$10)
B58: EJE-06 (h prom. 0.331 m) | C58: 1 | D58: 12.3 | E58: =PARAMETROS!$B$12 | F58: 0.331 | J58: =C58*D58*E58*(F58+PARAMETROS!$B$8+PARAMETROS!$B$10)
B59: EJE-07 (h prom. 0.669 m) | C59: 1 | D59: 94.69 | E59: =PARAMETROS!$B$12 | F59: 0.669 | J59: =C59*D59*E59*(F59+PARAMETROS!$B$8+PARAMETROS!$B$10)
B60: EJE-08 (h prom. 0.399 m) | C60: 1 | D60: 39.68 | E60: =PARAMETROS!$B$12 | F60: 0.399 | J60: =C60*D60*E60*(F60+PARAMETROS!$B$8+PARAMETROS!$B$10)
B61: EJE-09 (h prom. 0.390 m) | C61: 1 | D61: 35.8 | E61: =PARAMETROS!$B$12 | F61: 0.39 | J61: =C61*D61*E61*(F61+PARAMETROS!$B$8+PARAMETROS!$B$10)
B62: EJE-10 (h prom. 0.392 m) | C62: 1 | D62: 36.9 | E62: =PARAMETROS!$B$12 | F62: 0.392 | J62: =C62*D62*E62*(F62+PARAMETROS!$B$8+PARAMETROS!$B$10)
B63: EJE-11 (h prom. 0.376 m) | C63: 1 | D63: 30.36 | E63: =PARAMETROS!$B$12 | F63: 0.376 | J63: =C63*D63*E63*(F63+PARAMETROS!$B$8+PARAMETROS!$B$10)
B64: EJE-12 (h prom. 0.539 m) | C64: 1 | D64: 118.38 | E64: =PARAMETROS!$B$12 | F64: 0.539 | J64: =C64*D64*E64*(F64+PARAMETROS!$B$8+PARAMETROS!$B$10)
... B71: EJE-19 (h prom. 0.335 m) | C71: 1 | D71: 14.09 | E71: =PARAMETROS!$B$12 | F71: 0.335 | J71: =C71*D71*E71*(F71+PARAMETROS!$B$8+PARAMETROS!$B$10)
A72: 01.02.02 | B72: REFINE, NIVELACIÓN Y COMPACTACIÓN EN TERRENO NORMAL | K72: =SUM(J73:J91) | L72: m²
B73: EJE-01 | C73: 1 | D73: 34.34 | E73: =PARAMETROS!$B$5 | J73: =C73*D73*E73
B74: EJE-02 | C74: 1 | D74: 76.04 | E74: =PARAMETROS!$B$5 | J74: =C74*D74*E74
B75: EJE-03 | C75: 1 | D75: 32.31 | E75: =PARAMETROS!$B$5 | J75: =C75*D75*E75
B76: EJE-04 | C76: 1 | D76: 94.34 | E76: =PARAMETROS!$B$5 | J76: =C76*D76*E76
B77: EJE-05 | C77: 1 | D77: 90.56 | E77: =PARAMETROS!$B$5 | J77: =C77*D77*E77
B78: EJE-06 | C78: 1 | D78: 12.3 | E78: =PARAMETROS!$B$5 | J78: =C78*D78*E78
B79: EJE-07 | C79: 1 | D79: 94.69 | E79: =PARAMETROS!$B$5 | J79: =C79*D79*E79
B80: EJE-08 | C80: 1 | D80: 39.68 | E80: =PARAMETROS!$B$5 | J80: =C80*D80*E80
B81: EJE-09 | C81: 1 | D81: 35.8 | E81: =PARAMETROS!$B$5 | J81: =C81*D81*E81
B82: EJE-10 | C82: 1 | D82: 36.9 | E82: =PARAMETROS!$B$5 | J82: =C82*D82*E82
B83: EJE-11 | C83: 1 | D83: 30.36 | E83: =PARAMETROS!$B$5 | J83: =C83*D83*E83
B84: EJE-12 | C84: 1 | D84: 118.38 | E84: =PARAMETROS!$B$5 | J84: =C84*D84*E84
... B91: EJE-19 | C91: 1 | D91: 14.09 | E91: =PARAMETROS!$B$5 | J91: =C91*D91*E91
A92: 01.02.03 | B92: RELLENO COMPACTADO C/MATERIAL PROPIO SELECCIONADO | K92: =SUM(J93:J111) | L92: m³
B93: EJE-01 (a los lados de la cuneta) | C93: 1 | D93: 34.34 | E93: =PARAMETROS!$B$12-PARAMETROS!$B$5 | F93: 0.386 | J93: =C93*D93*E93*(F93+PARAMETROS!$B$8+PARAMETROS!$B$10)
B94: EJE-02 (a los lados de la cuneta) | C94: 1 | D94: 76.04 | E94: =PARAMETROS!$B$12-PARAMETROS!$B$5 | F94: 0.568 | J94: =C94*D94*E94*(F94+PARAMETROS!$B$8+PARAMETROS!$B$10)
B95: EJE-03 (a los lados de la cuneta) | C95: 1 | D95: 32.31 | E95: =PARAMETROS!$B$12-PARAMETROS!$B$5 | F95: 0.381 | J95: =C95*D95*E95*(F95+PARAMETROS!$B$8+PARAMETROS!$B$10)
B96: EJE-04 (a los lados de la cuneta) | C96: 1 | D96: 94.34 | E96: =PARAMETROS!$B$12-PARAMETROS!$B$5 | F96: 0.536 | J96: =C96*D96*E96*(F96+PARAMETROS!$B$8+PARAMETROS!$B$10)
B97: EJE-05 (a los lados de la cuneta) | C97: 1 | D97: 90.56 | E97: =PARAMETROS!$B$12-PARAMETROS!$B$5 | F97: 0.526 | J97: =C97*D97*E97*(F97+PARAMETROS!$B$8+PARAMETROS!$B$10)
B98: EJE-06 (a los lados de la cuneta) | C98: 1 | D98: 12.3 | E98: =PARAMETROS!$B$12-PARAMETROS!$B$5 | F98: 0.331 | J98: =C98*D98*E98*(F98+PARAMETROS!$B$8+PARAMETROS!$B$10)
B99: EJE-07 (a los lados de la cuneta) | C99: 1 | D99: 94.69 | E99: =PARAMETROS!$B$12-PARAMETROS!$B$5 | F99: 0.669 | J99: =C99*D99*E99*(F99+PARAMETROS!$B$8+PARAMETROS!$B$10)
B100: EJE-08 (a los lados de la cuneta) | C100: 1 | D100: 39.68 | E100: =PARAMETROS!$B$12-PARAMETROS!$B$5 | F100: 0.399 | J100: =C100*D100*E100*(F100+PARAMETROS!$B$8+PARAMETROS!$B$10)
B101: EJE-09 (a los lados de la cuneta) | C101: 1 | D101: 35.8 | E101: =PARAMETROS!$B$12-PARAMETROS!$B$5 | F101: 0.39 | J101: =C101*D101*E101*(F101+PARAMETROS!$B$8+PARAMETROS!$B$10)
B102: EJE-10 (a los lados de la cuneta) | C102: 1 | D102: 36.9 | E102: =PARAMETROS!$B$12-PARAMETROS!$B$5 | F102: 0.392 | J102: =C102*D102*E102*(F102+PARAMETROS!$B$8+PARAMETROS!$B$10)
B103: EJE-11 (a los lados de la cuneta) | C103: 1 | D103: 30.36 | E103: =PARAMETROS!$B$12-PARAMETROS!$B$5 | F103: 0.376 | J103: =C103*D103*E103*(F103+PARAMETROS!$B$8+PARAMETROS!$B$10)
B104: EJE-12 (a los lados de la cuneta) | C104: 1 | D104: 118.38 | E104: =PARAMETROS!$B$12-PARAMETROS!$B$5 | F104: 0.539 | J104: =C104*D104*E104*(F104+PARAMETROS!$B$8+PARAMETROS!$B$10)
... B111: EJE-19 (a los lados de la cuneta) | C111: 1 | D111: 14.09 | E111: =PARAMETROS!$B$12-PARAMETROS!$B$5 | F111: 0.335 | J111: =C111*D111*E111*(F111+PARAMETROS!$B$8+PARAMETROS!$B$10)
A112: 01.02.04 | B112: ELIMINACIÓN DE MATERIAL EXCEDENTE D<1Km | K112: =SUM(J113:J113) | L112: m³
B113: (Excavacion - relleno) x esponjamiento | G113: =PARAMETROS!$B$14 | J113: =(K52-K92)*G113
A114: 01.02.05 | B114: PERFILADO MANUAL DE TERRENO EN DESCARGAS | K114: =SUM(J115:J118) | L114: m²
B115: Descarga D1 (C.F. 183.759) | C115: 1 | D115: 0.5 | E115: =PARAMETROS!$B$5 | J115: =C115*D115*E115
B116: Descarga D2 (C.F. 183.758) | C116: 1 | D116: 0.25 | E116: =PARAMETROS!$B$5 | J116: =C116*D116*E116
B117: Descarga D3 (C.F. 183.736) | C117: 1 | D117: 0.5 | E117: =PARAMETROS!$B$5 | J117: =C117*D117*E117
B118: Descarga D4 (C.F. 184.145) | C118: 1 | D118: 0.5 | E118: =PARAMETROS!$B$5 | J118: =C118*D118*E118
A119: 01.03 | B119: OBRAS DE CONCRETO SIMPLE
A120: 01.03.01 | B120: CONCRETO f'c=100 kg/cm2 PARA SOLADO E=4'' | K120: =SUM(J121:J139) | L120: m²
B121: EJE-01 | C121: 1 | D121: 34.34 | E121: =PARAMETROS!$B$5 | J121: =C121*D121*E121
B122: EJE-02 | C122: 1 | D122: 76.04 | E122: =PARAMETROS!$B$5 | J122: =C122*D122*E122
B123: EJE-03 | C123: 1 | D123: 32.31 | E123: =PARAMETROS!$B$5 | J123: =C123*D123*E123
B124: EJE-04 | C124: 1 | D124: 94.34 | E124: =PARAMETROS!$B$5 | J124: =C124*D124*E124
B125: EJE-05 | C125: 1 | D125: 90.56 | E125: =PARAMETROS!$B$5 | J125: =C125*D125*E125
B126: EJE-06 | C126: 1 | D126: 12.3 | E126: =PARAMETROS!$B$5 | J126: =C126*D126*E126
B127: EJE-07 | C127: 1 | D127: 94.69 | E127: =PARAMETROS!$B$5 | J127: =C127*D127*E127
B128: EJE-08 | C128: 1 | D128: 39.68 | E128: =PARAMETROS!$B$5 | J128: =C128*D128*E128
B129: EJE-09 | C129: 1 | D129: 35.8 | E129: =PARAMETROS!$B$5 | J129: =C129*D129*E129
B130: EJE-10 | C130: 1 | D130: 36.9 | E130: =PARAMETROS!$B$5 | J130: =C130*D130*E130
B131: EJE-11 | C131: 1 | D131: 30.36 | E131: =PARAMETROS!$B$5 | J131: =C131*D131*E131
B132: EJE-12 | C132: 1 | D132: 118.38 | E132: =PARAMETROS!$B$5 | J132: =C132*D132*E132
...

Sheet METRADO ACERO
A2: ACERO f'y = 4200 kg/cm2 PARA CUNETAS - BARRAS DE 3/8"
A3: ENTIDAD | B3: GOBIERNO REGIONAL SAN MARTIN - GERENCIA TERRITORIAL BAJO MAYO - TARAPOTO
A4: PROYECTO | B4: “MEJORAMIENTO Y AMPLIACIÓN DEL SERVICIO DE EDUCACIÓN PRIMARIA EN I.E. N° 0590 DISTRITO DE BARRANQUITA DE LA PROVINCIA DE LAMAS DEL DEPARTAMENTO DE SAN MARTÍN” - C.I. N° 468901
A5: UBICACIÓN | B5: SAN MARTIN - LAMAS - BARRANQUITA
A6: FECHA | B6: OCTUBRE 2026
A8: EJE | B8: LONG. CON ACERO (m) | C8: h PROM. CON ACERO (m) | D8: LONG. TAPADA (m) | E8: LONG. U (m) | F8: N° DE U | G8: N° BARRAS LONG. | H8: kg U | I8: kg LONGIT. | J8: kg LOSA TAPA | K8: TOTAL (kg)
A9: EJE-01 | B9: 14.4 | C9: 0.436 | D9: 0 | E9: =IF(B9>0,2*(C9+PARAMETROS!$B$8-2*PARAMETROS!$B$16)+(PARAMETROS!$B$5-2*PARAMETROS!$B$16)+0.2,0) | F9: =IF(B9>0,B9/PARAMETROS!$B$18,0) | G9: =IF(B9>0,2*(CEILING(ROUND(C9/PARAMETROS!$B$19,6),1)+1)+(CEILING(ROUND((PARAMETROS!$B$5-2*PARAMETROS!$B$16)/PARAMETROS!$B$19,6),1)+1),0) | H9: =F9*E9*PARAMETROS!$B$17 | I9: =G9*B9*PARAMETROS!$B$17 | J9: =IF(B9>0,(D9/PARAMETROS!$B$19)*(PARAMETROS!$B$5-2*PARAMETROS!$B$16+0.2)*PARAMETROS!$B$17+3*D9*PARAMETROS!$B$17,0) | K9: =H9+I9+J9
A10: EJE-02 | B10: 56.15 | C10: 0.645 | D10: 0.76 | E10: =IF(B10>0,2*(C10+PARAMETROS!$B$8-2*PARAMETROS!$B$16)+(PARAMETROS!$B$5-2*PARAMETROS!$B$16)+0.2,0) | F10: =IF(B10>0,B10/PARAMETROS!$B$18,0) | G10: =IF(B10>0,2*(CEILING(ROUND(C10/PARAMETROS!$B$19,6),1)+1)+(CEILING(ROUND((PARAMETROS!$B$5-2*PARAMETROS!$B$16)/PARAMETROS!$B$19,6),1)+1),0) | H10: =F10*E10*PARAMETROS!$B$17 | I10: =G10*B10*PARAMETROS!$B$17 | J10: =IF(B10>0,(D10/PARAMETROS!$B$19)*(PARAMETROS!$B$5-2*PARAMETROS!$B$16+0.2)*PARAMETROS!$B$17+3*D10*PARAMETROS!$B$17,0) | K10: =H10+I10+J10
A11: EJE-03 | B11: 12.42 | C11: 0.431 | D11: 0 | E11: =IF(B11>0,2*(C11+PARAMETROS!$B$8-2*PARAMETROS!$B$16)+(PARAMETROS!$B$5-2*PARAMETROS!$B$16)+0.2,0) | F11: =IF(B11>0,B11/PARAMETROS!$B$18,0) | G11: =IF(B11>0,2*(CEILING(ROUND(C11/PARAMETROS!$B$19,6),1)+1)+(CEILING(ROUND((PARAMETROS!$B$5-2*PARAMETROS!$B$16)/PARAMETROS!$B$19,6),1)+1),0) | H11: =F11*E11*PARAMETROS!$B$17 | I11: =G11*B11*PARAMETROS!$B$17 | J11: =IF(B11>0,(D11/PARAMETROS!$B$19)*(PARAMETROS!$B$5-2*PARAMETROS!$B$16+0.2)*PARAMETROS!$B$17+3*D11*PARAMETROS!$B$17,0) | K11: =H11+I11+J11
A12: EJE-04 | B12: 74.15 | C12: 0.586 | D12: 0 | E12: =IF(B12>0,2*(C12+PARAMETROS!$B$8-2*PARAMETROS!$B$16)+(PARAMETROS!$B$5-2*PARAMETROS!$B$16)+0.2,0) | F12: =IF(B12>0,B12/PARAMETROS!$B$18,0) | G12: =IF(B12>0,2*(CEILING(ROUND(C12/PARAMETROS!$B$19,6),1)+1)+(CEILING(ROUND((PARAMETROS!$B$5-2*PARAMETROS!$B$16)/PARAMETROS!$B$19,6),1)+1),0) | H12: =F12*E12*PARAMETROS!$B$17 | I12: =G12*B12*PARAMETROS!$B$17 | J12: =IF(B12>0,(D12/PARAMETROS!$B$19)*(PARAMETROS!$B$5-2*PARAMETROS!$B$16+0.2)*PARAMETROS!$B$17+3*D12*PARAMETROS!$B$17,0) | K12: =H12+I12+J12
A13: EJE-05 | B13: 70.73 | C13: 0.576 | D13: 0 | E13: =IF(B13>0,2*(C13+PARAMETROS!$B$8-2*PARAMETROS!$B$16)+(PARAMETROS!$B$5-2*PARAMETROS!$B$16)+0.2,0) | F13: =IF(B13>0,B13/PARAMETROS!$B$18,0) | G13: =IF(B13>0,2*(CEILING(ROUND(C13/PARAMETROS!$B$19,6),1)+1)+(CEILING(ROUND((PARAMETROS!$B$5-2*PARAMETROS!$B$16)/PARAMETROS!$B$19,6),1)+1),0) | H13: =F13*E13*PARAMETROS!$B$17 | I13: =G13*B13*PARAMETROS!$B$17 | J13: =IF(B13>0,(D13/PARAMETROS!$B$19)*(PARAMETROS!$B$5-2*PARAMETROS!$B$16+0.2)*PARAMETROS!$B$17+3*D13*PARAMETROS!$B$17,0) | K13: =H13+I13+J13
A14: EJE-06 | B14: 0 | C14: 0 | D14: 0 | E14: =IF(B14>0,2*(C14+PARAMETROS!$B$8-2*PARAMETROS!$B$16)+(PARAMETROS!$B$5-2*PARAMETROS!$B$16)+0.2,0) | F14: =IF(B14>0,B14/PARAMETROS!$B$18,0) | G14: =IF(B14>0,2*(CEILING(ROUND(C14/PARAMETROS!$B$19,6),1)+1)+(CEILING(ROUND((PARAMETROS!$B$5-2*PARAMETROS!$B$16)/PARAMETROS!$B$19,6),1)+1),0) | H14: =F14*E14*PARAMETROS!$B$17 | I14: =G14*B14*PARAMETROS!$B$17 | J14: =IF(B14>0,(D14/PARAMETROS!$B$19)*(PARAMETROS!$B$5-2*PARAMETROS!$B$16+0.2)*PARAMETROS!$B$17+3*D14*PARAMETROS!$B$17,0) | K14: =H14+I14+J14
A15: EJE-07 | B15: 88.94 | C15: 0.69 | D15: 22.9 | E15: =IF(B15>0,2*(C15+PARAMETROS!$B$8-2*PARAMETROS!$B$16)+(PARAMETROS!$B$5-2*PARAMETROS!$B$16)+0.2,0) | F15: =IF(B15>0,B15/PARAMETROS!$B$18,0) | G15: =IF(B15>0,2*(CEILING(ROUND(C15/PARAMETROS!$B$19,6),1)+1)+(CEILING(ROUND((PARAMETROS!$B$5-2*PARAMETROS!$B$16)/PARAMETROS!$B$19,6),1)+1),0) | H15: =F15*E15*PARAMETROS!$B$17 | I15: =G15*B15*PARAMETROS!$B$17 | J15: =IF(B15>0,(D15/PARAMETROS!$B$19)*(PARAMETROS!$B$5-2*PARAMETROS!$B$16+0.2)*PARAMETROS!$B$17+3*D15*PARAMETROS!$B$17,0) | K15: =H15+I15+J15
A16: EJE-08 | B16: 19.89 | C16: 0.449 | D16: 0 | E16: =IF(B16>0,2*(C16+PARAMETROS!$B$8-2*PARAMETROS!$B$16)+(PARAMETROS!$B$5-2*PARAMETROS!$B$16)+0.2,0) | F16: =IF(B16>0,B16/PARAMETROS!$B$18,0) | G16: =IF(B16>0,2*(CEILING(ROUND(C16/PARAMETROS!$B$19,6),1)+1)+(CEILING(ROUND((PARAMETROS!$B$5-2*PARAMETROS!$B$16)/PARAMETROS!$B$19,6),1)+1),0) | H16: =F16*E16*PARAMETROS!$B$17 | I16: =G16*B16*PARAMETROS!$B$17 | J16: =IF(B16>0,(D16/PARAMETROS!$B$19)*(PARAMETROS!$B$5-2*PARAMETROS!$B$16+0.2)*PARAMETROS!$B$17+3*D16*PARAMETROS!$B$17,0) | K16: =H16+I16+J16
A17: EJE-09 | B17: 15.91 | C17: 0.439 | D17: 0 | E17: =IF(B17>0,2*(C17+PARAMETROS!$B$8-2*PARAMETROS!$B$16)+(PARAMETROS!$B$5-2*PARAMETROS!$B$16)+0.2,0) | F17: =IF(B17>0,B17/PARAMETROS!$B$18,0) | G17: =IF(B17>0,2*(CEILING(ROUND(C17/PARAMETROS!$B$19,6),1)+1)+(CEILING(ROUND((PARAMETROS!$B$5-2*PARAMETROS!$B$16)/PARAMETROS!$B$19,6),1)+1),0) | H17: =F17*E17*PARAMETROS!$B$17 | I17: =G17*B17*PARAMETROS!$B$17 | J17: =IF(B17>0,(D17/PARAMETROS!$B$19)*(PARAMETROS!$B$5-2*PARAMETROS!$B$16+0.2)*PARAMETROS!$B$17+3*D17*PARAMETROS!$B$17,0) | K17: =H17+I17+J17
A18: EJE-10 | B18: 16.75 | C18: 0.443 | D18: 0 | E18: =IF(B18>0,2*(C18+PARAMETROS!$B$8-2*PARAMETROS!$B$16)+(PARAMETROS!$B$5-2*PARAMETROS!$B$16)+0.2,0) | F18: =IF(B18>0,B18/PARAMETROS!$B$18,0) | G18: =IF(B18>0,2*(CEILING(ROUND(C18/PARAMETROS!$B$19,6),1)+1)+(CEILING(ROUND((PARAMETROS!$B$5-2*PARAMETROS!$B$16)/PARAMETROS!$B$19,6),1)+1),0) | H18: =F18*E18*PARAMETROS!$B$17 | I18: =G18*B18*PARAMETROS!$B$17 | J18: =IF(B18>0,(D18/PARAMETROS!$B$19)*(PARAMETROS!$B$5-2*PARAMETROS!$B$16+0.2)*PARAMETROS!$B$17+3*D18*PARAMETROS!$B$17,0) | K18: =H18+I18+J18
A19: EJE-11 | B19: 10.95 | C19: 0.424 | D19: 0.5 | E19: =IF(B19>0,2*(C19+PARAMETROS!$B$8-2*PARAMETROS!$B$16)+(PARAMETROS!$B$5-2*PARAMETROS!$B$16)+0.2,0) | F19: =IF(B19>0,B19/PARAMETROS!$B$18,0) | G19: =IF(B19>0,2*(CEILING(ROUND(C19/PARAMETROS!$B$19,6),1)+1)+(CEILING(ROUND((PARAMETROS!$B$5-2*PARAMETROS!$B$16)/PARAMETROS!$B$19,6),1)+1),0) | H19: =F19*E19*PARAMETROS!$B$17 | I19: =G19*B19*PARAMETROS!$B$17 | J19: =IF(B19>0,(D19/PARAMETROS!$B$19)*(PARAMETROS!$B$5-2*PARAMETROS!$B$16+0.2)*PARAMETROS!$B$17+3*D19*PARAMETROS!$B$17,0) | K19: =H19+I19+J19
A20: EJE-12 | B20: 98.55 | C20: 0.577 | D20: 15.22 | E20: =IF(B20>0,2*(C20+PARAMETROS!$B$8-2*PARAMETROS!$B$16)+(PARAMETROS!$B$5-2*PARAMETROS!$B$16)+0.2,0) | F20: =IF(B20>0,B20/PARAMETROS!$B$18,0) | G20: =IF(B20>0,2*(CEILING(ROUND(C20/PARAMETROS!$B$19,6),1)+1)+(CEILING(ROUND((PARAMETROS!$B$5-2*PARAMETROS!$B$16)/PARAMETROS!$B$19,6),1)+1),0) | H20: =F20*E20*PARAMETROS!$B$17 | I20: =G20*B20*PARAMETROS!$B$17 | J20: =IF(B20>0,(D20/PARAMETROS!$B$19)*(PARAMETROS!$B$5-2*PARAMETROS!$B$16+0.2)*PARAMETROS!$B$17+3*D20*PARAMETROS!$B$17,0) | K20: =H20+I20+J20
... A27: EJE-19 | B27: 0 | C27: 0 | D27: 0 | E27: =IF(B27>0,2*(C27+PARAMETROS!$B$8-2*PARAMETROS!$B$16)+(PARAMETROS!$B$5-2*PARAMETROS!$B$16)+0.2,0) | F27: =IF(B27>0,B27/PARAMETROS!$B$18,0) | G27: =IF(B27>0,2*(CEILING(ROUND(C27/PARAMETROS!$B$19,6),1)+1)+(CEILING(ROUND((PARAMETROS!$B$5-2*PARAMETROS!$B$16)/PARAMETROS!$B$19,6),1)+1),0) | H27: =F27*E27*PARAMETROS!$B$17 | I27: =G27*B27*PARAMETROS!$B$17 | J27: =IF(B27>0,(D27/PARAMETROS!$B$19)*(PARAMETROS!$B$5-2*PARAMETROS!$B$16+0.2)*PARAMETROS!$B$17+3*D27*PARAMETROS!$B$17,0) | K27: =H27+I27+J27
A28: TOTAL | K28: =SUM(K9:K27)
A30: Acero solo donde h >= 0.40 m (de la rejilla al fondo) o en tramo tapado; con h < 0.40 m la cuneta es de concreto simple. U de 3/8" @0.25 m con ganchos de 0.10 m; longitudinales de 3/8" @0.20 m en muros y losa de fondo; losa tapa: 3/8" @0.20 m transversal y 3 barras longitudinales.

Sheet PARAMETROS
A2: PARAMETROS DEL METRADO - RED DE CUNETAS
A3: ENTIDAD | B3: GOBIERNO REGIONAL SAN MARTIN - GERENCIA TERRITORIAL BAJO MAYO - TARAPOTO
A4: PROYECTO | B4: “MEJORAMIENTO Y AMPLIACIÓN DEL SERVICIO DE EDUCACIÓN PRIMARIA EN I.E. N° 0590 DISTRITO DE BARRANQUITA DE LA PROVINCIA DE LAMAS DEL DEPARTAMENTO DE SAN MARTÍN” - C.I. N° 468901
A5: Ancho exterior de la cuneta (m) | B5: 0.6
A6: Luz libre interior (m) | B6: 0.4
A7: Espesor de muros (m) | B7: 0.1
A8: Espesor de losa de fondo (m) | B8: 0.1
A9: Espesor de losa tapa en tramos tapados (m) | B9: 0.1
A10: Espesor de solado f'c = 100 kg/cm2 (m) | B10: 0.1
A11: Sobreancho de excavacion a cada lado (m) | B11: 0.15
A12: Ancho de excavacion (m) | B12: =B5+2*B11
A13: Profundidad adicional bajo la cota de fondo: losa + solado (m) | B13: =B8+B10
A14: Factor de esponjamiento para eliminacion | B14: 1.25
A15: Junta de dilatacion en la seccion en U cada (m) | B15: 3
A16: Recubrimiento del acero (m) | B16: 0.04
A17: Peso de la barra de 3/8" (kg/m) | B17: 0.56
A18: Separacion de las U de 3/8" (m) | B18: 0.25
A19: Separacion de barras longitudinales de 3/8" (m) | B19: 0.2
A20: Profundidad minima con acero (m): h >= 0.40 o tramo tapado | B20: 0.4
A21: Tapa de inspeccion: lado (m) | B21: 0.6
A22: Tapa de inspeccion: espesor (m) | B22: 0.1
A24: Fuente: planos DC-01 a DC-19 (secciones tipicas DC-02, perfiles DC-03 a DC-11, secciones DC-12 a DC-14, descargas DC-16 a DC-19).
