Workbook

Sheet MEMORIA
A1: MEMORIA DE CALCULO - COLECTOR PLUVIAL TRAMO CAR MUJERES (PREPARADO PARA LOS TRES PROYECTOS)
A2: Colector pluvial frontal - tramo CAR Mujeres (CUI 2717013), dimensionado para recibir CAR Varones (CUI 2705619) y Hogar de Refugio (CUI 2675514) - Morales, San Martin
A4: 1. OBJETO | B4: Dimensionar el tramo del colector frontal del CAR Mujeres (0+000 a 0+139.08) para conducir, ademas de su propio caudal, los caudales del CAR Varones y del Hogar de Refugio, que se conectan aguas arriba, con secciones economicas, enterradas y con tapa a ras de vereda.
A5: 2. NORMATIVA | B5: RNE CE.040 Drenaje Pluvial (RM 126-2021-VIVIENDA); RNE E.020 Cargas; RNE E.060 Concreto Armado; AASHTO LRFD para carga de rueda en cruces vehiculares.
A6: 3. HIDROLOGIA | B6: Metodo Racional con los coeficientes y areas de las memorias de calculo de cada proyecto. TR = 25 anos; intensidad para tc = 15 min de la curva precipitacion-duracion del analisis estadistico; FS = 1.15 (hoja CAUDALES).
A7: 4. HIDRAULICA | B7: La salida esta controlada por la calzada de la Crta. Oasis (cresta 258.54), sobre la que el agua rebalsa. Por ello no basta el tirante normal: se calcula el perfil de flujo por el metodo del paso estandar desde la salida hasta el Eje 02, con el caudal que entra en cada eje (hojas SALIDA y PERFIL_FLUJO). Criterio: llenado <= 85 % de la altura interior y borde libre >= 0.05 m bajo la tapa.
A8: 5. ESTRUCTURAS | B8: Tapas, losa superior del cruce de camiones, muros y losa de fondo verificados a flexion y corte con E.060, con cuantia minima por temperatura (hoja ESTRUCTURAL).
A9: 6. RESULTADOS | B9: Colector cubierto de concreto armado, ancho interior b = 1.50 m, losa superior monolitica en todo su recorrido (a ras de vereda hasta 0+078.42 y h = 0.60 m hasta la salida con dos aleros), registros de limpieza con tapa removible; todo dentro del lindero. Llenado maximo, borde libre minimo y numero de estaciones que no cumplen: ver abajo (se actualizan con las formulas).
A11: Caudal total en la salida (L/s) | B11: =CAUDALES!F8
A12: Nivel de control en la salida (msnm) | B12: =SALIDA!B10
A13: Ancho interior adoptado (m) | B13: =DATOS!B14
A14: Llenado maximo y/h | B14: =PERFIL_FLUJO!B82
A15: Borde libre minimo bajo tapa (m) | B15: =PERFIL_FLUJO!B83
A16: Estaciones hidraulicas que no cumplen | B16: =PERFIL_FLUJO!B84
A17: Elementos estructurales que no cumplen | B17: =COUNTIF(ESTRUCTURAL!E:E,"NO CUMPLE")
A19: NOTA | B19: El cruce de la Crta. Oasis (baden o alcantarilla) queda fuera del alcance del proyecto y se indica en la memoria descriptiva para la entidad a cargo de la via. Capacidad portante a confirmar con el EMS.

Sheet DATOS
A1: 1. DATOS DE DISENO
A2: Colector pluvial frontal - tramo CAR Mujeres (CUI 2717013), dimensionado para recibir CAR Varones (CUI 2705619) y Hogar de Refugio (CUI 2675514) - Morales, San Martin
A4: PARAMETRO | B4: VALOR | C4: UND | D4: FUENTE / CRITERIO | E4: SIMBOLO
A5: HIDROLOGIA
A6: Periodo de retorno | B6: 25 | C6: anos | D6: Analisis estadistico de precipitaciones (memorias de calculo) | E6: TR
A7: Precipitacion de diseno D=10 min | B7: 35.163 | C7: mm | D7: Analisis estadistico, hoja C. P diseno | E7: P10
A8: Precipitacion de diseno D=20 min | B8: 41.816 | C8: mm | D8: Analisis estadistico, hoja C. P diseno | E8: P20
A9: Tiempo de concentracion en la salida | B9: 15 | C9: min | D9: 10 min de entrada + recorrido en cunetas y colector | E9: tc
A10: Exponente de la curva P-D | B10: =LN(DATOS!$B$8/DATOS!$B$7)/LN(2) | C10: - | D10: b = ln(P20/P10)/ln 2 | E10: bx
A11: Intensidad de diseno I | B11: =DATOS!$B$7*(DATOS!$B$9/10)^DATOS!$B$10/(DATOS!$B$9/60) | C11: mm/h | D11: I = P10 (tc/10)^b / (tc/60) | E11: I
A12: Factor de seguridad FS | B12: 1.15 | C12: - | D12: Memorias de calculo HIDRO-CE040 | E12: FS
A13: GEOMETRIA DEL COLECTOR (tramo CAR Mujeres)
A14: Ancho interior b | B14: 1.5 | C14: m | D14: Adoptado: llenado <= 85% en todo el tramo (hoja PERFIL_FLUJO) | E14: b
A15: Espesor de muros y losa (tramo normal) | B15: 0.1 | C15: m | E15: e
A16: Cota de fondo inicial (Eje 02, 0+000) | B16: 258.72 | C16: msnm | D16: Cuneta Eje 02 NCF 258.73 | E16: CF0
A17: Cota de fondo en la salida (0+139.08) | B17: 258.3 | C17: msnm | D17: Topografia: 0.24 m bajo la cresta de la via | E17: CFs
A18: Longitud del colector | B18: 139.08 | C18: m | D18: Eje a 0.85 m del lindero; ultimos 4 m desviados 0.85 m hacia el predio para la salida con aleros | E18: L
A19: Pendiente S | B19: =(DATOS!$B$16-DATOS!$B$17)/DATOS!$B$18 | C19: m/m | E19: S
A20: Progresiva fin del tramo en vereda (quiebre C-1) | B20: 78.42 | C20: m | E20: PKC1
A21: NPT vereda (cara superior de tapa) | B21: 259.25 | C21: msnm | D21: Arquitectura CAR Mujeres | E21: NPT
A22: Espesor de losa superior (monolitica) | B22: 0.1 | C22: m | D22: Ver hoja ESTRUCTURAL | E22: et
A23: Tramo cruce de camiones: inicio | B23: 54 | C23: m | D23: Ingreso secundario | E23: pc1
A24: Tramo cruce de camiones: fin | B24: 60 | C24: m | E24: pc2
A25: Espesor losa superior en cruce de camiones | B25: 0.2 | C25: m | D25: Losa vaciada in situ monolitica | E25: ec
A26: Altura interior tramo final (fuera de vereda) | B26: 0.6 | C26: m | D26: Colector cubierto con losa superior | E26: hab
A27: Coeficiente de Manning n | B27: 0.015 | C27: - | D27: Concreto vaciado in situ (Chow) | E27: n
A28: CRITERIOS DE VERIFICACION HIDRAULICA
A29: Llenado maximo admisible y/h (conducto cubierto) | B29: 0.85 | C29: - | D29: Criterio de conducto cerrado a superficie libre | E29: llen
A30: Borde libre minimo bajo tapa | B30: 0.05 | C30: m | D30: Complementario al criterio de llenado | E30: BLmin
A31: Cresta de la via frente a la salida | B31: 258.54 | C31: msnm | D31: Topografia TIN (berma/calzada Crta. Oasis) | E31: cresta
A32: Longitud efectiva de vertido sobre la berma | B32: 4 | C32: m | D32: Salida con dos aleros a 45 grados: el agua sale por la una (2.91 m) y se abre sobre la berma hasta la cresta | E32: Lw
A33: Coeficiente de vertedero de cresta ancha | B33: 1.7 | C33: m0.5/s | D33: Q = C L H^1.5 | E33: Cw
A35: Azul = dato editable; negro = formula; verde = vinculo.

Sheet CAUDALES
A1: 2. CAUDALES DE DISENO - METODO RACIONAL Q = C I A FS
A2: Colector pluvial frontal - tramo CAR Mujeres (CUI 2717013), dimensionado para recibir CAR Varones (CUI 2705619) y Hogar de Refugio (CUI 2675514) - Morales, San Martin
A4: PROYECTO | B4: AREA (m2) | C4: C x A (m2) | D4: C PONDERADO | E4: I (mm/h) | F4: Q (L/s) | G4: INGRESA AL COLECTOR EN | H4: FUENTE
A5: CAR Varones (Katiuska) | B5: 6752.06 | C5: 5203.3213 | D5: =C5/B5 | E5: =DATOS!$B$11 | F5: =C5*E5/3600000*DATOS!$B$12*1000 | G5: Caja de llegada (Eje 02) | H5: Memoria HIDRO-CE040, 14 fichas
A6: Hogar de Refugio M. Violentadas (Solange) | B6: 7520.41 | C6: 6072.3596 | D6: =C6/B6 | E6: =DATOS!$B$11 | F6: =C6*E6/3600000*DATOS!$B$12*1000 | G6: Caja de llegada (Eje 02) | H6: Memoria HIDRO-CE040, 11 fichas
A7: CAR Mujeres (Wilma) | B7: 7491.56 | C7: 5274.4494 | D7: =C7/B7 | E7: =DATOS!$B$11 | F7: =C7*E7/3600000*DATOS!$B$12*1000 | G7: Ejes 02, 07, 10 y 12 (1/4 en cada uno) | H7: Memoria HIDRO-CE040, 13 fichas
A8: TOTAL EN LA SALIDA | B8: =SUM(B5:B7) | C8: =SUM(C5:C7) | D8: =C8/B8 | F8: =SUM(F5:F7)
A10: Caudal que circula por cada punto del tramo CAR Mujeres (de aguas arriba hacia la salida)
A11: PUNTO | B11: PROGRESIVA | C11: APORTE (L/s) | D11: Q ACUMULADO (L/s)
A12: Eje 02 (con llegada de Varones + M. Violentadas) | B12: 0 | C12: =F5+F6+F7/4 | D12: =SUM($C$12:C12)
A13: Eje 07 | B13: 37.95 | C13: =F7/4 | D13: =SUM($C$12:C13)
A14: Eje 10 | B14: 49.38 | C14: =F7/4 | D14: =SUM($C$12:C14)
A15: Eje 12 | B15: 60.15 | C15: =F7/4 | D15: =SUM($C$12:C15)
A17: Suma de picos sin desfase de tiempos y con FS = 1.15: hipotesis conservadora.

Sheet SALIDA
A1: 3. CONDICION DE CONTROL EN LA SALIDA
A2: Colector pluvial frontal - tramo CAR Mujeres (CUI 2717013), dimensionado para recibir CAR Varones (CUI 2705619) y Hogar de Refugio (CUI 2675514) - Morales, San Martin
A4: PARAMETRO | B4: VALOR | C4: UND | D4: FORMULA
A5: Caudal total Q | B5: =CAUDALES!F8/1000 | C5: m3/s
A6: Carga sobre la cresta de la via H | B6: =(B5/(DATOS!$B$32*DATOS!$B$33))^(2/3) | C6: m | D6: H = (Q / (Cw Lw))^(2/3)
A7: Nivel de agua por vertido sobre la via | B7: =DATOS!$B$31+B6 | C7: msnm | D7: cresta + H
A8: Tirante critico en el canal yc | B8: =(B5^2/(9.81*DATOS!$B$14^2))^(1/3) | C8: m | D8: yc = (Q2 / (g b2))^(1/3)
A9: Nivel critico en la salida | B9: =DATOS!$B$17+B8 | C9: msnm | D9: CF salida + yc
A10: NIVEL DE CONTROL EN LA SALIDA | B10: =MAX(B7,B9) | C10: msnm | D10: El mayor: gobierna el vertido sobre la via (remanso)
A12: El agua sale rebalsando la calzada de la Crta. Oasis (cresta 258.54): esa cota controla el nivel del colector aguas arriba.

Sheet PERFIL_FLUJO
A1: 4. PERFIL DE FLUJO GRADUALMENTE VARIADO - METODO DEL PASO ESTANDAR (desde la salida hacia aguas arriba)
A2: Colector pluvial frontal - tramo CAR Mujeres (CUI 2717013), dimensionado para recibir CAR Varones (CUI 2705619) y Hogar de Refugio (CUI 2675514) - Morales, San Martin
A3: Ecuacion de energia entre estaciones: y2 + V2^2/2g + z2 = y1 + V1^2/2g + z1 + (Sf1+Sf2)/2 * dx ; Sf = (n V / R^(2/3))^2. El tirante de cada fila se resuelve por biseccion en las columnas auxiliares (desde la columna P).
A4: PROGRESIVA (m) | B4: COTA FONDO | C4: Q (m3/s) | D4: yc (m) | E4: TIRANTE y (m) | F4: NIVEL DE AGUA | G4: VELOCIDAD (m/s) | H4: FROUDE | I4: TECHO DISPONIBLE | J4: ALTURA INTERIOR h | K4: LLENADO y/h | L4: BORDE LIBRE (m) | M4: VERIFICACION | N4: TRAMO
A5: 139.08 | B5: =DATOS!$B$16-DATOS!$B$19*A5 | C5: =IF(A5<CAUDALES!$B$13,CAUDALES!$D$12,IF(A5<CAUDALES!$B$14,CAUDALES!$D$13,IF(A5<CAUDALES!$B$15,CAUDALES!$D$14,CAUDALES!$D$15)))/1000 | D5: =(C5^2/(9.81*DATOS!$B$14^2))^(1/3) | E5: =SALIDA!B10-B5 | F5: =B5+E5 | G5: =C5/(DATOS!$B$14*E5) | H5: =G5/SQRT(9.81*E5) | I5: =IF(A5<=DATOS!$B$20,DATOS!$B$21-IF(AND(A5>=DATOS!$B$23,A5<DATOS!$B$24),DATOS!$B$25,DATOS!$B$22),B5+DATOS!$B$26) | J5: =I5-B5 | K5: =E5/J5 | L5: =I5-F5 | M5: =IF(AND(K5<=DATOS!$B$29,L5>=DATOS!$B$30),"CUMPLE","NO CUMPLE") | N5: =IF(A5>DATOS!$B$20,"cubierto - tramo final",IF(AND(A5>=DATOS!$B$23,A5<DATOS!$B$24),"cubierto - camiones","cubierto"))
A6: 138 | B6: =DATOS!$B$16-DATOS!$B$19*A6 | C6: =IF(A6<CAUDALES!$B$13,CAUDALES!$D$12,IF(A6<CAUDALES!$B$14,CAUDALES!$D$13,IF(A6<CAUDALES!$B$15,CAUDALES!$D$14,CAUDALES!$D$15)))/1000 | D6: =(C6^2/(9.81*DATOS!$B$14^2))^(1/3) | E6: =(BT6+BU6)/2 | F6: =B6+E6 | G6: =C6/(DATOS!$B$14*E6) | H6: =G6/SQRT(9.81*E6) | I6: =IF(A6<=DATOS!$B$20,DATOS!$B$21-IF(AND(A6>=DATOS!$B$23,A6<DATOS!$B$24),DATOS!$B$25,DATOS!$B$22),B6+DATOS!$B$26) | J6: =I6-B6 | K6: =E6/J6 | L6: =I6-F6 | M6: =IF(AND(K6<=DATOS!$B$29,L6>=DATOS!$B$30),"CUMPLE","NO CUMPLE") | N6: =IF(A6>DATOS!$B$20,"cubierto - tramo final",IF(AND(A6>=DATOS!$B$23,A6<DATOS!$B$24),"cubierto - camiones","cubierto")) | P6: =D6*1.001 | Q6: 2 | R6: =IF((((P6+Q6)/2)+(C6/(DATOS!$B$14*((P6+Q6)/2)))^2/(2*9.81)+B6-(E5+(C5/(DATOS!$B$14*E5))^2/(2*9.81)+B5+0.5*(((DATOS!$B$27*C5/(DATOS!$B$14*E5))^2/((DATOS!$B$14*E5)/(DATOS!$B$14+2*E5))^(4/3))+((DATOS!$B$27*C6/(DATOS!$B$14*((P6+Q6)/2)))^2/((DATOS!$B$14*((P6+Q6)/2))/(DATOS!$B$14+2*((P6+Q6)/2)))^(4/3)))*(A5-A6)))<0,((P6+Q6)/2),P6) | S6: =IF((((P6+Q6)/2)+(C6/(DATOS!$B$14*((P6+Q6)/2)))^2/(2*9.81)+B6-(E5+(C5/(DATOS!$B$14*E5))^2/(2*9.81)+B5+0.5*(((DATOS!$B$27*C5/(DATOS!$B$14*E5))^2/((DATOS!$B$14*E5)/(DATOS!$B$14+2*E5))^(4/3))+((DATOS!$B$27*C6/(DATOS!$B$14*((P6+Q6)/2)))^2/((DATOS!$B$14*((P6+Q6)/2))/(DATOS!$B$14+2*((P6+Q6)/2)))^(4/3)))*(A5-A6)))<0,Q6,((P6+Q6)/2)) | T6: =IF((((R6+S6)/2)+(C6/(DATOS!$B$14*((R6+S6)/2)))^2/(2*9.81)+B6-(E5+(C5/(DATOS!$B$14*E5))^2/(2*9.81)+B5+0.5*(((DATOS!$B$27*C5/(DATOS!$B$14*E5))^2/((DATOS!$B$14*E5)/(DATOS!$B$14+2*E5))^(4/3))+((DATOS!$B$27*C6/(DATOS!$B$14*((R6+S6)/2)))^2/((DATOS!$B$14*((R6+S6)/2))/(DATOS!$B$14+2*((R6+S6)/2)))^(4/3)))*(A5-A6)))<0,((R6+S6)/2),R6) | U6: =IF((((R6+S6)/2)+(C6/(DATOS!$B$14*((R6+S6)/2)))^2/(2*9.81)+B6-(E5+(C5/(DATOS!$B$14*E5))^2/(2*9.81)+B5+0.5*(((DATOS!$B$27*C5/(DATOS!$B$14*E5))^2/((DATOS!$B$14*E5)/(DATOS!$B$14+2*E5))^(4/3))+((DATOS!$B$27*C6/(DATOS!$B$14*((R6+S6)/2)))^2/((DATOS!$B$14*((R6+S6)/2))/(DATOS!$B$14+2*((R6+S6)/2)))^(4/3)))*(A5-A6)))<0,S6,((R6+S6)/2)) | V6: =IF((((T6+U6)/2)+(C6/(DATOS!$B$14*((T6+U6)/2)))^2/(2*9.81)+B6-(E5+(C5/(DATOS!$B$14*E5))^2/(2*9.81)+B5+0.5*(((DATOS!$B$27*C5/(DATOS!$B$14*E5))^2/((DATOS!$B$14*E5)/(DATOS!$B$14+2*E5))^(4/3))+((DATOS!$B$27*C6/(DATOS!$B$14*((T6+U6)/2)))^2/((DATOS!$B$14*((T6+U6)/2))/(DATOS!$B$14+2*((T6+U6)/2)))^(4/3)))*(A5-A6)))<0,((T6+U6)/2),T6) | W6: =IF((((T6+U6)/2)+(C6/(DATOS!$B$14*((T6+U6)/2)))^2/(2*9.81)+B6-(E5+(C5/(DATOS!$B$14*E5))^2/(2*9.81)+B5+0.5*(((DATOS!$B$27*C5/(DATOS!$B$14*E5))^2/((DATOS!$B$14*E5)/(DATOS!$B$14+2*E5))^(4/3))+((DATOS!$B$27*C6/(DATOS!$B$14*((T6+U6)/2)))^2/((DATOS!$B$14*((T6+U6)/2))/(DATOS!$B$14+2*((T6+U6)/2)))^(4/3)))*(A5-A6)))<0,U6,((T6+U6)/2)) | X6: =IF((((V6+W6)/2)+(C6/(DATOS!$B$14*((V6+W6)/2)))^2/(2*9.81)+B6-(E5+(C5/(DATOS!$B$14*E5))^2/(2*9.81)+B5+0.5*(((DATOS!$B$27*C5/(DATOS!$B$14*E5))^2/((DATOS!$B$14*E5)/(DATOS!$B$14+2*E5))^(4/3))+((DATOS!$B$27*C6/(DATOS!$B$14*((V6+W6)/2)))^2/((DATOS!$B$14*((V6+W6)/2))/(DATOS!$B$14+2*((V6+W6)/2)))^(4/3)))*(A5-A6)))<0,((V6+W6)/2),V6) | Y6: =IF((((V6+W6)/2)+(C6/(DATOS!$B$14*((V6+W6)/2)))^2/(2*9.81)+B6-(E5+(C5/(DATOS!$B$14*E5))^2/(2*9.81)+B5+0.5*(((DATOS!$B$27*C5/(DATOS!$B$14*E5))^2/((DATOS!$B$14*E5)/(DATOS!$B$14+2*E5))^(4/3))+((DATOS!$B$27*C6/(DATOS!$B$14*((V6+W6)/2)))^2/((DATOS!$B$14*((V6+W6)/2))/(DATOS!$B$14+2*((V6+W6)/2)))^(4/3)))*(A5-A6)))<0,W6,((V6+W6)/2)) | Z6: =IF((((X6+Y6)/2)+(C6/(DATOS!$B$14*((X6+Y6)/2)))^2/(2*9.81)+B6-(E5+(C5/(DATOS!$B$14*E5))^2/(2*9.81)+B5+0.5*(((DATOS!$B$27*C5/(DATOS!$B$14*E5))^2/((DATOS!$B$14*E5)/(DATOS!$B$14+2*E5))^(4/3))+((DATOS!$B$27*C6/(DATOS!$B$14*((X6+Y6)/2)))^2/((DATOS!$B$14*((X6+Y6)/2))/(DATOS!$B$14+2*((X6+Y6)/2)))^(4/3)))*(A5-A6)))<0,((X6+Y6)/2),X6) | AA6: =IF((((X6+Y6)/2)+(C6/(DATOS!$B$14*((X6+Y6)/2)))^2/(2*9.81)+B6-(E5+(C5/(DATOS!$B$14*E5))^2/(2*9.81)+B5+0.5*(((DATOS!$B$27*C5/(DATOS!$B$14*E5))^2/((DATOS!$B$14*E5)/(DATOS!$B$14+2*E5))^(4/3))+((DATOS!$B$27*C6/(DATOS!$B$14*((X6+Y6)/2)))^2/((DATOS!$B$14*((X6+Y6)/2))/(DATOS!$B$14+2*((X6+Y6)/2)))^(4/3)))*(A5-A6)))<0,Y6,((X6+Y6)/2)) | AB6: =IF((((Z6+AA6)/2)+(C6/(DATOS!$B$14*((Z6+AA6)/2)))^2/(2*9.81)+B6-(E5+(C5/(DATOS!$B$14*E5))^2/(2*9.81)+B5+0.5*(((DATOS!$B$27*C5/(DATOS!$B$14*E5))^2/((DATOS!$B$14*E5)/(DATOS!$B$14+2*E5))^(4/3))+((DATOS!$B$27*C6/(DATOS!$B$14*((Z6+AA6)/2)))^2/((DATOS!$B$14*((Z6+AA6)/2))/(DATOS!$B$14+2*((Z6+AA6)/2)))^(4/3)))*(A5-A6)))<0,((Z6+AA6)/2),Z6) | AC6: =IF((((Z6+AA6)/2)+(C6/(DATOS!$B$14*((Z6+AA6)/2)))^2/(2*9.81)+B6-(E5+(C5/(DATOS!$B$14*E5))^2/(2*9.81)+B5+0.5*(((DATOS!$B$27*C5/(DATOS!$B$14*E5))^2/((DATOS!$B$14*E5)/(DATOS!$B$14+2*E5))^(4/3))+((DATOS!$B$27*C6/(DATOS!$B$14*((Z6+AA6)/2)))^2/((DATOS!$B$14*((Z6+AA6)/2))/(DATOS!$B$14+2*((Z6+AA6)/2)))^(4/3)))*(A5-A6)))<0,AA6,((Z6+AA6)/2)) | AD6: =IF((((AB6+AC6)/2)+(C6/(DATOS!$B$14*((AB6+AC6)/2)))^2/(2*9.81)+B6-(E5+(C5/(DATOS!$B$14*E5))^2/(2*9.81)+B5+0.5*(((DATOS!$B$27*C5/(DATOS!$B$14*E5))^2/((DATOS!$B$14*E5)/(DATOS!$B$14+2*E5))^(4/3))+((DATOS!$B$27*C6/(DATOS!$B$14*((AB6+AC6)/2)))^2/((DATOS!$B$14*((AB6+AC6)/2))/(DATOS!$B$14+2*((AB6+AC6)/2)))^(4/3)))*(A5-A6)))<0,((AB6+AC6)/2),AB6) | AE6: =IF((((AB6+AC6)/2)+(C6/(DATOS!$B$14*((AB6+AC6)/2)))^2/(2*9.81)+B6-(E5+(C5/(DATOS!$B$14*E5))^2/(2*9.81)+B5+0.5*(((DATOS!$B$27*C5/(DATOS!$B$14*E5))^2/((DATOS!$B$14*E5)/(DATOS!$B$14+2*E5))^(4/3))+((DATOS!$B$27*C6/(DATOS!$B$14*((AB6+AC6)/2)))^2/((DATOS!$B$14*((AB6+AC6)/2))/(DATOS!$B$14+2*((AB6+AC6)/2)))^(4/3)))*(A5-A6)))<0,AC6,((AB6+AC6)/2)) | AF6: =IF((((AD6+AE6)/2)+(C6/(DATOS!$B$14*((AD6+AE6)/2)))^2/(2*9.81)+B6-(E5+(C5/(DATOS!$B$14*E5))^2/(2*9.81)+B5+0.5*(((DATOS!$B$27*C5/(DATOS!$B$14*E5))^2/((DATOS!$B$14*E5)/(DATOS!$B$14+2*E5))^(4/3))+((DATOS!$B$27*C6/(DATOS!$B$14*((AD6+AE6)/2)))^2/((DATOS!$B$14*((AD6+AE6)/2))/(DATOS!$B$14+2*((AD6+AE6)/2)))^(4/3)))*(A5-A6)))<0,((AD6+AE6)/2),AD6) | AG6: =IF((((AD6+AE6)/2)+(C6/(DATOS!$B$14*((AD6+AE6)/2)))^2/(2*9.81)+B6-(E5+(C5/(DATOS!$B$14*E5))^2/(2*9.81)+B5+0.5*(((DATOS!$B$27*C5/(DATOS!$B$14*E5))^2/((DATOS!$B$14*E5)/(DATOS!$B$14+2*E5))^(4/3))+((DATOS!$B$27*C6/(DATOS!$B$14*((AD6+AE6)/2)))^2/((DATOS!$B$14*((AD6+AE6)/2))/(DATOS!$B$14+2*((AD6+AE6)/2)))^(4/3)))*(A5-A6)))<0,AE6,((AD6+AE6)/2)) | AH6: =IF((((AF6+AG6)/2)+(C6/(DATOS!$B$14*((AF6+AG6)/2)))^2/(2*9.81)+B6-(E5+(C5/(DATOS!$B$14*E5))^2/(2*9.81)+B5+0.5*(((DATOS!$B$27*C5/(DATOS!$B$14*E5))^2/((DATOS!$B$14*E5)/(DATOS!$B$14+2*E5))^(4/3))+((DATOS!$B$27*C6/(DATOS!$B$14*((AF6+AG6)/2)))^2/((DATOS!$B$14*((AF6+AG6)/2))/(DATOS!$B$14+2*((AF6+AG6)/2)))^(4/3)))*(A5-A6)))<0,((AF6+AG6)/2),AF6) | AI6: =IF((((AF6+AG6)/2)+(C6/(DATOS!$B$14*((AF6+AG6)/2)))^2/(2*9.81)+B6-(E5+(C5/(DATOS!$B$14*E5))^2/(2*9.81)+B5+0.5*(((DATOS!$B$27*C5/(DATOS!$B$14*E5))^2/((DATOS!$B$14*E5)/(DATOS!$B$14+2*E5))^(4/3))+((DATOS!$B$27*C6/(DATOS!$B$14*((AF6+AG6)/2)))^2/((DATOS!$B$14*((AF6+AG6)/2))/(DATOS!$B$14+2*((AF6+AG6)/2)))^(4/3)))*(A5-A6)))<0,AG6,((AF6+AG6)/2)) | AJ6: =IF((((AH6+AI6)/2)+(C6/(DATOS!$B$14*((AH6+AI6)/2)))^2/(2*9.81)+B6-(E5+(C5/(DATOS!$B$14*E5))^2/(2*9.81)+B5+0.5*(((DATOS!$B$27*C5/(DATOS!$B$14*E5))^2/((DATOS!$B$14*E5)/(DATOS!$B$14+2*E5))^(4/3))+((DATOS!$B$27*C6/(DATOS!$B$14*((AH6+AI6)/2)))^2/((DATOS!$B$14*((AH6+AI6)/2))/(DATOS!$B$14+2*((AH6+AI6)/2)))^(4/3)))*(A5-A6)))<0,((AH6+AI6)/2),AH6) | AK6: =IF((((AH6+AI6)/2)+(C6/(DATOS!$B$14*((AH6+AI6)/2)))^2/(2*9.81)+B6-(E5+(C5/(DATOS!$B$14*E5))^2/(2*9.81)+B5+0.5*(((DATOS!$B$27*C5/(DATOS!$B$14*E5))^2/((DATOS!$B$14*E5)/(DATOS!$B$14+2*E5))^(4/3))+((DATOS!$B$27*C6/(DATOS!$B$14*((AH6+AI6)/2)))^2/((DATOS!$B$14*((AH6+AI6)/2))/(DATOS!$B$14+2*((AH6+AI6)/2)))^(4/3)))*(A5-A6)))<0,AI6,((AH6+AI6)/2)) | AL6: =IF((((AJ6+AK6)/2)+(C6/(DATOS!$B$14*((AJ6+AK6)/2)))^2/(2*9.81)+B6-(E5+(C5/(DATOS!$B$14*E5))^2/(2*9.81)+B5+0.5*(((DATOS!$B$27*C5/(DATOS!$B$14*E5))^2/((DATOS!$B$14*E5)/(DATOS!$B$14+2*E5))^(4/3))+((DATOS!$B$27*C6/(DATOS!$B$14*((AJ6+AK6)/2)))^2/((DATOS!$B$14*((AJ6+AK6)/2))/(DATOS!$B$14+2*((AJ6+AK6)/2)))^(4/3)))*(A5-A6)))<0,((AJ6+AK6)/2),AJ6) | AM6: =IF((((AJ6+AK6)/2)+(C6/(DATOS!$B$14*((AJ6+AK6)/2)))^2/(2*9.81)+B6-(E5+(C5/(DATOS!$B$14*E5))^2/(2*9.81)+B5+0.5*(((DATOS!$B$27*C5/(DATOS!$B$14*E5))^2/((DATOS!$B$14*E5)/(DATOS!$B$14+2*E5))^(4/3))+((DATOS!$B$27*C6/(DATOS!$B$14*((AJ6+AK6)/2)))^2/((DATOS!$B$14*((AJ6+AK6)/2))/(DATOS!$B$14+2*((AJ6+AK6)/2)))^(4/3)))*(A5-A6)))<0,AK6,((AJ6+AK6)/2)) | AN6: =IF((((AL6+AM6)/2)+(C6/(DATOS!$B$14*((AL6+AM6)/2)))^2/(2*9.81)+B6-(E5+(C5/(DATOS!$B$14*E5))^2/(2*9.81)+B5+0.5*(((DATOS!$B$27*C5/(DATOS!$B$14*E5))^2/((DATOS!$B$14*E5)/(DATOS!$B$14+2*E5))^(4/3))+((DATOS!$B$27*C6/(DATOS!$B$14*((AL6+AM6)/2)))^2/((DATOS!$B$14*((AL6+AM6)/2))/(DATOS!$B$14+2*((AL6+AM6)/2)))^(4/3)))*(A5-A6)))<0,((AL6+AM6)/2),AL6) | AO6: =IF((((AL6+AM6)/2)+(C6/(DATOS!$B$14*((AL6+AM6)/2)))^2/(2*9.81)+B6-(E5+(C5/(DATOS!$B$14*E5))^2/(2*9.81)+B5+0.5*(((DATOS!$B$27*C5/(DATOS!$B$14*E5))^2/((DATOS!$B$14*E5)/(DATOS!$B$14+2*E5))^(4/3))+((DATOS!$B$27*C6/(DATOS!$B$14*((AL6+AM6)/2)))^2/((DATOS!$B$14*((AL6+AM6)/2))/(DATOS!$B$14+2*((AL6+AM6)/2)))^(4/3)))*(A5-A6)))<0,AM6,((AL6+AM6)/2)) | AP6: =IF((((AN6+AO6)/2)+(C6/(DATOS!$B$14*((AN6+AO6)/2)))^2/(2*9.81)+B6-(E5+(C5/(DATOS!$B$14*E5))^2/(2*9.81)+B5+0.5*(((DATOS!$B$27*C5/(DATOS!$B$14*E5))^2/((DATOS!$B$14*E5)/(DATOS!$B$14+2*E5))^(4/3))+((DATOS!$B$27*C6/(DATOS!$B$14*((AN6+AO6)/2)))^2/((DATOS!$B$14*((AN6+AO6)/2))/(DATOS!$B$14+2*((AN6+AO6)/2)))^(4/3)))*(A5-A6)))<0,((AN6+AO6)/2),AN6) | AQ6: =IF((((AN6+AO6)/2)+(C6/(DATOS!$B$14*((AN6+AO6)/2)))^2/(2*9.81)+B6-(E5+(C5/(DATOS!$B$14*E5))^2/(2*9.81)+B5+0.5*(((DATOS!$B$27*C5/(DATOS!$B$14*E5))^2/((DATOS!$B$14*E5)/(DATOS!$B$14+2*E5))^(4/3))+((DATOS!$B$27*C6/(DATOS!$B$14*((AN6+AO6)/2)))^2/((DATOS!$B$14*((AN6+AO6)/2))/(DATOS!$B$14+2*((AN6+AO6)/2)))^(4/3)))*(A5-A6)))<0,AO6,((AN6+AO6)/2)) | AR6: =IF((((AP6+AQ6)/2)+(C6/(DATOS!$B$14*((AP6+AQ6)/2)))^2/(2*9.81)+B6-(E5+(C5/(DATOS!$B$14*E5))^2/(2*9.81)+B5+0.5*(((DATOS!$B$27*C5/(DATOS!$B$14*E5))^2/((DATOS!$B$14*E5)/(DATOS!$B$14+2*E5))^(4/3))+((DATOS!$B$27*C6/(DATOS!$B$14*((AP6+AQ6)/2)))^2/((DATOS!$B$14*((AP6+AQ6)/2))/(DATOS!$B$14+2*((AP6+AQ6)/2)))^(4/3)))*(A5-A6)))<0,((AP6+AQ6)/2),AP6) | AS6: =IF((((AP6+AQ6)/2)+(C6/(DATOS!$B$14*((AP6+AQ6)/2)))^2/(2*9.81)+B6-(E5+(C5/(DATOS!$B$14*E5))^2/(2*9.81)+B5+0.5*(((DATOS!$B$27*C5/(DATOS!$B$14*E5))^2/((DATOS!$B$14*E5)/(DATOS!$B$14+2*E5))^(4/3))+((DATOS!$B$27*C6/(DATOS!$B$14*((AP6+AQ6)/2)))^2/((DATOS!$B$14*((AP6+AQ6)/2))/(DATOS!$B$14+2*((AP6+AQ6)/2)))^(4/3)))*(A5-A6)))<0,AQ6,((AP6+AQ6)/2)) | AT6: =IF((((AR6+AS6)/2)+(C6/(DATOS!$B$14*((AR6+AS6)/2)))^2/(2*9.81)+B6-(E5+(C5/(DATOS!$B$14*E5))^2/(2*9.81)+B5+0.5*(((DATOS!$B$27*C5/(DATOS!$B$14*E5))^2/((DATOS!$B$14*E5)/(DATOS!$B$14+2*E5))^(4/3))+((DATOS!$B$27*C6/(DATOS!$B$14*((AR6+AS6)/2)))^2/((DATOS!$B$14*((AR6+AS6)/2))/(DATOS!$B$14+2*((AR6+AS6)/2)))^(4/3)))*(A5-A6)))<0,((AR6+AS6)/2),AR6) | AU6: =IF((((AR6+AS6)/2)+(C6/(DATOS!$B$14*((AR6+AS6)/2)))^2/(2*9.81)+B6-(E5+(C5/(DATOS!$B$14*E5))^2/(2*9.81)+B5+0.5*(((DATOS!$B$27*C5/(DATOS!$B$14*E5))^2/((DATOS!$B$14*E5)/(DATOS!$B$14+2*E5))^(4/3))+((DATOS!$B$27*C6/(DATOS!$B$14*((AR6+AS6)/2)))^2/((DATOS!$B$14*((AR6+AS6)/2))/(DATOS!$B$14+2*((AR6+AS6)/2)))^(4/3)))*(A5-A6)))<0,AS6,((AR6+AS6)/2)) | AV6: =IF((((AT6+AU6)/2)+(C6/(DATOS!$B$14*((AT6+AU6)/2)))^2/(2*9.81)+B6-(E5+(C5/(DATOS!$B$14*E5))^2/(2*9.81)+B5+0.5*(((DATOS!$B$27*C5/(DATOS!$B$14*E5))^2/((DATOS!$B$14*E5)/(DATOS!$B$14+2*E5))^(4/3))+((DATOS!$B$27*C6/(DATOS!$B$14*((AT6+AU6)/2)))^2/((DATOS!$B$14*((AT6+AU6)/2))/(DATOS!$B$14+2*((AT6+AU6)/2)))^(4/3)))*(A5-A6)))<0,((AT6+AU6)/2),AT6) | AW6: =IF((((AT6+AU6)/2)+(C6/(DATOS!$B$14*((AT6+AU6)/2)))^2/(2*9.81)+B6-(E5+(C5/(DATOS!$B$14*E5))^2/(2*9.81)+B5+0.5*(((DATOS!$B$27*C5/(DATOS!$B$14*E5))^2/((DATOS!$B$14*E5)/(DATOS!$B$14+2*E5))^(4/3))+((DATOS!$B$27*C6/(DATOS!$B$14*((AT6+AU6)/2)))^2/((DATOS!$B$14*((AT6+AU6)/2))/(DATOS!$B$14+2*((AT6+AU6)/2)))^(4/3)))*(A5-A6)))<0,AU6,((AT6+AU6)/2)) | AX6: =IF((((AV6+AW6)/2)+(C6/(DATOS!$B$14*((AV6+AW6)/2)))^2/(2*9.81)+B6-(E5+(C5/(DATOS!$B$14*E5))^2/(2*9.81)+B5+0.5*(((DATOS!$B$27*C5/(DATOS!$B$14*E5))^2/((DATOS!$B$14*E5)/(DATOS!$B$14+2*E5))^(4/3))+((DATOS!$B$27*C6/(DATOS!$B$14*((AV6+AW6)/2)))^2/((DATOS!$B$14*((AV6+AW6)/2))/(DATOS!$B$14+2*((AV6+AW6)/2)))^(4/3)))*(A5-A6)))<0,((AV6+AW6)/2),AV6) | AY6: =IF((((AV6+AW6)/2)+(C6/(DATOS!$B$14*((AV6+AW6)/2)))^2/(2*9.81)+B6-(E5+(C5/(DATOS!$B$14*E5))^2/(2*9.81)+B5+0.5*(((DATOS!$B$27*C5/(DATOS!$B$14*E5))^2/((DATOS!$B$14*E5)/(DATOS!$B$14+2*E5))^(4/3))+((DATOS!$B$27*C6/(DATOS!$B$14*((AV6+AW6)/2)))^2/((DATOS!$B$14*((AV6+AW6)/2))/(DATOS!$B$14+2*((AV6+AW6)/2)))^(4/3)))*(A5-A6)))<0,AW6,((AV6+AW6)/2)) | AZ6: =IF((((AX6+AY6)/2)+(C6/(DATOS!$B$14*((AX6+AY6)/2)))^2/(2*9.81)+B6-(E5+(C5/(DATOS!$B$14*E5))^2/(2*9.81)+B5+0.5*(((DATOS!$B$27*C5/(DATOS!$B$14*E5))^2/((DATOS!$B$14*E5)/(DATOS!$B$14+2*E5))^(4/3))+((DATOS!$B$27*C6/(DATOS!$B$14*((AX6+AY6)/2)))^2/((DATOS!$B$14*((AX6+AY6)/2))/(DATOS!$B$14+2*((AX6+AY6)/2)))^(4/3)))*(A5-A6)))<0,((AX6+AY6)/2),AX6) | BA6: =IF((((AX6+AY6)/2)+(C6/(DATOS!$B$14*((AX6+AY6)/2)))^2/(2*9.81)+B6-(E5+(C5/(DATOS!$B$14*E5))^2/(2*9.81)+B5+0.5*(((DATOS!$B$27*C5/(DATOS!$B$14*E5))^2/((DATOS!$B$14*E5)/(DATOS!$B$14+2*E5))^(4/3))+((DATOS!$B$27*C6/(DATOS!$B$14*((AX6+AY6)/2)))^2/((DATOS!$B$14*((AX6+AY6)/2))/(DATOS!$B$14+2*((AX6+AY6)/2)))^(4/3)))*(A5-A6)))<0,AY6,((AX6+AY6)/2)) | BB6: =IF((((AZ6+BA6)/2)+(C6/(DATOS!$B$14*((AZ6+BA6)/2)))^2/(2*9.81)+B6-(E5+(C5/(DATOS!$B$14*E5))^2/(2*9.81)+B5+0.5*(((DATOS!$B$27*C5/(DATOS!$B$14*E5))^2/((DATOS!$B$14*E5)/(DATOS!$B$14+2*E5))^(4/3))+((DATOS!$B$27*C6/(DATOS!$B$14*((AZ6+BA6)/2)))^2/((DATOS!$B$14*((AZ6+BA6)/2))/(DATOS!$B$14+2*((AZ6+BA6)/2)))^(4/3)))*(A5-A6)))<0,((AZ6+BA6)/2),AZ6) | BC6: =IF((((AZ6+BA6)/2)+(C6/(DATOS!$B$14*((AZ6+BA6)/2)))^2/(2*9.81)+B6-(E5+(C5/(DATOS!$B$14*E5))^2/(2*9.81)+B5+0.5*(((DATOS!$B$27*C5/(DATOS!$B$14*E5))^2/((DATOS!$B$14*E5)/(DATOS!$B$14+2*E5))^(4/3))+((DATOS!$B$27*C6/(DATOS!$B$14*((AZ6+BA6)/2)))^2/((DATOS!$B$14*((AZ6+BA6)/2))/(DATOS!$B$14+2*((AZ6+BA6)/2)))^(4/3)))*(A5-A6)))<0,BA6,((AZ6+BA6)/2)) | BD6: =IF((((BB6+BC6)/2)+(C6/(DATOS!$B$14*((BB6+BC6)/2)))^2/(2*9.81)+B6-(E5+(C5/(DATOS!$B$14*E5))^2/(2*9.81)+B5+0.5*(((DATOS!$B$27*C5/(DATOS!$B$14*E5))^2/((DATOS!$B$14*E5)/(DATOS!$B$14+2*E5))^(4/3))+((DATOS!$B$27*C6/(DATOS!$B$14*((BB6+BC6)/2)))^2/((DATOS!$B$14*((BB6+BC6)/2))/(DATOS!$B$14+2*((BB6+BC6)/2)))^(4/3)))*(A5-A6)))<0,((BB6+BC6)/2),BB6) | BE6: =IF((((BB6+BC6)/2)+(C6/(DATOS!$B$14*((BB6+BC6)/2)))^2/(2*9.81)+B6-(E5+(C5/(DATOS!$B$14*E5))^2/(2*9.81)+B5+0.5*(((DATOS!$B$27*C5/(DATOS!$B$14*E5))^2/((DATOS!$B$14*E5)/(DATOS!$B$14+2*E5))^(4/3))+((DATOS!$B$27*C6/(DATOS!$B$14*((BB6+BC6)/2)))^2/((DATOS!$B$14*((BB6+BC6)/2))/(DATOS!$B$14+2*((BB6+BC6)/2)))^(4/3)))*(A5-A6)))<0,BC6,((BB6+BC6)/2)) | BF6: =IF((((BD6+BE6)/2)+(C6/(DATOS!$B$14*((BD6+BE6)/2)))^2/(2*9.81)+B6-(E5+(C5/(DATOS!$B$14*E5))^2/(2*9.81)+B5+0.5*(((DATOS!$B$27*C5/(DATOS!$B$14*E5))^2/((DATOS!$B$14*E5)/(DATOS!$B$14+2*E5))^(4/3))+((DATOS!$B$27*C6/(DATOS!$B$14*((BD6+BE6)/2)))^2/((DATOS!$B$14*((BD6+BE6)/2))/(DATOS!$B$14+2*((BD6+BE6)/2)))^(4/3)))*(A5-A6)))<0,((BD6+BE6)/2),BD6) | BG6: =IF((((BD6+BE6)/2)+(C6/(DATOS!$B$14*((BD6+BE6)/2)))^2/(2*9.81)+B6-(E5+(C5/(DATOS!$B$14*E5))^2/(2*9.81)+B5+0.5*(((DATOS!$B$27*C5/(DATOS!$B$14*E5))^2/((DATOS!$B$14*E5)/(DATOS!$B$14+2*E5))^(4/3))+((DATOS!$B$27*C6/(DATOS!$B$14*((BD6+BE6)/2)))^2/((DATOS!$B$14*((BD6+BE6)/2))/(DATOS!$B$14+2*((BD6+BE6)/2)))^(4/3)))*(A5-A6)))<0,BE6,((BD6+BE6)/2)) | BH6: =IF((((BF6+BG6)/2)+(C6/(DATOS!$B$14*((BF6+BG6)/2)))^2/(2*9.81)+B6-(E5+(C5/(DATOS!$B$14*E5))^2/(2*9.81)+B5+0.5*(((DATOS!$B$27*C5/(DATOS!$B$14*E5))^2/((DATOS!$B$14*E5)/(DATOS!$B$14+2*E5))^(4/3))+((DATOS!$B$27*C6/(DATOS!$B$14*((BF6+BG6)/2)))^2/((DATOS!$B$14*((BF6+BG6)/2))/(DATOS!$B$14+2*((BF6+BG6)/2)))^(4/3)))*(A5-A6)))<0,((BF6+BG6)/2),BF6) | BI6: =IF((((BF6+BG6)/2)+(C6/(DATOS!$B$14*((BF6+BG6)/2)))^2/(2*9.81)+B6-(E5+(C5/(DATOS!$B$14*E5))^2/(2*9.81)+B5+0.5*(((DATOS!$B$27*C5/(DATOS!$B$14*E5))^2/((DATOS!$B$14*E5)/(DATOS!$B$14+2*E5))^(4/3))+((DATOS!$B$27*C6/(DATOS!$B$14*((BF6+BG6)/2)))^2/((DATOS!$B$14*((BF6+BG6)/2))/(DATOS!$B$14+2*((BF6+BG6)/2)))^(4/3)))*(A5-A6)))<0,BG6,((BF6+BG6)/2)) | BJ6: =IF((((BH6+BI6)/2)+(C6/(DATOS!$B$14*((BH6+BI6)/2)))^2/(2*9.81)+B6-(E5+(C5/(DATOS!$B$14*E5))^2/(2*9.81)+B5+0.5*(((DATOS!$B$27*C5/(DATOS!$B$14*E5))^2/((DATOS!$B$14*E5)/(DATOS!$B$14+2*E5))^(4/3))+((DATOS!$B$27*C6/(DATOS!$B$14*((BH6+BI6)/2)))^2/((DATOS!$B$14*((BH6+BI6)/2))/(DATOS!$B$14+2*((BH6+BI6)/2)))^(4/3)))*(A5-A6)))<0,((BH6+BI6)/2),BH6) | BK6: =IF((((BH6+BI6)/2)+(C6/(DATOS!$B$14*((BH6+BI6)/2)))^2/(2*9.81)+B6-(E5+(C5/(DATOS!$B$14*E5))^2/(2*9.81)+B5+0.5*(((DATOS!$B$27*C5/(DATOS!$B$14*E5))^2/((DATOS!$B$14*E5)/(DATOS!$B$14+2*E5))^(4/3))+((DATOS!$B$27*C6/(DATOS!$B$14*((BH6+BI6)/2)))^2/((DATOS!$B$14*((BH6+BI6)/2))/(DATOS!$B$14+2*((BH6+BI6)/2)))^(4/3)))*(A5-A6)))<0,BI6,((BH6+BI6)/2)) | BL6: =IF((((BJ6+BK6)/2)+(C6/(DATOS!$B$14*((BJ6+BK6)/2)))^2/(2*9.81)+B6-(E5+(C5/(DATOS!$B$14*E5))^2/(2*9.81)+B5+0.5*(((DATOS!$B$27*C5/(DATOS!$B$14*E5))^2/((DATOS!$B$14*E5)/(DATOS!$B$14+2*E5))^(4/3))+((DATOS!$B$27*C6/(DATOS!$B$14*((BJ6+BK6)/2)))^2/((DATOS!$B$14*((BJ6+BK6)/2))/(DATOS!$B$14+2*((BJ6+BK6)/2)))^(4/3)))*(A5-A6)))<0,((BJ6+BK6)/2),BJ6) | BM6: =IF((((BJ6+BK6)/2)+(C6/(DATOS!$B$14*((BJ6+BK6)/2)))^2/(2*9.81)+B6-(E5+(C5/(DATOS!$B$14*E5))^2/(2*9.81)+B5+0.5*(((DATOS!$B$27*C5/(DATOS!$B$14*E5))^2/((DATOS!$B$14*E5)/(DATOS!$B$14+2*E5))^(4/3))+((DATOS!$B$27*C6/(DATOS!$B$14*((BJ6+BK6)/2)))^2/((DATOS!$B$14*((BJ6+BK6)/2))/(DATOS!$B$14+2*((BJ6+BK6)/2)))^(4/3)))*(A5-A6)))<0,BK6,((BJ6+BK6)/2)) | BN6: =IF((((BL6+BM6)/2)+(C6/(DATOS!$B$14*((BL6+BM6)/2)))^2/(2*9.81)+B6-(E5+(C5/(DATOS!$B$14*E5))^2/(2*9.81)+B5+0.5*(((DATOS!$B$27*C5/(DATOS!$B$14*E5))^2/((DATOS!$B$14*E5)/(DATOS!$B$14+2*E5))^(4/3))+((DATOS!$B$27*C6/(DATOS!$B$14*((BL6+BM6)/2)))^2/((DATOS!$B$14*((BL6+BM6)/2))/(DATOS!$B$14+2*((BL6+BM6)/2)))^(4/3)))*(A5-A6)))<0,((BL6+BM6)/2),BL6) | BO6: =IF((((BL6+BM6)/2)+(C6/(DATOS!$B$14*((BL6+BM6)/2)))^2/(2*9.81)+B6-(E5+(C5/(DATOS!$B$14*E5))^2/(2*9.81)+B5+0.5*(((DATOS!$B$27*C5/(DATOS!$B$14*E5))^2/((DATOS!$B$14*E5)/(DATOS!$B$14+2*E5))^(4/3))+((DATOS!$B$27*C6/(DATOS!$B$14*((BL6+BM6)/2)))^2/((DATOS!$B$14*((BL6+BM6)/2))/(DATOS!$B$14+2*((BL6+BM6)/2)))^(4/3)))*(A5-A6)))<0,BM6,((BL6+BM6)/2)) | BP6: =IF((((BN6+BO6)/2)+(C6/(DATOS!$B$14*((BN6+BO6)/2)))^2/(2*9.81)+B6-(E5+(C5/(DATOS!$B$14*E5))^2/(2*9.81)+B5+0.5*(((DATOS!$B$27*C5/(DATOS!$B$14*E5))^2/((DATOS!$B$14*E5)/(DATOS!$B$14+2*E5))^(4/3))+((DATOS!$B$27*C6/(DATOS!$B$14*((BN6+BO6)/2)))^2/((DATOS!$B$14*((BN6+BO6)/2))/(DATOS!$B$14+2*((BN6+BO6)/2)))^(4/3)))*(A5-A6)))<0,((BN6+BO6)/2),BN6) | BQ6: =IF((((BN6+BO6)/2)+(C6/(DATOS!$B$14*((BN6+BO6)/2)))^2/(2*9.81)+B6-(E5+(C5/(DATOS!$B$14*E5))^2/(2*9.81)+B5+0.5*(((DATOS!$B$27*C5/(DATOS!$B$14*E5))^2/((DATOS!$B$14*E5)/(DATOS!$B$14+2*E5))^(4/3))+((DATOS!$B$27*C6/(DATOS!$B$14*((BN6+BO6)/2)))^2/((DATOS!$B$14*((BN6+BO6)/2))/(DATOS!$B$14+2*((BN6+BO6)/2)))^(4/3)))*(A5-A6)))<0,BO6,((BN6+BO6)/2)) | BR6: =IF((((BP6+BQ6)/2)+(C6/(DATOS!$B$14*((BP6+BQ6)/2)))^2/(2*9.81)+B6-(E5+(C5/(DATOS!$B$14*E5))^2/(2*9.81)+B5+0.5*(((DATOS!$B$27*C5/(DATOS!$B$14*E5))^2/((DATOS!$B$14*E5)/(DATOS!$B$14+2*E5))^(4/3))+((DATOS!$B$27*C6/(DATOS!$B$14*((BP6+BQ6)/2)))^2/((DATOS!$B$14*((BP6+BQ6)/2))/(DATOS!$B$14+2*((BP6+BQ6)/2)))^(4/3)))*(A5-A6)))<0,((BP6+BQ6)/2),BP6) | BS6: =IF((((BP6+BQ6)/2)+(C6/(DATOS!$B$14*((BP6+BQ6)/2)))^2/(2*9.81)+B6-(E5+(C5/(DATOS!$B$14*E5))^2/(2*9.81)+B5+0.5*(((DATOS!$B$27*C5/(DATOS!$B$14*E5))^2/((DATOS!$B$14*E5)/(DATOS!$B$14+2*E5))^(4/3))+((DATOS!$B$27*C6/(DATOS!$B$14*((BP6+BQ6)/2)))^2/((DATOS!$B$14*((BP6+BQ6)/2))/(DATOS!$B$14+2*((BP6+BQ6)/2)))^(4/3)))*(A5-A6)))<0,BQ6,((BP6+BQ6)/2)) | BT6: =IF((((BR6+BS6)/2)+(C6/(DATOS!$B$14*((BR6+BS6)/2)))^2/(2*9.81)+B6-(E5+(C5/(DATOS!$B$14*E5))^2/(2*9.81)+B5+0.5*(((DATOS!$B$27*C5/(DATOS!$B$14*E5))^2/((DATOS!$B$14*E5)/(DATOS!$B$14+2*E5))^(4/3))+((DATOS!$B$27*C6/(DATOS!$B$14*((BR6+BS6)/2)))^2/((DATOS!$B$14*((BR6+BS6)/2))/(DATOS!$B$14+2*((BR6+BS6)/2)))^(4/3)))*(A5-A6)))<0,((BR6+BS6)/2),BR6) | BU6: =IF((((BR6+BS6)/2)+(C6/(DATOS!$B$14*((BR6+BS6)/2)))^2/(2*9.81)+B6-(E5+(C5/(DATOS!$B$14*E5))^2/(2*9.81)+B5+0.5*(((DATOS!$B$27*C5/(DATOS!$B$14*E5))^2/((DATOS!$B$14*E5)/(DATOS!$B$14+2*E5))^(4/3))+((DATOS!$B$27*C6/(DATOS!$B$14*((BR6+BS6)/2)))^2/((DATOS!$B$14*((BR6+BS6)/2))/(DATOS!$B$14+2*((BR6+BS6)/2)))^(4/3)))*(A5-A6)))<0,BS6,((BR6+BS6)/2))
A7: 136 | B7: =DATOS!$B$16-DATOS!$B$19*A7 | C7: =IF(A7<CAUDALES!$B$13,CAUDALES!$D$12,IF(A7<CAUDALES!$B$14,CAUDALES!$D$13,IF(A7<CAUDALES!$B$15,CAUDALES!$D$14,CAUDALES!$D$15)))/1000 | D7: =(C7^2/(9.81*DATOS!$B$14^2))^(1/3) | E7: =(BT7+BU7)/2 | F7: =B7+E7 | G7: =C7/(DATOS!$B$14*E7) | H7: =G7/SQRT(9.81*E7) | I7: =IF(A7<=DATOS!$B$20,DATOS!$B$21-IF(AND(A7>=DATOS!$B$23,A7<DATOS!$B$24),DATOS!$B$25,DATOS!$B$22),B7+DATOS!$B$26) | J7: =I7-B7 | K7: =E7/J7 | L7: =I7-F7 | M7: =IF(AND(K7<=DATOS!$B$29,L7>=DATOS!$B$30),"CUMPLE","NO CUMPLE") | N7: =IF(A7>DATOS!$B$20,"cubierto - tramo final",IF(AND(A7>=DATOS!$B$23,A7<DATOS!$B$24),"cubierto - camiones","cubierto")) | P7: =D7*1.001 | Q7: 2 | R7: =IF((((P7+Q7)/2)+(C7/(DATOS!$B$14*((P7+Q7)/2)))^2/(2*9.81)+B7-(E6+(C6/(DATOS!$B$14*E6))^2/(2*9.81)+B6+0.5*(((DATOS!$B$27*C6/(DATOS!$B$14*E6))^2/((DATOS!$B$14*E6)/(DATOS!$B$14+2*E6))^(4/3))+((DATOS!$B$27*C7/(DATOS!$B$14*((P7+Q7)/2)))^2/((DATOS!$B$14*((P7+Q7)/2))/(DATOS!$B$14+2*((P7+Q7)/2)))^(4/3)))*(A6-A7)))<0,((P7+Q7)/2),P7) | S7: =IF((((P7+Q7)/2)+(C7/(DATOS!$B$14*((P7+Q7)/2)))^2/(2*9.81)+B7-(E6+(C6/(DATOS!$B$14*E6))^2/(2*9.81)+B6+0.5*(((DATOS!$B$27*C6/(DATOS!$B$14*E6))^2/((DATOS!$B$14*E6)/(DATOS!$B$14+2*E6))^(4/3))+((DATOS!$B$27*C7/(DATOS!$B$14*((P7+Q7)/2)))^2/((DATOS!$B$14*((P7+Q7)/2))/(DATOS!$B$14+2*((P7+Q7)/2)))^(4/3)))*(A6-A7)))<0,Q7,((P7+Q7)/2)) | T7: =IF((((R7+S7)/2)+(C7/(DATOS!$B$14*((R7+S7)/2)))^2/(2*9.81)+B7-(E6+(C6/(DATOS!$B$14*E6))^2/(2*9.81)+B6+0.5*(((DATOS!$B$27*C6/(DATOS!$B$14*E6))^2/((DATOS!$B$14*E6)/(DATOS!$B$14+2*E6))^(4/3))+((DATOS!$B$27*C7/(DATOS!$B$14*((R7+S7)/2)))^2/((DATOS!$B$14*((R7+S7)/2))/(DATOS!$B$14+2*((R7+S7)/2)))^(4/3)))*(A6-A7)))<0,((R7+S7)/2),R7) | U7: =IF((((R7+S7)/2)+(C7/(DATOS!$B$14*((R7+S7)/2)))^2/(2*9.81)+B7-(E6+(C6/(DATOS!$B$14*E6))^2/(2*9.81)+B6+0.5*(((DATOS!$B$27*C6/(DATOS!$B$14*E6))^2/((DATOS!$B$14*E6)/(DATOS!$B$14+2*E6))^(4/3))+((DATOS!$B$27*C7/(DATOS!$B$14*((R7+S7)/2)))^2/((DATOS!$B$14*((R7+S7)/2))/(DATOS!$B$14+2*((R7+S7)/2)))^(4/3)))*(A6-A7)))<0,S7,((R7+S7)/2)) | V7: =IF((((T7+U7)/2)+(C7/(DATOS!$B$14*((T7+U7)/2)))^2/(2*9.81)+B7-(E6+(C6/(DATOS!$B$14*E6))^2/(2*9.81)+B6+0.5*(((DATOS!$B$27*C6/(DATOS!$B$14*E6))^2/((DATOS!$B$14*E6)/(DATOS!$B$14+2*E6))^(4/3))+((DATOS!$B$27*C7/(DATOS!$B$14*((T7+U7)/2)))^2/((DATOS!$B$14*((T7+U7)/2))/(DATOS!$B$14+2*((T7+U7)/2)))^(4/3)))*(A6-A7)))<0,((T7+U7)/2),T7) | W7: =IF((((T7+U7)/2)+(C7/(DATOS!$B$14*((T7+U7)/2)))^2/(2*9.81)+B7-(E6+(C6/(DATOS!$B$14*E6))^2/(2*9.81)+B6+0.5*(((DATOS!$B$27*C6/(DATOS!$B$14*E6))^2/((DATOS!$B$14*E6)/(DATOS!$B$14+2*E6))^(4/3))+((DATOS!$B$27*C7/(DATOS!$B$14*((T7+U7)/2)))^2/((DATOS!$B$14*((T7+U7)/2))/(DATOS!$B$14+2*((T7+U7)/2)))^(4/3)))*(A6-A7)))<0,U7,((T7+U7)/2)) | X7: =IF((((V7+W7)/2)+(C7/(DATOS!$B$14*((V7+W7)/2)))^2/(2*9.81)+B7-(E6+(C6/(DATOS!$B$14*E6))^2/(2*9.81)+B6+0.5*(((DATOS!$B$27*C6/(DATOS!$B$14*E6))^2/((DATOS!$B$14*E6)/(DATOS!$B$14+2*E6))^(4/3))+((DATOS!$B$27*C7/(DATOS!$B$14*((V7+W7)/2)))^2/((DATOS!$B$14*((V7+W7)/2))/(DATOS!$B$14+2*((V7+W7)/2)))^(4/3)))*(A6-A7)))<0,((V7+W7)/2),V7) | Y7: =IF((((V7+W7)/2)+(C7/(DATOS!$B$14*((V7+W7)/2)))^2/(2*9.81)+B7-(E6+(C6/(DATOS!$B$14*E6))^2/(2*9.81)+B6+0.5*(((DATOS!$B$27*C6/(DATOS!$B$14*E6))^2/((DATOS!$B$14*E6)/(DATOS!$B$14+2*E6))^(4/3))+((DATOS!$B$27*C7/(DATOS!$B$14*((V7+W7)/2)))^2/((DATOS!$B$14*((V7+W7)/2))/(DATOS!$B$14+2*((V7+W7)/2)))^(4/3)))*(A6-A7)))<0,W7,((V7+W7)/2)) | Z7: =IF((((X7+Y7)/2)+(C7/(DATOS!$B$14*((X7+Y7)/2)))^2/(2*9.81)+B7-(E6+(C6/(DATOS!$B$14*E6))^2/(2*9.81)+B6+0.5*(((DATOS!$B$27*C6/(DATOS!$B$14*E6))^2/((DATOS!$B$14*E6)/(DATOS!$B$14+2*E6))^(4/3))+((DATOS!$B$27*C7/(DATOS!$B$14*((X7+Y7)/2)))^2/((DATOS!$B$14*((X7+Y7)/2))/(DATOS!$B$14+2*((X7+Y7)/2)))^(4/3)))*(A6-A7)))<0,((X7+Y7)/2),X7) | AA7: =IF((((X7+Y7)/2)+(C7/(DATOS!$B$14*((X7+Y7)/2)))^2/(2*9.81)+B7-(E6+(C6/(DATOS!$B$14*E6))^2/(2*9.81)+B6+0.5*(((DATOS!$B$27*C6/(DATOS!$B$14*E6))^2/((DATOS!$B$14*E6)/(DATOS!$B$14+2*E6))^(4/3))+((DATOS!$B$27*C7/(DATOS!$B$14*((X7+Y7)/2)))^2/((DATOS!$B$14*((X7+Y7)/2))/(DATOS!$B$14+2*((X7+Y7)/2)))^(4/3)))*(A6-A7)))<0,Y7,((X7+Y7)/2)) | AB7: =IF((((Z7+AA7)/2)+(C7/(DATOS!$B$14*((Z7+AA7)/2)))^2/(2*9.81)+B7-(E6+(C6/(DATOS!$B$14*E6))^2/(2*9.81)+B6+0.5*(((DATOS!$B$27*C6/(DATOS!$B$14*E6))^2/((DATOS!$B$14*E6)/(DATOS!$B$14+2*E6))^(4/3))+((DATOS!$B$27*C7/(DATOS!$B$14*((Z7+AA7)/2)))^2/((DATOS!$B$14*((Z7+AA7)/2))/(DATOS!$B$14+2*((Z7+AA7)/2)))^(4/3)))*(A6-A7)))<0,((Z7+AA7)/2),Z7) | AC7: =IF((((Z7+AA7)/2)+(C7/(DATOS!$B$14*((Z7+AA7)/2)))^2/(2*9.81)+B7-(E6+(C6/(DATOS!$B$14*E6))^2/(2*9.81)+B6+0.5*(((DATOS!$B$27*C6/(DATOS!$B$14*E6))^2/((DATOS!$B$14*E6)/(DATOS!$B$14+2*E6))^(4/3))+((DATOS!$B$27*C7/(DATOS!$B$14*((Z7+AA7)/2)))^2/((DATOS!$B$14*((Z7+AA7)/2))/(DATOS!$B$14+2*((Z7+AA7)/2)))^(4/3)))*(A6-A7)))<0,AA7,((Z7+AA7)/2)) | AD7: =IF((((AB7+AC7)/2)+(C7/(DATOS!$B$14*((AB7+AC7)/2)))^2/(2*9.81)+B7-(E6+(C6/(DATOS!$B$14*E6))^2/(2*9.81)+B6+0.5*(((DATOS!$B$27*C6/(DATOS!$B$14*E6))^2/((DATOS!$B$14*E6)/(DATOS!$B$14+2*E6))^(4/3))+((DATOS!$B$27*C7/(DATOS!$B$14*((AB7+AC7)/2)))^2/((DATOS!$B$14*((AB7+AC7)/2))/(DATOS!$B$14+2*((AB7+AC7)/2)))^(4/3)))*(A6-A7)))<0,((AB7+AC7)/2),AB7) | AE7: =IF((((AB7+AC7)/2)+(C7/(DATOS!$B$14*((AB7+AC7)/2)))^2/(2*9.81)+B7-(E6+(C6/(DATOS!$B$14*E6))^2/(2*9.81)+B6+0.5*(((DATOS!$B$27*C6/(DATOS!$B$14*E6))^2/((DATOS!$B$14*E6)/(DATOS!$B$14+2*E6))^(4/3))+((DATOS!$B$27*C7/(DATOS!$B$14*((AB7+AC7)/2)))^2/((DATOS!$B$14*((AB7+AC7)/2))/(DATOS!$B$14+2*((AB7+AC7)/2)))^(4/3)))*(A6-A7)))<0,AC7,((AB7+AC7)/2)) | AF7: =IF((((AD7+AE7)/2)+(C7/(DATOS!$B$14*((AD7+AE7)/2)))^2/(2*9.81)+B7-(E6+(C6/(DATOS!$B$14*E6))^2/(2*9.81)+B6+0.5*(((DATOS!$B$27*C6/(DATOS!$B$14*E6))^2/((DATOS!$B$14*E6)/(DATOS!$B$14+2*E6))^(4/3))+((DATOS!$B$27*C7/(DATOS!$B$14*((AD7+AE7)/2)))^2/((DATOS!$B$14*((AD7+AE7)/2))/(DATOS!$B$14+2*((AD7+AE7)/2)))^(4/3)))*(A6-A7)))<0,((AD7+AE7)/2),AD7) | AG7: =IF((((AD7+AE7)/2)+(C7/(DATOS!$B$14*((AD7+AE7)/2)))^2/(2*9.81)+B7-(E6+(C6/(DATOS!$B$14*E6))^2/(2*9.81)+B6+0.5*(((DATOS!$B$27*C6/(DATOS!$B$14*E6))^2/((DATOS!$B$14*E6)/(DATOS!$B$14+2*E6))^(4/3))+((DATOS!$B$27*C7/(DATOS!$B$14*((AD7+AE7)/2)))^2/((DATOS!$B$14*((AD7+AE7)/2))/(DATOS!$B$14+2*((AD7+AE7)/2)))^(4/3)))*(A6-A7)))<0,AE7,((AD7+AE7)/2)) | AH7: =IF((((AF7+AG7)/2)+(C7/(DATOS!$B$14*((AF7+AG7)/2)))^2/(2*9.81)+B7-(E6+(C6/(DATOS!$B$14*E6))^2/(2*9.81)+B6+0.5*(((DATOS!$B$27*C6/(DATOS!$B$14*E6))^2/((DATOS!$B$14*E6)/(DATOS!$B$14+2*E6))^(4/3))+((DATOS!$B$27*C7/(DATOS!$B$14*((AF7+AG7)/2)))^2/((DATOS!$B$14*((AF7+AG7)/2))/(DATOS!$B$14+2*((AF7+AG7)/2)))^(4/3)))*(A6-A7)))<0,((AF7+AG7)/2),AF7) | AI7: =IF((((AF7+AG7)/2)+(C7/(DATOS!$B$14*((AF7+AG7)/2)))^2/(2*9.81)+B7-(E6+(C6/(DATOS!$B$14*E6))^2/(2*9.81)+B6+0.5*(((DATOS!$B$27*C6/(DATOS!$B$14*E6))^2/((DATOS!$B$14*E6)/(DATOS!$B$14+2*E6))^(4/3))+((DATOS!$B$27*C7/(DATOS!$B$14*((AF7+AG7)/2)))^2/((DATOS!$B$14*((AF7+AG7)/2))/(DATOS!$B$14+2*((AF7+AG7)/2)))^(4/3)))*(A6-A7)))<0,AG7,((AF7+AG7)/2)) | AJ7: =IF((((AH7+AI7)/2)+(C7/(DATOS!$B$14*((AH7+AI7)/2)))^2/(2*9.81)+B7-(E6+(C6/(DATOS!$B$14*E6))^2/(2*9.81)+B6+0.5*(((DATOS!$B$27*C6/(DATOS!$B$14*E6))^2/((DATOS!$B$14*E6)/(DATOS!$B$14+2*E6))^(4/3))+((DATOS!$B$27*C7/(DATOS!$B$14*((AH7+AI7)/2)))^2/((DATOS!$B$14*((AH7+AI7)/2))/(DATOS!$B$14+2*((AH7+AI7)/2)))^(4/3)))*(A6-A7)))<0,((AH7+AI7)/2),AH7) | AK7: =IF((((AH7+AI7)/2)+(C7/(DATOS!$B$14*((AH7+AI7)/2)))^2/(2*9.81)+B7-(E6+(C6/(DATOS!$B$14*E6))^2/(2*9.81)+B6+0.5*(((DATOS!$B$27*C6/(DATOS!$B$14*E6))^2/((DATOS!$B$14*E6)/(DATOS!$B$14+2*E6))^(4/3))+((DATOS!$B$27*C7/(DATOS!$B$14*((AH7+AI7)/2)))^2/((DATOS!$B$14*((AH7+AI7)/2))/(DATOS!$B$14+2*((AH7+AI7)/2)))^(4/3)))*(A6-A7)))<0,AI7,((AH7+AI7)/2)) | AL7: =IF((((AJ7+AK7)/2)+(C7/(DATOS!$B$14*((AJ7+AK7)/2)))^2/(2*9.81)+B7-(E6+(C6/(DATOS!$B$14*E6))^2/(2*9.81)+B6+0.5*(((DATOS!$B$27*C6/(DATOS!$B$14*E6))^2/((DATOS!$B$14*E6)/(DATOS!$B$14+2*E6))^(4/3))+((DATOS!$B$27*C7/(DATOS!$B$14*((AJ7+AK7)/2)))^2/((DATOS!$B$14*((AJ7+AK7)/2))/(DATOS!$B$14+2*((AJ7+AK7)/2)))^(4/3)))*(A6-A7)))<0,((AJ7+AK7)/2),AJ7) | AM7: =IF((((AJ7+AK7)/2)+(C7/(DATOS!$B$14*((AJ7+AK7)/2)))^2/(2*9.81)+B7-(E6+(C6/(DATOS!$B$14*E6))^2/(2*9.81)+B6+0.5*(((DATOS!$B$27*C6/(DATOS!$B$14*E6))^2/((DATOS!$B$14*E6)/(DATOS!$B$14+2*E6))^(4/3))+((DATOS!$B$27*C7/(DATOS!$B$14*((AJ7+AK7)/2)))^2/((DATOS!$B$14*((AJ7+AK7)/2))/(DATOS!$B$14+2*((AJ7+AK7)/2)))^(4/3)))*(A6-A7)))<0,AK7,((AJ7+AK7)/2)) | AN7: =IF((((AL7+AM7)/2)+(C7/(DATOS!$B$14*((AL7+AM7)/2)))^2/(2*9.81)+B7-(E6+(C6/(DATOS!$B$14*E6))^2/(2*9.81)+B6+0.5*(((DATOS!$B$27*C6/(DATOS!$B$14*E6))^2/((DATOS!$B$14*E6)/(DATOS!$B$14+2*E6))^(4/3))+((DATOS!$B$27*C7/(DATOS!$B$14*((AL7+AM7)/2)))^2/((DATOS!$B$14*((AL7+AM7)/2))/(DATOS!$B$14+2*((AL7+AM7)/2)))^(4/3)))*(A6-A7)))<0,((AL7+AM7)/2),AL7) | AO7: =IF((((AL7+AM7)/2)+(C7/(DATOS!$B$14*((AL7+AM7)/2)))^2/(2*9.81)+B7-(E6+(C6/(DATOS!$B$14*E6))^2/(2*9.81)+B6+0.5*(((DATOS!$B$27*C6/(DATOS!$B$14*E6))^2/((DATOS!$B$14*E6)/(DATOS!$B$14+2*E6))^(4/3))+((DATOS!$B$27*C7/(DATOS!$B$14*((AL7+AM7)/2)))^2/((DATOS!$B$14*((AL7+AM7)/2))/(DATOS!$B$14+2*((AL7+AM7)/2)))^(4/3)))*(A6-A7)))<0,AM7,((AL7+AM7)/2)) | AP7: =IF((((AN7+AO7)/2)+(C7/(DATOS!$B$14*((AN7+AO7)/2)))^2/(2*9.81)+B7-(E6+(C6/(DATOS!$B$14*E6))^2/(2*9.81)+B6+0.5*(((DATOS!$B$27*C6/(DATOS!$B$14*E6))^2/((DATOS!$B$14*E6)/(DATOS!$B$14+2*E6))^(4/3))+((DATOS!$B$27*C7/(DATOS!$B$14*((AN7+AO7)/2)))^2/((DATOS!$B$14*((AN7+AO7)/2))/(DATOS!$B$14+2*((AN7+AO7)/2)))^(4/3)))*(A6-A7)))<0,((AN7+AO7)/2),AN7) | AQ7: =IF((((AN7+AO7)/2)+(C7/(DATOS!$B$14*((AN7+AO7)/2)))^2/(2*9.81)+B7-(E6+(C6/(DATOS!$B$14*E6))^2/(2*9.81)+B6+0.5*(((DATOS!$B$27*C6/(DATOS!$B$14*E6))^2/((DATOS!$B$14*E6)/(DATOS!$B$14+2*E6))^(4/3))+((DATOS!$B$27*C7/(DATOS!$B$14*((AN7+AO7)/2)))^2/((DATOS!$B$14*((AN7+AO7)/2))/(DATOS!$B$14+2*((AN7+AO7)/2)))^(4/3)))*(A6-A7)))<0,AO7,((AN7+AO7)/2)) | AR7: =IF((((AP7+AQ7)/2)+(C7/(DATOS!$B$14*((AP7+AQ7)/2)))^2/(2*9.81)+B7-(E6+(C6/(DATOS!$B$14*E6))^2/(2*9.81)+B6+0.5*(((DATOS!$B$27*C6/(DATOS!$B$14*E6))^2/((DATOS!$B$14*E6)/(DATOS!$B$14+2*E6))^(4/3))+((DATOS!$B$27*C7/(DATOS!$B$14*((AP7+AQ7)/2)))^2/((DATOS!$B$14*((AP7+AQ7)/2))/(DATOS!$B$14+2*((AP7+AQ7)/2)))^(4/3)))*(A6-A7)))<0,((AP7+AQ7)/2),AP7) | AS7: =IF((((AP7+AQ7)/2)+(C7/(DATOS!$B$14*((AP7+AQ7)/2)))^2/(2*9.81)+B7-(E6+(C6/(DATOS!$B$14*E6))^2/(2*9.81)+B6+0.5*(((DATOS!$B$27*C6/(DATOS!$B$14*E6))^2/((DATOS!$B$14*E6)/(DATOS!$B$14+2*E6))^(4/3))+((DATOS!$B$27*C7/(DATOS!$B$14*((AP7+AQ7)/2)))^2/((DATOS!$B$14*((AP7+AQ7)/2))/(DATOS!$B$14+2*((AP7+AQ7)/2)))^(4/3)))*(A6-A7)))<0,AQ7,((AP7+AQ7)/2)) | AT7: =IF((((AR7+AS7)/2)+(C7/(DATOS!$B$14*((AR7+AS7)/2)))^2/(2*9.81)+B7-(E6+(C6/(DATOS!$B$14*E6))^2/(2*9.81)+B6+0.5*(((DATOS!$B$27*C6/(DATOS!$B$14*E6))^2/((DATOS!$B$14*E6)/(DATOS!$B$14+2*E6))^(4/3))+((DATOS!$B$27*C7/(DATOS!$B$14*((AR7+AS7)/2)))^2/((DATOS!$B$14*((AR7+AS7)/2))/(DATOS!$B$14+2*((AR7+AS7)/2)))^(4/3)))*(A6-A7)))<0,((AR7+AS7)/2),AR7) | AU7: =IF((((AR7+AS7)/2)+(C7/(DATOS!$B$14*((AR7+AS7)/2)))^2/(2*9.81)+B7-(E6+(C6/(DATOS!$B$14*E6))^2/(2*9.81)+B6+0.5*(((DATOS!$B$27*C6/(DATOS!$B$14*E6))^2/((DATOS!$B$14*E6)/(DATOS!$B$14+2*E6))^(4/3))+((DATOS!$B$27*C7/(DATOS!$B$14*((AR7+AS7)/2)))^2/((DATOS!$B$14*((AR7+AS7)/2))/(DATOS!$B$14+2*((AR7+AS7)/2)))^(4/3)))*(A6-A7)))<0,AS7,((AR7+AS7)/2)) | AV7: =IF((((AT7+AU7)/2)+(C7/(DATOS!$B$14*((AT7+AU7)/2)))^2/(2*9.81)+B7-(E6+(C6/(DATOS!$B$14*E6))^2/(2*9.81)+B6+0.5*(((DATOS!$B$27*C6/(DATOS!$B$14*E6))^2/((DATOS!$B$14*E6)/(DATOS!$B$14+2*E6))^(4/3))+((DATOS!$B$27*C7/(DATOS!$B$14*((AT7+AU7)/2)))^2/((DATOS!$B$14*((AT7+AU7)/2))/(DATOS!$B$14+2*((AT7+AU7)/2)))^(4/3)))*(A6-A7)))<0,((AT7+AU7)/2),AT7) | AW7: =IF((((AT7+AU7)/2)+(C7/(DATOS!$B$14*((AT7+AU7)/2)))^2/(2*9.81)+B7-(E6+(C6/(DATOS!$B$14*E6))^2/(2*9.81)+B6+0.5*(((DATOS!$B$27*C6/(DATOS!$B$14*E6))^2/((DATOS!$B$14*E6)/(DATOS!$B$14+2*E6))^(4/3))+((DATOS!$B$27*C7/(DATOS!$B$14*((AT7+AU7)/2)))^2/((DATOS!$B$14*((AT7+AU7)/2))/(DATOS!$B$14+2*((AT7+AU7)/2)))^(4/3)))*(A6-A7)))<0,AU7,((AT7+AU7)/2)) | AX7: =IF((((AV7+AW7)/2)+(C7/(DATOS!$B$14*((AV7+AW7)/2)))^2/(2*9.81)+B7-(E6+(C6/(DATOS!$B$14*E6))^2/(2*9.81)+B6+0.5*(((DATOS!$B$27*C6/(DATOS!$B$14*E6))^2/((DATOS!$B$14*E6)/(DATOS!$B$14+2*E6))^(4/3))+((DATOS!$B$27*C7/(DATOS!$B$14*((AV7+AW7)/2)))^2/((DATOS!$B$14*((AV7+AW7)/2))/(DATOS!$B$14+2*((AV7+AW7)/2)))^(4/3)))*(A6-A7)))<0,((AV7+AW7)/2),AV7) | AY7: =IF((((AV7+AW7)/2)+(C7/(DATOS!$B$14*((AV7+AW7)/2)))^2/(2*9.81)+B7-(E6+(C6/(DATOS!$B$14*E6))^2/(2*9.81)+B6+0.5*(((DATOS!$B$27*C6/(DATOS!$B$14*E6))^2/((DATOS!$B$14*E6)/(DATOS!$B$14+2*E6))^(4/3))+((DATOS!$B$27*C7/(DATOS!$B$14*((AV7+AW7)/2)))^2/((DATOS!$B$14*((AV7+AW7)/2))/(DATOS!$B$14+2*((AV7+AW7)/2)))^(4/3)))*(A6-A7)))<0,AW7,((AV7+AW7)/2)) | AZ7: =IF((((AX7+AY7)/2)+(C7/(DATOS!$B$14*((AX7+AY7)/2)))^2/(2*9.81)+B7-(E6+(C6/(DATOS!$B$14*E6))^2/(2*9.81)+B6+0.5*(((DATOS!$B$27*C6/(DATOS!$B$14*E6))^2/((DATOS!$B$14*E6)/(DATOS!$B$14+2*E6))^(4/3))+((DATOS!$B$27*C7/(DATOS!$B$14*((AX7+AY7)/2)))^2/((DATOS!$B$14*((AX7+AY7)/2))/(DATOS!$B$14+2*((AX7+AY7)/2)))^(4/3)))*(A6-A7)))<0,((AX7+AY7)/2),AX7) | BA7: =IF((((AX7+AY7)/2)+(C7/(DATOS!$B$14*((AX7+AY7)/2)))^2/(2*9.81)+B7-(E6+(C6/(DATOS!$B$14*E6))^2/(2*9.81)+B6+0.5*(((DATOS!$B$27*C6/(DATOS!$B$14*E6))^2/((DATOS!$B$14*E6)/(DATOS!$B$14+2*E6))^(4/3))+((DATOS!$B$27*C7/(DATOS!$B$14*((AX7+AY7)/2)))^2/((DATOS!$B$14*((AX7+AY7)/2))/(DATOS!$B$14+2*((AX7+AY7)/2)))^(4/3)))*(A6-A7)))<0,AY7,((AX7+AY7)/2)) | BB7: =IF((((AZ7+BA7)/2)+(C7/(DATOS!$B$14*((AZ7+BA7)/2)))^2/(2*9.81)+B7-(E6+(C6/(DATOS!$B$14*E6))^2/(2*9.81)+B6+0.5*(((DATOS!$B$27*C6/(DATOS!$B$14*E6))^2/((DATOS!$B$14*E6)/(DATOS!$B$14+2*E6))^(4/3))+((DATOS!$B$27*C7/(DATOS!$B$14*((AZ7+BA7)/2)))^2/((DATOS!$B$14*((AZ7+BA7)/2))/(DATOS!$B$14+2*((AZ7+BA7)/2)))^(4/3)))*(A6-A7)))<0,((AZ7+BA7)/2),AZ7) | BC7: =IF((((AZ7+BA7)/2)+(C7/(DATOS!$B$14*((AZ7+BA7)/2)))^2/(2*9.81)+B7-(E6+(C6/(DATOS!$B$14*E6))^2/(2*9.81)+B6+0.5*(((DATOS!$B$27*C6/(DATOS!$B$14*E6))^2/((DATOS!$B$14*E6)/(DATOS!$B$14+2*E6))^(4/3))+((DATOS!$B$27*C7/(DATOS!$B$14*((AZ7+BA7)/2)))^2/((DATOS!$B$14*((AZ7+BA7)/2))/(DATOS!$B$14+2*((AZ7+BA7)/2)))^(4/3)))*(A6-A7)))<0,BA7,((AZ7+BA7)/2)) | BD7: =IF((((BB7+BC7)/2)+(C7/(DATOS!$B$14*((BB7+BC7)/2)))^2/(2*9.81)+B7-(E6+(C6/(DATOS!$B$14*E6))^2/(2*9.81)+B6+0.5*(((DATOS!$B$27*C6/(DATOS!$B$14*E6))^2/((DATOS!$B$14*E6)/(DATOS!$B$14+2*E6))^(4/3))+((DATOS!$B$27*C7/(DATOS!$B$14*((BB7+BC7)/2)))^2/((DATOS!$B$14*((BB7+BC7)/2))/(DATOS!$B$14+2*((BB7+BC7)/2)))^(4/3)))*(A6-A7)))<0,((BB7+BC7)/2),BB7) | BE7: =IF((((BB7+BC7)/2)+(C7/(DATOS!$B$14*((BB7+BC7)/2)))^2/(2*9.81)+B7-(E6+(C6/(DATOS!$B$14*E6))^2/(2*9.81)+B6+0.5*(((DATOS!$B$27*C6/(DATOS!$B$14*E6))^2/((DATOS!$B$14*E6)/(DATOS!$B$14+2*E6))^(4/3))+((DATOS!$B$27*C7/(DATOS!$B$14*((BB7+BC7)/2)))^2/((DATOS!$B$14*((BB7+BC7)/2))/(DATOS!$B$14+2*((BB7+BC7)/2)))^(4/3)))*(A6-A7)))<0,BC7,((BB7+BC7)/2)) | BF7: =IF((((BD7+BE7)/2)+(C7/(DATOS!$B$14*((BD7+BE7)/2)))^2/(2*9.81)+B7-(E6+(C6/(DATOS!$B$14*E6))^2/(2*9.81)+B6+0.5*(((DATOS!$B$27*C6/(DATOS!$B$14*E6))^2/((DATOS!$B$14*E6)/(DATOS!$B$14+2*E6))^(4/3))+((DATOS!$B$27*C7/(DATOS!$B$14*((BD7+BE7)/2)))^2/((DATOS!$B$14*((BD7+BE7)/2))/(DATOS!$B$14+2*((BD7+BE7)/2)))^(4/3)))*(A6-A7)))<0,((BD7+BE7)/2),BD7) | BG7: =IF((((BD7+BE7)/2)+(C7/(DATOS!$B$14*((BD7+BE7)/2)))^2/(2*9.81)+B7-(E6+(C6/(DATOS!$B$14*E6))^2/(2*9.81)+B6+0.5*(((DATOS!$B$27*C6/(DATOS!$B$14*E6))^2/((DATOS!$B$14*E6)/(DATOS!$B$14+2*E6))^(4/3))+((DATOS!$B$27*C7/(DATOS!$B$14*((BD7+BE7)/2)))^2/((DATOS!$B$14*((BD7+BE7)/2))/(DATOS!$B$14+2*((BD7+BE7)/2)))^(4/3)))*(A6-A7)))<0,BE7,((BD7+BE7)/2)) | BH7: =IF((((BF7+BG7)/2)+(C7/(DATOS!$B$14*((BF7+BG7)/2)))^2/(2*9.81)+B7-(E6+(C6/(DATOS!$B$14*E6))^2/(2*9.81)+B6+0.5*(((DATOS!$B$27*C6/(DATOS!$B$14*E6))^2/((DATOS!$B$14*E6)/(DATOS!$B$14+2*E6))^(4/3))+((DATOS!$B$27*C7/(DATOS!$B$14*((BF7+BG7)/2)))^2/((DATOS!$B$14*((BF7+BG7)/2))/(DATOS!$B$14+2*((BF7+BG7)/2)))^(4/3)))*(A6-A7)))<0,((BF7+BG7)/2),BF7) | BI7: =IF((((BF7+BG7)/2)+(C7/(DATOS!$B$14*((BF7+BG7)/2)))^2/(2*9.81)+B7-(E6+(C6/(DATOS!$B$14*E6))^2/(2*9.81)+B6+0.5*(((DATOS!$B$27*C6/(DATOS!$B$14*E6))^2/((DATOS!$B$14*E6)/(DATOS!$B$14+2*E6))^(4/3))+((DATOS!$B$27*C7/(DATOS!$B$14*((BF7+BG7)/2)))^2/((DATOS!$B$14*((BF7+BG7)/2))/(DATOS!$B$14+2*((BF7+BG7)/2)))^(4/3)))*(A6-A7)))<0,BG7,((BF7+BG7)/2)) | BJ7: =IF((((BH7+BI7)/2)+(C7/(DATOS!$B$14*((BH7+BI7)/2)))^2/(2*9.81)+B7-(E6+(C6/(DATOS!$B$14*E6))^2/(2*9.81)+B6+0.5*(((DATOS!$B$27*C6/(DATOS!$B$14*E6))^2/((DATOS!$B$14*E6)/(DATOS!$B$14+2*E6))^(4/3))+((DATOS!$B$27*C7/(DATOS!$B$14*((BH7+BI7)/2)))^2/((DATOS!$B$14*((BH7+BI7)/2))/(DATOS!$B$14+2*((BH7+BI7)/2)))^(4/3)))*(A6-A7)))<0,((BH7+BI7)/2),BH7) | BK7: =IF((((BH7+BI7)/2)+(C7/(DATOS!$B$14*((BH7+BI7)/2)))^2/(2*9.81)+B7-(E6+(C6/(DATOS!$B$14*E6))^2/(2*9.81)+B6+0.5*(((DATOS!$B$27*C6/(DATOS!$B$14*E6))^2/((DATOS!$B$14*E6)/(DATOS!$B$14+2*E6))^(4/3))+((DATOS!$B$27*C7/(DATOS!$B$14*((BH7+BI7)/2)))^2/((DATOS!$B$14*((BH7+BI7)/2))/(DATOS!$B$14+2*((BH7+BI7)/2)))^(4/3)))*(A6-A7)))<0,BI7,((BH7+BI7)/2)) | BL7: =IF((((BJ7+BK7)/2)+(C7/(DATOS!$B$14*((BJ7+BK7)/2)))^2/(2*9.81)+B7-(E6+(C6/(DATOS!$B$14*E6))^2/(2*9.81)+B6+0.5*(((DATOS!$B$27*C6/(DATOS!$B$14*E6))^2/((DATOS!$B$14*E6)/(DATOS!$B$14+2*E6))^(4/3))+((DATOS!$B$27*C7/(DATOS!$B$14*((BJ7+BK7)/2)))^2/((DATOS!$B$14*((BJ7+BK7)/2))/(DATOS!$B$14+2*((BJ7+BK7)/2)))^(4/3)))*(A6-A7)))<0,((BJ7+BK7)/2),BJ7) | BM7: =IF((((BJ7+BK7)/2)+(C7/(DATOS!$B$14*((BJ7+BK7)/2)))^2/(2*9.81)+B7-(E6+(C6/(DATOS!$B$14*E6))^2/(2*9.81)+B6+0.5*(((DATOS!$B$27*C6/(DATOS!$B$14*E6))^2/((DATOS!$B$14*E6)/(DATOS!$B$14+2*E6))^(4/3))+((DATOS!$B$27*C7/(DATOS!$B$14*((BJ7+BK7)/2)))^2/((DATOS!$B$14*((BJ7+BK7)/2))/(DATOS!$B$14+2*((BJ7+BK7)/2)))^(4/3)))*(A6-A7)))<0,BK7,((BJ7+BK7)/2)) | BN7: =IF((((BL7+BM7)/2)+(C7/(DATOS!$B$14*((BL7+BM7)/2)))^2/(2*9.81)+B7-(E6+(C6/(DATOS!$B$14*E6))^2/(2*9.81)+B6+0.5*(((DATOS!$B$27*C6/(DATOS!$B$14*E6))^2/((DATOS!$B$14*E6)/(DATOS!$B$14+2*E6))^(4/3))+((DATOS!$B$27*C7/(DATOS!$B$14*((BL7+BM7)/2)))^2/((DATOS!$B$14*((BL7+BM7)/2))/(DATOS!$B$14+2*((BL7+BM7)/2)))^(4/3)))*(A6-A7)))<0,((BL7+BM7)/2),BL7) | BO7: =IF((((BL7+BM7)/2)+(C7/(DATOS!$B$14*((BL7+BM7)/2)))^2/(2*9.81)+B7-(E6+(C6/(DATOS!$B$14*E6))^2/(2*9.81)+B6+0.5*(((DATOS!$B$27*C6/(DATOS!$B$14*E6))^2/((DATOS!$B$14*E6)/(DATOS!$B$14+2*E6))^(4/3))+((DATOS!$B$27*C7/(DATOS!$B$14*((BL7+BM7)/2)))^2/((DATOS!$B$14*((BL7+BM7)/2))/(DATOS!$B$14+2*((BL7+BM7)/2)))^(4/3)))*(A6-A7)))<0,BM7,((BL7+BM7)/2)) | BP7: =IF((((BN7+BO7)/2)+(C7/(DATOS!$B$14*((BN7+BO7)/2)))^2/(2*9.81)+B7-(E6+(C6/(DATOS!$B$14*E6))^2/(2*9.81)+B6+0.5*(((DATOS!$B$27*C6/(DATOS!$B$14*E6))^2/((DATOS!$B$14*E6)/(DATOS!$B$14+2*E6))^(4/3))+((DATOS!$B$27*C7/(DATOS!$B$14*((BN7+BO7)/2)))^2/((DATOS!$B$14*((BN7+BO7)/2))/(DATOS!$B$14+2*((BN7+BO7)/2)))^(4/3)))*(A6-A7)))<0,((BN7+BO7)/2),BN7) | BQ7: =IF((((BN7+BO7)/2)+(C7/(DATOS!$B$14*((BN7+BO7)/2)))^2/(2*9.81)+B7-(E6+(C6/(DATOS!$B$14*E6))^2/(2*9.81)+B6+0.5*(((DATOS!$B$27*C6/(DATOS!$B$14*E6))^2/((DATOS!$B$14*E6)/(DATOS!$B$14+2*E6))^(4/3))+((DATOS!$B$27*C7/(DATOS!$B$14*((BN7+BO7)/2)))^2/((DATOS!$B$14*((BN7+BO7)/2))/(DATOS!$B$14+2*((BN7+BO7)/2)))^(4/3)))*(A6-A7)))<0,BO7,((BN7+BO7)/2)) | BR7: =IF((((BP7+BQ7)/2)+(C7/(DATOS!$B$14*((BP7+BQ7)/2)))^2/(2*9.81)+B7-(E6+(C6/(DATOS!$B$14*E6))^2/(2*9.81)+B6+0.5*(((DATOS!$B$27*C6/(DATOS!$B$14*E6))^2/((DATOS!$B$14*E6)/(DATOS!$B$14+2*E6))^(4/3))+((DATOS!$B$27*C7/(DATOS!$B$14*((BP7+BQ7)/2)))^2/((DATOS!$B$14*((BP7+BQ7)/2))/(DATOS!$B$14+2*((BP7+BQ7)/2)))^(4/3)))*(A6-A7)))<0,((BP7+BQ7)/2),BP7) | BS7: =IF((((BP7+BQ7)/2)+(C7/(DATOS!$B$14*((BP7+BQ7)/2)))^2/(2*9.81)+B7-(E6+(C6/(DATOS!$B$14*E6))^2/(2*9.81)+B6+0.5*(((DATOS!$B$27*C6/(DATOS!$B$14*E6))^2/((DATOS!$B$14*E6)/(DATOS!$B$14+2*E6))^(4/3))+((DATOS!$B$27*C7/(DATOS!$B$14*((BP7+BQ7)/2)))^2/((DATOS!$B$14*((BP7+BQ7)/2))/(DATOS!$B$14+2*((BP7+BQ7)/2)))^(4/3)))*(A6-A7)))<0,BQ7,((BP7+BQ7)/2)) | BT7: =IF((((BR7+BS7)/2)+(C7/(DATOS!$B$14*((BR7+BS7)/2)))^2/(2*9.81)+B7-(E6+(C6/(DATOS!$B$14*E6))^2/(2*9.81)+B6+0.5*(((DATOS!$B$27*C6/(DATOS!$B$14*E6))^2/((DATOS!$B$14*E6)/(DATOS!$B$14+2*E6))^(4/3))+((DATOS!$B$27*C7/(DATOS!$B$14*((BR7+BS7)/2)))^2/((DATOS!$B$14*((BR7+BS7)/2))/(DATOS!$B$14+2*((BR7+BS7)/2)))^(4/3)))*(A6-A7)))<0,((BR7+BS7)/2),BR7) | BU7: =IF((((BR7+BS7)/2)+(C7/(DATOS!$B$14*((BR7+BS7)/2)))^2/(2*9.81)+B7-(E6+(C6/(DATOS!$B$14*E6))^2/(2*9.81)+B6+0.5*(((DATOS!$B$27*C6/(DATOS!$B$14*E6))^2/((DATOS!$B$14*E6)/(DATOS!$B$14+2*E6))^(4/3))+((DATOS!$B$27*C7/(DATOS!$B$14*((BR7+BS7)/2)))^2/((DATOS!$B$14*((BR7+BS7)/2))/(DATOS!$B$14+2*((BR7+BS7)/2)))^(4/3)))*(A6-A7)))<0,BS7,((BR7+BS7)/2))
A8: 134 | B8: =DATOS!$B$16-DATOS!$B$19*A8 | C8: =IF(A8<CAUDALES!$B$13,CAUDALES!$D$12,IF(A8<CAUDALES!$B$14,CAUDALES!$D$13,IF(A8<CAUDALES!$B$15,CAUDALES!$D$14,CAUDALES!$D$15)))/1000 | D8: =(C8^2/(9.81*DATOS!$B$14^2))^(1/3) | E8: =(BT8+BU8)/2 | F8: =B8+E8 | G8: =C8/(DATOS!$B$14*E8) | H8: =G8/SQRT(9.81*E8) | I8: =IF(A8<=DATOS!$B$20,DATOS!$B$21-IF(AND(A8>=DATOS!$B$23,A8<DATOS!$B$24),DATOS!$B$25,DATOS!$B$22),B8+DATOS!$B$26) | J8: =I8-B8 | K8: =E8/J8 | L8: =I8-F8 | M8: =IF(AND(K8<=DATOS!$B$29,L8>=DATOS!$B$30),"CUMPLE","NO CUMPLE") | N8: =IF(A8>DATOS!$B$20,"cubierto - tramo final",IF(AND(A8>=DATOS!$B$23,A8<DATOS!$B$24),"cubierto - camiones","cubierto")) | P8: =D8*1.001 | Q8: 2 | R8: =IF((((P8+Q8)/2)+(C8/(DATOS!$B$14*((P8+Q8)/2)))^2/(2*9.81)+B8-(E7+(C7/(DATOS!$B$14*E7))^2/(2*9.81)+B7+0.5*(((DATOS!$B$27*C7/(DATOS!$B$14*E7))^2/((DATOS!$B$14*E7)/(DATOS!$B$14+2*E7))^(4/3))+((DATOS!$B$27*C8/(DATOS!$B$14*((P8+Q8)/2)))^2/((DATOS!$B$14*((P8+Q8)/2))/(DATOS!$B$14+2*((P8+Q8)/2)))^(4/3)))*(A7-A8)))<0,((P8+Q8)/2),P8) | S8: =IF((((P8+Q8)/2)+(C8/(DATOS!$B$14*((P8+Q8)/2)))^2/(2*9.81)+B8-(E7+(C7/(DATOS!$B$14*E7))^2/(2*9.81)+B7+0.5*(((DATOS!$B$27*C7/(DATOS!$B$14*E7))^2/((DATOS!$B$14*E7)/(DATOS!$B$14+2*E7))^(4/3))+((DATOS!$B$27*C8/(DATOS!$B$14*((P8+Q8)/2)))^2/((DATOS!$B$14*((P8+Q8)/2))/(DATOS!$B$14+2*((P8+Q8)/2)))^(4/3)))*(A7-A8)))<0,Q8,((P8+Q8)/2)) | T8: =IF((((R8+S8)/2)+(C8/(DATOS!$B$14*((R8+S8)/2)))^2/(2*9.81)+B8-(E7+(C7/(DATOS!$B$14*E7))^2/(2*9.81)+B7+0.5*(((DATOS!$B$27*C7/(DATOS!$B$14*E7))^2/((DATOS!$B$14*E7)/(DATOS!$B$14+2*E7))^(4/3))+((DATOS!$B$27*C8/(DATOS!$B$14*((R8+S8)/2)))^2/((DATOS!$B$14*((R8+S8)/2))/(DATOS!$B$14+2*((R8+S8)/2)))^(4/3)))*(A7-A8)))<0,((R8+S8)/2),R8) | U8: =IF((((R8+S8)/2)+(C8/(DATOS!$B$14*((R8+S8)/2)))^2/(2*9.81)+B8-(E7+(C7/(DATOS!$B$14*E7))^2/(2*9.81)+B7+0.5*(((DATOS!$B$27*C7/(DATOS!$B$14*E7))^2/((DATOS!$B$14*E7)/(DATOS!$B$14+2*E7))^(4/3))+((DATOS!$B$27*C8/(DATOS!$B$14*((R8+S8)/2)))^2/((DATOS!$B$14*((R8+S8)/2))/(DATOS!$B$14+2*((R8+S8)/2)))^(4/3)))*(A7-A8)))<0,S8,((R8+S8)/2)) | V8: =IF((((T8+U8)/2)+(C8/(DATOS!$B$14*((T8+U8)/2)))^2/(2*9.81)+B8-(E7+(C7/(DATOS!$B$14*E7))^2/(2*9.81)+B7+0.5*(((DATOS!$B$27*C7/(DATOS!$B$14*E7))^2/((DATOS!$B$14*E7)/(DATOS!$B$14+2*E7))^(4/3))+((DATOS!$B$27*C8/(DATOS!$B$14*((T8+U8)/2)))^2/((DATOS!$B$14*((T8+U8)/2))/(DATOS!$B$14+2*((T8+U8)/2)))^(4/3)))*(A7-A8)))<0,((T8+U8)/2),T8) | W8: =IF((((T8+U8)/2)+(C8/(DATOS!$B$14*((T8+U8)/2)))^2/(2*9.81)+B8-(E7+(C7/(DATOS!$B$14*E7))^2/(2*9.81)+B7+0.5*(((DATOS!$B$27*C7/(DATOS!$B$14*E7))^2/((DATOS!$B$14*E7)/(DATOS!$B$14+2*E7))^(4/3))+((DATOS!$B$27*C8/(DATOS!$B$14*((T8+U8)/2)))^2/((DATOS!$B$14*((T8+U8)/2))/(DATOS!$B$14+2*((T8+U8)/2)))^(4/3)))*(A7-A8)))<0,U8,((T8+U8)/2)) | X8: =IF((((V8+W8)/2)+(C8/(DATOS!$B$14*((V8+W8)/2)))^2/(2*9.81)+B8-(E7+(C7/(DATOS!$B$14*E7))^2/(2*9.81)+B7+0.5*(((DATOS!$B$27*C7/(DATOS!$B$14*E7))^2/((DATOS!$B$14*E7)/(DATOS!$B$14+2*E7))^(4/3))+((DATOS!$B$27*C8/(DATOS!$B$14*((V8+W8)/2)))^2/((DATOS!$B$14*((V8+W8)/2))/(DATOS!$B$14+2*((V8+W8)/2)))^(4/3)))*(A7-A8)))<0,((V8+W8)/2),V8) | Y8: =IF((((V8+W8)/2)+(C8/(DATOS!$B$14*((V8+W8)/2)))^2/(2*9.81)+B8-(E7+(C7/(DATOS!$B$14*E7))^2/(2*9.81)+B7+0.5*(((DATOS!$B$27*C7/(DATOS!$B$14*E7))^2/((DATOS!$B$14*E7)/(DATOS!$B$14+2*E7))^(4/3))+((DATOS!$B$27*C8/(DATOS!$B$14*((V8+W8)/2)))^2/((DATOS!$B$14*((V8+W8)/2))/(DATOS!$B$14+2*((V8+W8)/2)))^(4/3)))*(A7-A8)))<0,W8,((V8+W8)/2)) | Z8: =IF((((X8+Y8)/2)+(C8/(DATOS!$B$14*((X8+Y8)/2)))^2/(2*9.81)+B8-(E7+(C7/(DATOS!$B$14*E7))^2/(2*9.81)+B7+0.5*(((DATOS!$B$27*C7/(DATOS!$B$14*E7))^2/((DATOS!$B$14*E7)/(DATOS!$B$14+2*E7))^(4/3))+((DATOS!$B$27*C8/(DATOS!$B$14*((X8+Y8)/2)))^2/((DATOS!$B$14*((X8+Y8)/2))/(DATOS!$B$14+2*((X8+Y8)/2)))^(4/3)))*(A7-A8)))<0,((X8+Y8)/2),X8) | AA8: =IF((((X8+Y8)/2)+(C8/(DATOS!$B$14*((X8+Y8)/2)))^2/(2*9.81)+B8-(E7+(C7/(DATOS!$B$14*E7))^2/(2*9.81)+B7+0.5*(((DATOS!$B$27*C7/(DATOS!$B$14*E7))^2/((DATOS!$B$14*E7)/(DATOS!$B$14+2*E7))^(4/3))+((DATOS!$B$27*C8/(DATOS!$B$14*((X8+Y8)/2)))^2/((DATOS!$B$14*((X8+Y8)/2))/(DATOS!$B$14+2*((X8+Y8)/2)))^(4/3)))*(A7-A8)))<0,Y8,((X8+Y8)/2)) | AB8: =IF((((Z8+AA8)/2)+(C8/(DATOS!$B$14*((Z8+AA8)/2)))^2/(2*9.81)+B8-(E7+(C7/(DATOS!$B$14*E7))^2/(2*9.81)+B7+0.5*(((DATOS!$B$27*C7/(DATOS!$B$14*E7))^2/((DATOS!$B$14*E7)/(DATOS!$B$14+2*E7))^(4/3))+((DATOS!$B$27*C8/(DATOS!$B$14*((Z8+AA8)/2)))^2/((DATOS!$B$14*((Z8+AA8)/2))/(DATOS!$B$14+2*((Z8+AA8)/2)))^(4/3)))*(A7-A8)))<0,((Z8+AA8)/2),Z8) | AC8: =IF((((Z8+AA8)/2)+(C8/(DATOS!$B$14*((Z8+AA8)/2)))^2/(2*9.81)+B8-(E7+(C7/(DATOS!$B$14*E7))^2/(2*9.81)+B7+0.5*(((DATOS!$B$27*C7/(DATOS!$B$14*E7))^2/((DATOS!$B$14*E7)/(DATOS!$B$14+2*E7))^(4/3))+((DATOS!$B$27*C8/(DATOS!$B$14*((Z8+AA8)/2)))^2/((DATOS!$B$14*((Z8+AA8)/2))/(DATOS!$B$14+2*((Z8+AA8)/2)))^(4/3)))*(A7-A8)))<0,AA8,((Z8+AA8)/2)) | AD8: =IF((((AB8+AC8)/2)+(C8/(DATOS!$B$14*((AB8+AC8)/2)))^2/(2*9.81)+B8-(E7+(C7/(DATOS!$B$14*E7))^2/(2*9.81)+B7+0.5*(((DATOS!$B$27*C7/(DATOS!$B$14*E7))^2/((DATOS!$B$14*E7)/(DATOS!$B$14+2*E7))^(4/3))+((DATOS!$B$27*C8/(DATOS!$B$14*((AB8+AC8)/2)))^2/((DATOS!$B$14*((AB8+AC8)/2))/(DATOS!$B$14+2*((AB8+AC8)/2)))^(4/3)))*(A7-A8)))<0,((AB8+AC8)/2),AB8) | AE8: =IF((((AB8+AC8)/2)+(C8/(DATOS!$B$14*((AB8+AC8)/2)))^2/(2*9.81)+B8-(E7+(C7/(DATOS!$B$14*E7))^2/(2*9.81)+B7+0.5*(((DATOS!$B$27*C7/(DATOS!$B$14*E7))^2/((DATOS!$B$14*E7)/(DATOS!$B$14+2*E7))^(4/3))+((DATOS!$B$27*C8/(DATOS!$B$14*((AB8+AC8)/2)))^2/((DATOS!$B$14*((AB8+AC8)/2))/(DATOS!$B$14+2*((AB8+AC8)/2)))^(4/3)))*(A7-A8)))<0,AC8,((AB8+AC8)/2)) | AF8: =IF((((AD8+AE8)/2)+(C8/(DATOS!$B$14*((AD8+AE8)/2)))^2/(2*9.81)+B8-(E7+(C7/(DATOS!$B$14*E7))^2/(2*9.81)+B7+0.5*(((DATOS!$B$27*C7/(DATOS!$B$14*E7))^2/((DATOS!$B$14*E7)/(DATOS!$B$14+2*E7))^(4/3))+((DATOS!$B$27*C8/(DATOS!$B$14*((AD8+AE8)/2)))^2/((DATOS!$B$14*((AD8+AE8)/2))/(DATOS!$B$14+2*((AD8+AE8)/2)))^(4/3)))*(A7-A8)))<0,((AD8+AE8)/2),AD8) | AG8: =IF((((AD8+AE8)/2)+(C8/(DATOS!$B$14*((AD8+AE8)/2)))^2/(2*9.81)+B8-(E7+(C7/(DATOS!$B$14*E7))^2/(2*9.81)+B7+0.5*(((DATOS!$B$27*C7/(DATOS!$B$14*E7))^2/((DATOS!$B$14*E7)/(DATOS!$B$14+2*E7))^(4/3))+((DATOS!$B$27*C8/(DATOS!$B$14*((AD8+AE8)/2)))^2/((DATOS!$B$14*((AD8+AE8)/2))/(DATOS!$B$14+2*((AD8+AE8)/2)))^(4/3)))*(A7-A8)))<0,AE8,((AD8+AE8)/2)) | AH8: =IF((((AF8+AG8)/2)+(C8/(DATOS!$B$14*((AF8+AG8)/2)))^2/(2*9.81)+B8-(E7+(C7/(DATOS!$B$14*E7))^2/(2*9.81)+B7+0.5*(((DATOS!$B$27*C7/(DATOS!$B$14*E7))^2/((DATOS!$B$14*E7)/(DATOS!$B$14+2*E7))^(4/3))+((DATOS!$B$27*C8/(DATOS!$B$14*((AF8+AG8)/2)))^2/((DATOS!$B$14*((AF8+AG8)/2))/(DATOS!$B$14+2*((AF8+AG8)/2)))^(4/3)))*(A7-A8)))<0,((AF8+AG8)/2),AF8) | AI8: =IF((((AF8+AG8)/2)+(C8/(DATOS!$B$14*((AF8+AG8)/2)))^2/(2*9.81)+B8-(E7+(C7/(DATOS!$B$14*E7))^2/(2*9.81)+B7+0.5*(((DATOS!$B$27*C7/(DATOS!$B$14*E7))^2/((DATOS!$B$14*E7)/(DATOS!$B$14+2*E7))^(4/3))+((DATOS!$B$27*C8/(DATOS!$B$14*((AF8+AG8)/2)))^2/((DATOS!$B$14*((AF8+AG8)/2))/(DATOS!$B$14+2*((AF8+AG8)/2)))^(4/3)))*(A7-A8)))<0,AG8,((AF8+AG8)/2)) | AJ8: =IF((((AH8+AI8)/2)+(C8/(DATOS!$B$14*((AH8+AI8)/2)))^2/(2*9.81)+B8-(E7+(C7/(DATOS!$B$14*E7))^2/(2*9.81)+B7+0.5*(((DATOS!$B$27*C7/(DATOS!$B$14*E7))^2/((DATOS!$B$14*E7)/(DATOS!$B$14+2*E7))^(4/3))+((DATOS!$B$27*C8/(DATOS!$B$14*((AH8+AI8)/2)))^2/((DATOS!$B$14*((AH8+AI8)/2))/(DATOS!$B$14+2*((AH8+AI8)/2)))^(4/3)))*(A7-A8)))<0,((AH8+AI8)/2),AH8) | AK8: =IF((((AH8+AI8)/2)+(C8/(DATOS!$B$14*((AH8+AI8)/2)))^2/(2*9.81)+B8-(E7+(C7/(DATOS!$B$14*E7))^2/(2*9.81)+B7+0.5*(((DATOS!$B$27*C7/(DATOS!$B$14*E7))^2/((DATOS!$B$14*E7)/(DATOS!$B$14+2*E7))^(4/3))+((DATOS!$B$27*C8/(DATOS!$B$14*((AH8+AI8)/2)))^2/((DATOS!$B$14*((AH8+AI8)/2))/(DATOS!$B$14+2*((AH8+AI8)/2)))^(4/3)))*(A7-A8)))<0,AI8,((AH8+AI8)/2)) | AL8: =IF((((AJ8+AK8)/2)+(C8/(DATOS!$B$14*((AJ8+AK8)/2)))^2/(2*9.81)+B8-(E7+(C7/(DATOS!$B$14*E7))^2/(2*9.81)+B7+0.5*(((DATOS!$B$27*C7/(DATOS!$B$14*E7))^2/((DATOS!$B$14*E7)/(DATOS!$B$14+2*E7))^(4/3))+((DATOS!$B$27*C8/(DATOS!$B$14*((AJ8+AK8)/2)))^2/((DATOS!$B$14*((AJ8+AK8)/2))/(DATOS!$B$14+2*((AJ8+AK8)/2)))^(4/3)))*(A7-A8)))<0,((AJ8+AK8)/2),AJ8) | AM8: =IF((((AJ8+AK8)/2)+(C8/(DATOS!$B$14*((AJ8+AK8)/2)))^2/(2*9.81)+B8-(E7+(C7/(DATOS!$B$14*E7))^2/(2*9.81)+B7+0.5*(((DATOS!$B$27*C7/(DATOS!$B$14*E7))^2/((DATOS!$B$14*E7)/(DATOS!$B$14+2*E7))^(4/3))+((DATOS!$B$27*C8/(DATOS!$B$14*((AJ8+AK8)/2)))^2/((DATOS!$B$14*((AJ8+AK8)/2))/(DATOS!$B$14+2*((AJ8+AK8)/2)))^(4/3)))*(A7-A8)))<0,AK8,((AJ8+AK8)/2)) | AN8: =IF((((AL8+AM8)/2)+(C8/(DATOS!$B$14*((AL8+AM8)/2)))^2/(2*9.81)+B8-(E7+(C7/(DATOS!$B$14*E7))^2/(2*9.81)+B7+0.5*(((DATOS!$B$27*C7/(DATOS!$B$14*E7))^2/((DATOS!$B$14*E7)/(DATOS!$B$14+2*E7))^(4/3))+((DATOS!$B$27*C8/(DATOS!$B$14*((AL8+AM8)/2)))^2/((DATOS!$B$14*((AL8+AM8)/2))/(DATOS!$B$14+2*((AL8+AM8)/2)))^(4/3)))*(A7-A8)))<0,((AL8+AM8)/2),AL8) | AO8: =IF((((AL8+AM8)/2)+(C8/(DATOS!$B$14*((AL8+AM8)/2)))^2/(2*9.81)+B8-(E7+(C7/(DATOS!$B$14*E7))^2/(2*9.81)+B7+0.5*(((DATOS!$B$27*C7/(DATOS!$B$14*E7))^2/((DATOS!$B$14*E7)/(DATOS!$B$14+2*E7))^(4/3))+((DATOS!$B$27*C8/(DATOS!$B$14*((AL8+AM8)/2)))^2/((DATOS!$B$14*((AL8+AM8)/2))/(DATOS!$B$14+2*((AL8+AM8)/2)))^(4/3)))*(A7-A8)))<0,AM8,((AL8+AM8)/2)) | AP8: =IF((((AN8+AO8)/2)+(C8/(DATOS!$B$14*((AN8+AO8)/2)))^2/(2*9.81)+B8-(E7+(C7/(DATOS!$B$14*E7))^2/(2*9.81)+B7+0.5*(((DATOS!$B$27*C7/(DATOS!$B$14*E7))^2/((DATOS!$B$14*E7)/(DATOS!$B$14+2*E7))^(4/3))+((DATOS!$B$27*C8/(DATOS!$B$14*((AN8+AO8)/2)))^2/((DATOS!$B$14*((AN8+AO8)/2))/(DATOS!$B$14+2*((AN8+AO8)/2)))^(4/3)))*(A7-A8)))<0,((AN8+AO8)/2),AN8) | AQ8: =IF((((AN8+AO8)/2)+(C8/(DATOS!$B$14*((AN8+AO8)/2)))^2/(2*9.81)+B8-(E7+(C7/(DATOS!$B$14*E7))^2/(2*9.81)+B7+0.5*(((DATOS!$B$27*C7/(DATOS!$B$14*E7))^2/((DATOS!$B$14*E7)/(DATOS!$B$14+2*E7))^(4/3))+((DATOS!$B$27*C8/(DATOS!$B$14*((AN8+AO8)/2)))^2/((DATOS!$B$14*((AN8+AO8)/2))/(DATOS!$B$14+2*((AN8+AO8)/2)))^(4/3)))*(A7-A8)))<0,AO8,((AN8+AO8)/2)) | AR8: =IF((((AP8+AQ8)/2)+(C8/(DATOS!$B$14*((AP8+AQ8)/2)))^2/(2*9.81)+B8-(E7+(C7/(DATOS!$B$14*E7))^2/(2*9.81)+B7+0.5*(((DATOS!$B$27*C7/(DATOS!$B$14*E7))^2/((DATOS!$B$14*E7)/(DATOS!$B$14+2*E7))^(4/3))+((DATOS!$B$27*C8/(DATOS!$B$14*((AP8+AQ8)/2)))^2/((DATOS!$B$14*((AP8+AQ8)/2))/(DATOS!$B$14+2*((AP8+AQ8)/2)))^(4/3)))*(A7-A8)))<0,((AP8+AQ8)/2),AP8) | AS8: =IF((((AP8+AQ8)/2)+(C8/(DATOS!$B$14*((AP8+AQ8)/2)))^2/(2*9.81)+B8-(E7+(C7/(DATOS!$B$14*E7))^2/(2*9.81)+B7+0.5*(((DATOS!$B$27*C7/(DATOS!$B$14*E7))^2/((DATOS!$B$14*E7)/(DATOS!$B$14+2*E7))^(4/3))+((DATOS!$B$27*C8/(DATOS!$B$14*((AP8+AQ8)/2)))^2/((DATOS!$B$14*((AP8+AQ8)/2))/(DATOS!$B$14+2*((AP8+AQ8)/2)))^(4/3)))*(A7-A8)))<0,AQ8,((AP8+AQ8)/2)) | AT8: =IF((((AR8+AS8)/2)+(C8/(DATOS!$B$14*((AR8+AS8)/2)))^2/(2*9.81)+B8-(E7+(C7/(DATOS!$B$14*E7))^2/(2*9.81)+B7+0.5*(((DATOS!$B$27*C7/(DATOS!$B$14*E7))^2/((DATOS!$B$14*E7)/(DATOS!$B$14+2*E7))^(4/3))+((DATOS!$B$27*C8/(DATOS!$B$14*((AR8+AS8)/2)))^2/((DATOS!$B$14*((AR8+AS8)/2))/(DATOS!$B$14+2*((AR8+AS8)/2)))^(4/3)))*(A7-A8)))<0,((AR8+AS8)/2),AR8) | AU8: =IF((((AR8+AS8)/2)+(C8/(DATOS!$B$14*((AR8+AS8)/2)))^2/(2*9.81)+B8-(E7+(C7/(DATOS!$B$14*E7))^2/(2*9.81)+B7+0.5*(((DATOS!$B$27*C7/(DATOS!$B$14*E7))^2/((DATOS!$B$14*E7)/(DATOS!$B$14+2*E7))^(4/3))+((DATOS!$B$27*C8/(DATOS!$B$14*((AR8+AS8)/2)))^2/((DATOS!$B$14*((AR8+AS8)/2))/(DATOS!$B$14+2*((AR8+AS8)/2)))^(4/3)))*(A7-A8)))<0,AS8,((AR8+AS8)/2)) | AV8: =IF((((AT8+AU8)/2)+(C8/(DATOS!$B$14*((AT8+AU8)/2)))^2/(2*9.81)+B8-(E7+(C7/(DATOS!$B$14*E7))^2/(2*9.81)+B7+0.5*(((DATOS!$B$27*C7/(DATOS!$B$14*E7))^2/((DATOS!$B$14*E7)/(DATOS!$B$14+2*E7))^(4/3))+((DATOS!$B$27*C8/(DATOS!$B$14*((AT8+AU8)/2)))^2/((DATOS!$B$14*((AT8+AU8)/2))/(DATOS!$B$14+2*((AT8+AU8)/2)))^(4/3)))*(A7-A8)))<0,((AT8+AU8)/2),AT8) | AW8: =IF((((AT8+AU8)/2)+(C8/(DATOS!$B$14*((AT8+AU8)/2)))^2/(2*9.81)+B8-(E7+(C7/(DATOS!$B$14*E7))^2/(2*9.81)+B7+0.5*(((DATOS!$B$27*C7/(DATOS!$B$14*E7))^2/((DATOS!$B$14*E7)/(DATOS!$B$14+2*E7))^(4/3))+((DATOS!$B$27*C8/(DATOS!$B$14*((AT8+AU8)/2)))^2/((DATOS!$B$14*((AT8+AU8)/2))/(DATOS!$B$14+2*((AT8+AU8)/2)))^(4/3)))*(A7-A8)))<0,AU8,((AT8+AU8)/2)) | AX8: =IF((((AV8+AW8)/2)+(C8/(DATOS!$B$14*((AV8+AW8)/2)))^2/(2*9.81)+B8-(E7+(C7/(DATOS!$B$14*E7))^2/(2*9.81)+B7+0.5*(((DATOS!$B$27*C7/(DATOS!$B$14*E7))^2/((DATOS!$B$14*E7)/(DATOS!$B$14+2*E7))^(4/3))+((DATOS!$B$27*C8/(DATOS!$B$14*((AV8+AW8)/2)))^2/((DATOS!$B$14*((AV8+AW8)/2))/(DATOS!$B$14+2*((AV8+AW8)/2)))^(4/3)))*(A7-A8)))<0,((AV8+AW8)/2),AV8) | AY8: =IF((((AV8+AW8)/2)+(C8/(DATOS!$B$14*((AV8+AW8)/2)))^2/(2*9.81)+B8-(E7+(C7/(DATOS!$B$14*E7))^2/(2*9.81)+B7+0.5*(((DATOS!$B$27*C7/(DATOS!$B$14*E7))^2/((DATOS!$B$14*E7)/(DATOS!$B$14+2*E7))^(4/3))+((DATOS!$B$27*C8/(DATOS!$B$14*((AV8+AW8)/2)))^2/((DATOS!$B$14*((AV8+AW8)/2))/(DATOS!$B$14+2*((AV8+AW8)/2)))^(4/3)))*(A7-A8)))<0,AW8,((AV8+AW8)/2)) | AZ8: =IF((((AX8+AY8)/2)+(C8/(DATOS!$B$14*((AX8+AY8)/2)))^2/(2*9.81)+B8-(E7+(C7/(DATOS!$B$14*E7))^2/(2*9.81)+B7+0.5*(((DATOS!$B$27*C7/(DATOS!$B$14*E7))^2/((DATOS!$B$14*E7)/(DATOS!$B$14+2*E7))^(4/3))+((DATOS!$B$27*C8/(DATOS!$B$14*((AX8+AY8)/2)))^2/((DATOS!$B$14*((AX8+AY8)/2))/(DATOS!$B$14+2*((AX8+AY8)/2)))^(4/3)))*(A7-A8)))<0,((AX8+AY8)/2),AX8) | BA8: =IF((((AX8+AY8)/2)+(C8/(DATOS!$B$14*((AX8+AY8)/2)))^2/(2*9.81)+B8-(E7+(C7/(DATOS!$B$14*E7))^2/(2*9.81)+B7+0.5*(((DATOS!$B$27*C7/(DATOS!$B$14*E7))^2/((DATOS!$B$14*E7)/(DATOS!$B$14+2*E7))^(4/3))+((DATOS!$B$27*C8/(DATOS!$B$14*((AX8+AY8)/2)))^2/((DATOS!$B$14*((AX8+AY8)/2))/(DATOS!$B$14+2*((AX8+AY8)/2)))^(4/3)))*(A7-A8)))<0,AY8,((AX8+AY8)/2)) | BB8: =IF((((AZ8+BA8)/2)+(C8/(DATOS!$B$14*((AZ8+BA8)/2)))^2/(2*9.81)+B8-(E7+(C7/(DATOS!$B$14*E7))^2/(2*9.81)+B7+0.5*(((DATOS!$B$27*C7/(DATOS!$B$14*E7))^2/((DATOS!$B$14*E7)/(DATOS!$B$14+2*E7))^(4/3))+((DATOS!$B$27*C8/(DATOS!$B$14*((AZ8+BA8)/2)))^2/((DATOS!$B$14*((AZ8+BA8)/2))/(DATOS!$B$14+2*((AZ8+BA8)/2)))^(4/3)))*(A7-A8)))<0,((AZ8+BA8)/2),AZ8) | BC8: =IF((((AZ8+BA8)/2)+(C8/(DATOS!$B$14*((AZ8+BA8)/2)))^2/(2*9.81)+B8-(E7+(C7/(DATOS!$B$14*E7))^2/(2*9.81)+B7+0.5*(((DATOS!$B$27*C7/(DATOS!$B$14*E7))^2/((DATOS!$B$14*E7)/(DATOS!$B$14+2*E7))^(4/3))+((DATOS!$B$27*C8/(DATOS!$B$14*((AZ8+BA8)/2)))^2/((DATOS!$B$14*((AZ8+BA8)/2))/(DATOS!$B$14+2*((AZ8+BA8)/2)))^(4/3)))*(A7-A8)))<0,BA8,((AZ8+BA8)/2)) | BD8: =IF((((BB8+BC8)/2)+(C8/(DATOS!$B$14*((BB8+BC8)/2)))^2/(2*9.81)+B8-(E7+(C7/(DATOS!$B$14*E7))^2/(2*9.81)+B7+0.5*(((DATOS!$B$27*C7/(DATOS!$B$14*E7))^2/((DATOS!$B$14*E7)/(DATOS!$B$14+2*E7))^(4/3))+((DATOS!$B$27*C8/(DATOS!$B$14*((BB8+BC8)/2)))^2/((DATOS!$B$14*((BB8+BC8)/2))/(DATOS!$B$14+2*((BB8+BC8)/2)))^(4/3)))*(A7-A8)))<0,((BB8+BC8)/2),BB8) | BE8: =IF((((BB8+BC8)/2)+(C8/(DATOS!$B$14*((BB8+BC8)/2)))^2/(2*9.81)+B8-(E7+(C7/(DATOS!$B$14*E7))^2/(2*9.81)+B7+0.5*(((DATOS!$B$27*C7/(DATOS!$B$14*E7))^2/((DATOS!$B$14*E7)/(DATOS!$B$14+2*E7))^(4/3))+((DATOS!$B$27*C8/(DATOS!$B$14*((BB8+BC8)/2)))^2/((DATOS!$B$14*((BB8+BC8)/2))/(DATOS!$B$14+2*((BB8+BC8)/2)))^(4/3)))*(A7-A8)))<0,BC8,((BB8+BC8)/2)) | BF8: =IF((((BD8+BE8)/2)+(C8/(DATOS!$B$14*((BD8+BE8)/2)))^2/(2*9.81)+B8-(E7+(C7/(DATOS!$B$14*E7))^2/(2*9.81)+B7+0.5*(((DATOS!$B$27*C7/(DATOS!$B$14*E7))^2/((DATOS!$B$14*E7)/(DATOS!$B$14+2*E7))^(4/3))+((DATOS!$B$27*C8/(DATOS!$B$14*((BD8+BE8)/2)))^2/((DATOS!$B$14*((BD8+BE8)/2))/(DATOS!$B$14+2*((BD8+BE8)/2)))^(4/3)))*(A7-A8)))<0,((BD8+BE8)/2),BD8) | BG8: =IF((((BD8+BE8)/2)+(C8/(DATOS!$B$14*((BD8+BE8)/2)))^2/(2*9.81)+B8-(E7+(C7/(DATOS!$B$14*E7))^2/(2*9.81)+B7+0.5*(((DATOS!$B$27*C7/(DATOS!$B$14*E7))^2/((DATOS!$B$14*E7)/(DATOS!$B$14+2*E7))^(4/3))+((DATOS!$B$27*C8/(DATOS!$B$14*((BD8+BE8)/2)))^2/((DATOS!$B$14*((BD8+BE8)/2))/(DATOS!$B$14+2*((BD8+BE8)/2)))^(4/3)))*(A7-A8)))<0,BE8,((BD8+BE8)/2)) | BH8: =IF((((BF8+BG8)/2)+(C8/(DATOS!$B$14*((BF8+BG8)/2)))^2/(2*9.81)+B8-(E7+(C7/(DATOS!$B$14*E7))^2/(2*9.81)+B7+0.5*(((DATOS!$B$27*C7/(DATOS!$B$14*E7))^2/((DATOS!$B$14*E7)/(DATOS!$B$14+2*E7))^(4/3))+((DATOS!$B$27*C8/(DATOS!$B$14*((BF8+BG8)/2)))^2/((DATOS!$B$14*((BF8+BG8)/2))/(DATOS!$B$14+2*((BF8+BG8)/2)))^(4/3)))*(A7-A8)))<0,((BF8+BG8)/2),BF8) | BI8: =IF((((BF8+BG8)/2)+(C8/(DATOS!$B$14*((BF8+BG8)/2)))^2/(2*9.81)+B8-(E7+(C7/(DATOS!$B$14*E7))^2/(2*9.81)+B7+0.5*(((DATOS!$B$27*C7/(DATOS!$B$14*E7))^2/((DATOS!$B$14*E7)/(DATOS!$B$14+2*E7))^(4/3))+((DATOS!$B$27*C8/(DATOS!$B$14*((BF8+BG8)/2)))^2/((DATOS!$B$14*((BF8+BG8)/2))/(DATOS!$B$14+2*((BF8+BG8)/2)))^(4/3)))*(A7-A8)))<0,BG8,((BF8+BG8)/2)) | BJ8: =IF((((BH8+BI8)/2)+(C8/(DATOS!$B$14*((BH8+BI8)/2)))^2/(2*9.81)+B8-(E7+(C7/(DATOS!$B$14*E7))^2/(2*9.81)+B7+0.5*(((DATOS!$B$27*C7/(DATOS!$B$14*E7))^2/((DATOS!$B$14*E7)/(DATOS!$B$14+2*E7))^(4/3))+((DATOS!$B$27*C8/(DATOS!$B$14*((BH8+BI8)/2)))^2/((DATOS!$B$14*((BH8+BI8)/2))/(DATOS!$B$14+2*((BH8+BI8)/2)))^(4/3)))*(A7-A8)))<0,((BH8+BI8)/2),BH8) | BK8: =IF((((BH8+BI8)/2)+(C8/(DATOS!$B$14*((BH8+BI8)/2)))^2/(2*9.81)+B8-(E7+(C7/(DATOS!$B$14*E7))^2/(2*9.81)+B7+0.5*(((DATOS!$B$27*C7/(DATOS!$B$14*E7))^2/((DATOS!$B$14*E7)/(DATOS!$B$14+2*E7))^(4/3))+((DATOS!$B$27*C8/(DATOS!$B$14*((BH8+BI8)/2)))^2/((DATOS!$B$14*((BH8+BI8)/2))/(DATOS!$B$14+2*((BH8+BI8)/2)))^(4/3)))*(A7-A8)))<0,BI8,((BH8+BI8)/2)) | BL8: =IF((((BJ8+BK8)/2)+(C8/(DATOS!$B$14*((BJ8+BK8)/2)))^2/(2*9.81)+B8-(E7+(C7/(DATOS!$B$14*E7))^2/(2*9.81)+B7+0.5*(((DATOS!$B$27*C7/(DATOS!$B$14*E7))^2/((DATOS!$B$14*E7)/(DATOS!$B$14+2*E7))^(4/3))+((DATOS!$B$27*C8/(DATOS!$B$14*((BJ8+BK8)/2)))^2/((DATOS!$B$14*((BJ8+BK8)/2))/(DATOS!$B$14+2*((BJ8+BK8)/2)))^(4/3)))*(A7-A8)))<0,((BJ8+BK8)/2),BJ8) | BM8: =IF((((BJ8+BK8)/2)+(C8/(DATOS!$B$14*((BJ8+BK8)/2)))^2/(2*9.81)+B8-(E7+(C7/(DATOS!$B$14*E7))^2/(2*9.81)+B7+0.5*(((DATOS!$B$27*C7/(DATOS!$B$14*E7))^2/((DATOS!$B$14*E7)/(DATOS!$B$14+2*E7))^(4/3))+((DATOS!$B$27*C8/(DATOS!$B$14*((BJ8+BK8)/2)))^2/((DATOS!$B$14*((BJ8+BK8)/2))/(DATOS!$B$14+2*((BJ8+BK8)/2)))^(4/3)))*(A7-A8)))<0,BK8,((BJ8+BK8)/2)) | BN8: =IF((((BL8+BM8)/2)+(C8/(DATOS!$B$14*((BL8+BM8)/2)))^2/(2*9.81)+B8-(E7+(C7/(DATOS!$B$14*E7))^2/(2*9.81)+B7+0.5*(((DATOS!$B$27*C7/(DATOS!$B$14*E7))^2/((DATOS!$B$14*E7)/(DATOS!$B$14+2*E7))^(4/3))+((DATOS!$B$27*C8/(DATOS!$B$14*((BL8+BM8)/2)))^2/((DATOS!$B$14*((BL8+BM8)/2))/(DATOS!$B$14+2*((BL8+BM8)/2)))^(4/3)))*(A7-A8)))<0,((BL8+BM8)/2),BL8) | BO8: =IF((((BL8+BM8)/2)+(C8/(DATOS!$B$14*((BL8+BM8)/2)))^2/(2*9.81)+B8-(E7+(C7/(DATOS!$B$14*E7))^2/(2*9.81)+B7+0.5*(((DATOS!$B$27*C7/(DATOS!$B$14*E7))^2/((DATOS!$B$14*E7)/(DATOS!$B$14+2*E7))^(4/3))+((DATOS!$B$27*C8/(DATOS!$B$14*((BL8+BM8)/2)))^2/((DATOS!$B$14*((BL8+BM8)/2))/(DATOS!$B$14+2*((BL8+BM8)/2)))^(4/3)))*(A7-A8)))<0,BM8,((BL8+BM8)/2)) | BP8: =IF((((BN8+BO8)/2)+(C8/(DATOS!$B$14*((BN8+BO8)/2)))^2/(2*9.81)+B8-(E7+(C7/(DATOS!$B$14*E7))^2/(2*9.81)+B7+0.5*(((DATOS!$B$27*C7/(DATOS!$B$14*E7))^2/((DATOS!$B$14*E7)/(DATOS!$B$14+2*E7))^(4/3))+((DATOS!$B$27*C8/(DATOS!$B$14*((BN8+BO8)/2)))^2/((DATOS!$B$14*((BN8+BO8)/2))/(DATOS!$B$14+2*((BN8+BO8)/2)))^(4/3)))*(A7-A8)))<0,((BN8+BO8)/2),BN8) | BQ8: =IF((((BN8+BO8)/2)+(C8/(DATOS!$B$14*((BN8+BO8)/2)))^2/(2*9.81)+B8-(E7+(C7/(DATOS!$B$14*E7))^2/(2*9.81)+B7+0.5*(((DATOS!$B$27*C7/(DATOS!$B$14*E7))^2/((DATOS!$B$14*E7)/(DATOS!$B$14+2*E7))^(4/3))+((DATOS!$B$27*C8/(DATOS!$B$14*((BN8+BO8)/2)))^2/((DATOS!$B$14*((BN8+BO8)/2))/(DATOS!$B$14+2*((BN8+BO8)/2)))^(4/3)))*(A7-A8)))<0,BO8,((BN8+BO8)/2)) | BR8: =IF((((BP8+BQ8)/2)+(C8/(DATOS!$B$14*((BP8+BQ8)/2)))^2/(2*9.81)+B8-(E7+(C7/(DATOS!$B$14*E7))^2/(2*9.81)+B7+0.5*(((DATOS!$B$27*C7/(DATOS!$B$14*E7))^2/((DATOS!$B$14*E7)/(DATOS!$B$14+2*E7))^(4/3))+((DATOS!$B$27*C8/(DATOS!$B$14*((BP8+BQ8)/2)))^2/((DATOS!$B$14*((BP8+BQ8)/2))/(DATOS!$B$14+2*((BP8+BQ8)/2)))^(4/3)))*(A7-A8)))<0,((BP8+BQ8)/2),BP8) | BS8: =IF((((BP8+BQ8)/2)+(C8/(DATOS!$B$14*((BP8+BQ8)/2)))^2/(2*9.81)+B8-(E7+(C7/(DATOS!$B$14*E7))^2/(2*9.81)+B7+0.5*(((DATOS!$B$27*C7/(DATOS!$B$14*E7))^2/((DATOS!$B$14*E7)/(DATOS!$B$14+2*E7))^(4/3))+((DATOS!$B$27*C8/(DATOS!$B$14*((BP8+BQ8)/2)))^2/((DATOS!$B$14*((BP8+BQ8)/2))/(DATOS!$B$14+2*((BP8+BQ8)/2)))^(4/3)))*(A7-A8)))<0,BQ8,((BP8+BQ8)/2)) | BT8: =IF((((BR8+BS8)/2)+(C8/(DATOS!$B$14*((BR8+BS8)/2)))^2/(2*9.81)+B8-(E7+(C7/(DATOS!$B$14*E7))^2/(2*9.81)+B7+0.5*(((DATOS!$B$27*C7/(DATOS!$B$14*E7))^2/((DATOS!$B$14*E7)/(DATOS!$B$14+2*E7))^(4/3))+((DATOS!$B$27*C8/(DATOS!$B$14*((BR8+BS8)/2)))^2/((DATOS!$B$14*((BR8+BS8)/2))/(DATOS!$B$14+2*((BR8+BS8)/2)))^(4/3)))*(A7-A8)))<0,((BR8+BS8)/2),BR8) | BU8: =IF((((BR8+BS8)/2)+(C8/(DATOS!$B$14*((BR8+BS8)/2)))^2/(2*9.81)+B8-(E7+(C7/(DATOS!$B$14*E7))^2/(2*9.81)+B7+0.5*(((DATOS!$B$27*C7/(DATOS!$B$14*E7))^2/((DATOS!$B$14*E7)/(DATOS!$B$14+2*E7))^(4/3))+((DATOS!$B$27*C8/(DATOS!$B$14*((BR8+BS8)/2)))^2/((DATOS!$B$14*((BR8+BS8)/2))/(DATOS!$B$14+2*((BR8+BS8)/2)))^(4/3)))*(A7-A8)))<0,BS8,((BR8+BS8)/2))
A9: 132 | B9: =DATOS!$B$16-DATOS!$B$19*A9 | C9: =IF(A9<CAUDALES!$B$13,CAUDALES!$D$12,IF(A9<CAUDALES!$B$14,CAUDALES!$D$13,IF(A9<CAUDALES!$B$15,CAUDALES!$D$14,CAUDALES!$D$15)))/1000 | D9: =(C9^2/(9.81*DATOS!$B$14^2))^(1/3) | E9: =(BT9+BU9)/2 | F9: =B9+E9 | G9: =C9/(DATOS!$B$14*E9) | H9: =G9/SQRT(9.81*E9) | I9: =IF(A9<=DATOS!$B$20,DATOS!$B$21-IF(AND(A9>=DATOS!$B$23,A9<DATOS!$B$24),DATOS!$B$25,DATOS!$B$22),B9+DATOS!$B$26) | J9: =I9-B9 | K9: =E9/J9 | L9: =I9-F9 | M9: =IF(AND(K9<=DATOS!$B$29,L9>=DATOS!$B$30),"CUMPLE","NO CUMPLE") | N9: =IF(A9>DATOS!$B$20,"cubierto - tramo final",IF(AND(A9>=DATOS!$B$23,A9<DATOS!$B$24),"cubierto - camiones","cubierto")) | P9: =D9*1.001 | Q9: 2 | R9: =IF((((P9+Q9)/2)+(C9/(DATOS!$B$14*((P9+Q9)/2)))^2/(2*9.81)+B9-(E8+(C8/(DATOS!$B$14*E8))^2/(2*9.81)+B8+0.5*(((DATOS!$B$27*C8/(DATOS!$B$14*E8))^2/((DATOS!$B$14*E8)/(DATOS!$B$14+2*E8))^(4/3))+((DATOS!$B$27*C9/(DATOS!$B$14*((P9+Q9)/2)))^2/((DATOS!$B$14*((P9+Q9)/2))/(DATOS!$B$14+2*((P9+Q9)/2)))^(4/3)))*(A8-A9)))<0,((P9+Q9)/2),P9) | S9: =IF((((P9+Q9)/2)+(C9/(DATOS!$B$14*((P9+Q9)/2)))^2/(2*9.81)+B9-(E8+(C8/(DATOS!$B$14*E8))^2/(2*9.81)+B8+0.5*(((DATOS!$B$27*C8/(DATOS!$B$14*E8))^2/((DATOS!$B$14*E8)/(DATOS!$B$14+2*E8))^(4/3))+((DATOS!$B$27*C9/(DATOS!$B$14*((P9+Q9)/2)))^2/((DATOS!$B$14*((P9+Q9)/2))/(DATOS!$B$14+2*((P9+Q9)/2)))^(4/3)))*(A8-A9)))<0,Q9,((P9+Q9)/2)) | T9: =IF((((R9+S9)/2)+(C9/(DATOS!$B$14*((R9+S9)/2)))^2/(2*9.81)+B9-(E8+(C8/(DATOS!$B$14*E8))^2/(2*9.81)+B8+0.5*(((DATOS!$B$27*C8/(DATOS!$B$14*E8))^2/((DATOS!$B$14*E8)/(DATOS!$B$14+2*E8))^(4/3))+((DATOS!$B$27*C9/(DATOS!$B$14*((R9+S9)/2)))^2/((DATOS!$B$14*((R9+S9)/2))/(DATOS!$B$14+2*((R9+S9)/2)))^(4/3)))*(A8-A9)))<0,((R9+S9)/2),R9) | U9: =IF((((R9+S9)/2)+(C9/(DATOS!$B$14*((R9+S9)/2)))^2/(2*9.81)+B9-(E8+(C8/(DATOS!$B$14*E8))^2/(2*9.81)+B8+0.5*(((DATOS!$B$27*C8/(DATOS!$B$14*E8))^2/((DATOS!$B$14*E8)/(DATOS!$B$14+2*E8))^(4/3))+((DATOS!$B$27*C9/(DATOS!$B$14*((R9+S9)/2)))^2/((DATOS!$B$14*((R9+S9)/2))/(DATOS!$B$14+2*((R9+S9)/2)))^(4/3)))*(A8-A9)))<0,S9,((R9+S9)/2)) | V9: =IF((((T9+U9)/2)+(C9/(DATOS!$B$14*((T9+U9)/2)))^2/(2*9.81)+B9-(E8+(C8/(DATOS!$B$14*E8))^2/(2*9.81)+B8+0.5*(((DATOS!$B$27*C8/(DATOS!$B$14*E8))^2/((DATOS!$B$14*E8)/(DATOS!$B$14+2*E8))^(4/3))+((DATOS!$B$27*C9/(DATOS!$B$14*((T9+U9)/2)))^2/((DATOS!$B$14*((T9+U9)/2))/(DATOS!$B$14+2*((T9+U9)/2)))^(4/3)))*(A8-A9)))<0,((T9+U9)/2),T9) | W9: =IF((((T9+U9)/2)+(C9/(DATOS!$B$14*((T9+U9)/2)))^2/(2*9.81)+B9-(E8+(C8/(DATOS!$B$14*E8))^2/(2*9.81)+B8+0.5*(((DATOS!$B$27*C8/(DATOS!$B$14*E8))^2/((DATOS!$B$14*E8)/(DATOS!$B$14+2*E8))^(4/3))+((DATOS!$B$27*C9/(DATOS!$B$14*((T9+U9)/2)))^2/((DATOS!$B$14*((T9+U9)/2))/(DATOS!$B$14+2*((T9+U9)/2)))^(4/3)))*(A8-A9)))<0,U9,((T9+U9)/2)) | X9: =IF((((V9+W9)/2)+(C9/(DATOS!$B$14*((V9+W9)/2)))^2/(2*9.81)+B9-(E8+(C8/(DATOS!$B$14*E8))^2/(2*9.81)+B8+0.5*(((DATOS!$B$27*C8/(DATOS!$B$14*E8))^2/((DATOS!$B$14*E8)/(DATOS!$B$14+2*E8))^(4/3))+((DATOS!$B$27*C9/(DATOS!$B$14*((V9+W9)/2)))^2/((DATOS!$B$14*((V9+W9)/2))/(DATOS!$B$14+2*((V9+W9)/2)))^(4/3)))*(A8-A9)))<0,((V9+W9)/2),V9) | Y9: =IF((((V9+W9)/2)+(C9/(DATOS!$B$14*((V9+W9)/2)))^2/(2*9.81)+B9-(E8+(C8/(DATOS!$B$14*E8))^2/(2*9.81)+B8+0.5*(((DATOS!$B$27*C8/(DATOS!$B$14*E8))^2/((DATOS!$B$14*E8)/(DATOS!$B$14+2*E8))^(4/3))+((DATOS!$B$27*C9/(DATOS!$B$14*((V9+W9)/2)))^2/((DATOS!$B$14*((V9+W9)/2))/(DATOS!$B$14+2*((V9+W9)/2)))^(4/3)))*(A8-A9)))<0,W9,((V9+W9)/2)) | Z9: =IF((((X9+Y9)/2)+(C9/(DATOS!$B$14*((X9+Y9)/2)))^2/(2*9.81)+B9-(E8+(C8/(DATOS!$B$14*E8))^2/(2*9.81)+B8+0.5*(((DATOS!$B$27*C8/(DATOS!$B$14*E8))^2/((DATOS!$B$14*E8)/(DATOS!$B$14+2*E8))^(4/3))+((DATOS!$B$27*C9/(DATOS!$B$14*((X9+Y9)/2)))^2/((DATOS!$B$14*((X9+Y9)/2))/(DATOS!$B$14+2*((X9+Y9)/2)))^(4/3)))*(A8-A9)))<0,((X9+Y9)/2),X9) | AA9: =IF((((X9+Y9)/2)+(C9/(DATOS!$B$14*((X9+Y9)/2)))^2/(2*9.81)+B9-(E8+(C8/(DATOS!$B$14*E8))^2/(2*9.81)+B8+0.5*(((DATOS!$B$27*C8/(DATOS!$B$14*E8))^2/((DATOS!$B$14*E8)/(DATOS!$B$14+2*E8))^(4/3))+((DATOS!$B$27*C9/(DATOS!$B$14*((X9+Y9)/2)))^2/((DATOS!$B$14*((X9+Y9)/2))/(DATOS!$B$14+2*((X9+Y9)/2)))^(4/3)))*(A8-A9)))<0,Y9,((X9+Y9)/2)) | AB9: =IF((((Z9+AA9)/2)+(C9/(DATOS!$B$14*((Z9+AA9)/2)))^2/(2*9.81)+B9-(E8+(C8/(DATOS!$B$14*E8))^2/(2*9.81)+B8+0.5*(((DATOS!$B$27*C8/(DATOS!$B$14*E8))^2/((DATOS!$B$14*E8)/(DATOS!$B$14+2*E8))^(4/3))+((DATOS!$B$27*C9/(DATOS!$B$14*((Z9+AA9)/2)))^2/((DATOS!$B$14*((Z9+AA9)/2))/(DATOS!$B$14+2*((Z9+AA9)/2)))^(4/3)))*(A8-A9)))<0,((Z9+AA9)/2),Z9) | AC9: =IF((((Z9+AA9)/2)+(C9/(DATOS!$B$14*((Z9+AA9)/2)))^2/(2*9.81)+B9-(E8+(C8/(DATOS!$B$14*E8))^2/(2*9.81)+B8+0.5*(((DATOS!$B$27*C8/(DATOS!$B$14*E8))^2/((DATOS!$B$14*E8)/(DATOS!$B$14+2*E8))^(4/3))+((DATOS!$B$27*C9/(DATOS!$B$14*((Z9+AA9)/2)))^2/((DATOS!$B$14*((Z9+AA9)/2))/(DATOS!$B$14+2*((Z9+AA9)/2)))^(4/3)))*(A8-A9)))<0,AA9,((Z9+AA9)/2)) | AD9: =IF((((AB9+AC9)/2)+(C9/(DATOS!$B$14*((AB9+AC9)/2)))^2/(2*9.81)+B9-(E8+(C8/(DATOS!$B$14*E8))^2/(2*9.81)+B8+0.5*(((DATOS!$B$27*C8/(DATOS!$B$14*E8))^2/((DATOS!$B$14*E8)/(DATOS!$B$14+2*E8))^(4/3))+((DATOS!$B$27*C9/(DATOS!$B$14*((AB9+AC9)/2)))^2/((DATOS!$B$14*((AB9+AC9)/2))/(DATOS!$B$14+2*((AB9+AC9)/2)))^(4/3)))*(A8-A9)))<0,((AB9+AC9)/2),AB9) | AE9: =IF((((AB9+AC9)/2)+(C9/(DATOS!$B$14*((AB9+AC9)/2)))^2/(2*9.81)+B9-(E8+(C8/(DATOS!$B$14*E8))^2/(2*9.81)+B8+0.5*(((DATOS!$B$27*C8/(DATOS!$B$14*E8))^2/((DATOS!$B$14*E8)/(DATOS!$B$14+2*E8))^(4/3))+((DATOS!$B$27*C9/(DATOS!$B$14*((AB9+AC9)/2)))^2/((DATOS!$B$14*((AB9+AC9)/2))/(DATOS!$B$14+2*((AB9+AC9)/2)))^(4/3)))*(A8-A9)))<0,AC9,((AB9+AC9)/2)) | AF9: =IF((((AD9+AE9)/2)+(C9/(DATOS!$B$14*((AD9+AE9)/2)))^2/(2*9.81)+B9-(E8+(C8/(DATOS!$B$14*E8))^2/(2*9.81)+B8+0.5*(((DATOS!$B$27*C8/(DATOS!$B$14*E8))^2/((DATOS!$B$14*E8)/(DATOS!$B$14+2*E8))^(4/3))+((DATOS!$B$27*C9/(DATOS!$B$14*((AD9+AE9)/2)))^2/((DATOS!$B$14*((AD9+AE9)/2))/(DATOS!$B$14+2*((AD9+AE9)/2)))^(4/3)))*(A8-A9)))<0,((AD9+AE9)/2),AD9) | AG9: =IF((((AD9+AE9)/2)+(C9/(DATOS!$B$14*((AD9+AE9)/2)))^2/(2*9.81)+B9-(E8+(C8/(DATOS!$B$14*E8))^2/(2*9.81)+B8+0.5*(((DATOS!$B$27*C8/(DATOS!$B$14*E8))^2/((DATOS!$B$14*E8)/(DATOS!$B$14+2*E8))^(4/3))+((DATOS!$B$27*C9/(DATOS!$B$14*((AD9+AE9)/2)))^2/((DATOS!$B$14*((AD9+AE9)/2))/(DATOS!$B$14+2*((AD9+AE9)/2)))^(4/3)))*(A8-A9)))<0,AE9,((AD9+AE9)/2)) | AH9: =IF((((AF9+AG9)/2)+(C9/(DATOS!$B$14*((AF9+AG9)/2)))^2/(2*9.81)+B9-(E8+(C8/(DATOS!$B$14*E8))^2/(2*9.81)+B8+0.5*(((DATOS!$B$27*C8/(DATOS!$B$14*E8))^2/((DATOS!$B$14*E8)/(DATOS!$B$14+2*E8))^(4/3))+((DATOS!$B$27*C9/(DATOS!$B$14*((AF9+AG9)/2)))^2/((DATOS!$B$14*((AF9+AG9)/2))/(DATOS!$B$14+2*((AF9+AG9)/2)))^(4/3)))*(A8-A9)))<0,((AF9+AG9)/2),AF9) | AI9: =IF((((AF9+AG9)/2)+(C9/(DATOS!$B$14*((AF9+AG9)/2)))^2/(2*9.81)+B9-(E8+(C8/(DATOS!$B$14*E8))^2/(2*9.81)+B8+0.5*(((DATOS!$B$27*C8/(DATOS!$B$14*E8))^2/((DATOS!$B$14*E8)/(DATOS!$B$14+2*E8))^(4/3))+((DATOS!$B$27*C9/(DATOS!$B$14*((AF9+AG9)/2)))^2/((DATOS!$B$14*((AF9+AG9)/2))/(DATOS!$B$14+2*((AF9+AG9)/2)))^(4/3)))*(A8-A9)))<0,AG9,((AF9+AG9)/2)) | AJ9: =IF((((AH9+AI9)/2)+(C9/(DATOS!$B$14*((AH9+AI9)/2)))^2/(2*9.81)+B9-(E8+(C8/(DATOS!$B$14*E8))^2/(2*9.81)+B8+0.5*(((DATOS!$B$27*C8/(DATOS!$B$14*E8))^2/((DATOS!$B$14*E8)/(DATOS!$B$14+2*E8))^(4/3))+((DATOS!$B$27*C9/(DATOS!$B$14*((AH9+AI9)/2)))^2/((DATOS!$B$14*((AH9+AI9)/2))/(DATOS!$B$14+2*((AH9+AI9)/2)))^(4/3)))*(A8-A9)))<0,((AH9+AI9)/2),AH9) | AK9: =IF((((AH9+AI9)/2)+(C9/(DATOS!$B$14*((AH9+AI9)/2)))^2/(2*9.81)+B9-(E8+(C8/(DATOS!$B$14*E8))^2/(2*9.81)+B8+0.5*(((DATOS!$B$27*C8/(DATOS!$B$14*E8))^2/((DATOS!$B$14*E8)/(DATOS!$B$14+2*E8))^(4/3))+((DATOS!$B$27*C9/(DATOS!$B$14*((AH9+AI9)/2)))^2/((DATOS!$B$14*((AH9+AI9)/2))/(DATOS!$B$14+2*((AH9+AI9)/2)))^(4/3)))*(A8-A9)))<0,AI9,((AH9+AI9)/2)) | AL9: =IF((((AJ9+AK9)/2)+(C9/(DATOS!$B$14*((AJ9+AK9)/2)))^2/(2*9.81)+B9-(E8+(C8/(DATOS!$B$14*E8))^2/(2*9.81)+B8+0.5*(((DATOS!$B$27*C8/(DATOS!$B$14*E8))^2/((DATOS!$B$14*E8)/(DATOS!$B$14+2*E8))^(4/3))+((DATOS!$B$27*C9/(DATOS!$B$14*((AJ9+AK9)/2)))^2/((DATOS!$B$14*((AJ9+AK9)/2))/(DATOS!$B$14+2*((AJ9+AK9)/2)))^(4/3)))*(A8-A9)))<0,((AJ9+AK9)/2),AJ9) | AM9: =IF((((AJ9+AK9)/2)+(C9/(DATOS!$B$14*((AJ9+AK9)/2)))^2/(2*9.81)+B9-(E8+(C8/(DATOS!$B$14*E8))^2/(2*9.81)+B8+0.5*(((DATOS!$B$27*C8/(DATOS!$B$14*E8))^2/((DATOS!$B$14*E8)/(DATOS!$B$14+2*E8))^(4/3))+((DATOS!$B$27*C9/(DATOS!$B$14*((AJ9+AK9)/2)))^2/((DATOS!$B$14*((AJ9+AK9)/2))/(DATOS!$B$14+2*((AJ9+AK9)/2)))^(4/3)))*(A8-A9)))<0,AK9,((AJ9+AK9)/2)) | AN9: =IF((((AL9+AM9)/2)+(C9/(DATOS!$B$14*((AL9+AM9)/2)))^2/(2*9.81)+B9-(E8+(C8/(DATOS!$B$14*E8))^2/(2*9.81)+B8+0.5*(((DATOS!$B$27*C8/(DATOS!$B$14*E8))^2/((DATOS!$B$14*E8)/(DATOS!$B$14+2*E8))^(4/3))+((DATOS!$B$27*C9/(DATOS!$B$14*((AL9+AM9)/2)))^2/((DATOS!$B$14*((AL9+AM9)/2))/(DATOS!$B$14+2*((AL9+AM9)/2)))^(4/3)))*(A8-A9)))<0,((AL9+AM9)/2),AL9) | AO9: =IF((((AL9+AM9)/2)+(C9/(DATOS!$B$14*((AL9+AM9)/2)))^2/(2*9.81)+B9-(E8+(C8/(DATOS!$B$14*E8))^2/(2*9.81)+B8+0.5*(((DATOS!$B$27*C8/(DATOS!$B$14*E8))^2/((DATOS!$B$14*E8)/(DATOS!$B$14+2*E8))^(4/3))+((DATOS!$B$27*C9/(DATOS!$B$14*((AL9+AM9)/2)))^2/((DATOS!$B$14*((AL9+AM9)/2))/(DATOS!$B$14+2*((AL9+AM9)/2)))^(4/3)))*(A8-A9)))<0,AM9,((AL9+AM9)/2)) | AP9: =IF((((AN9+AO9)/2)+(C9/(DATOS!$B$14*((AN9+AO9)/2)))^2/(2*9.81)+B9-(E8+(C8/(DATOS!$B$14*E8))^2/(2*9.81)+B8+0.5*(((DATOS!$B$27*C8/(DATOS!$B$14*E8))^2/((DATOS!$B$14*E8)/(DATOS!$B$14+2*E8))^(4/3))+((DATOS!$B$27*C9/(DATOS!$B$14*((AN9+AO9)/2)))^2/((DATOS!$B$14*((AN9+AO9)/2))/(DATOS!$B$14+2*((AN9+AO9)/2)))^(4/3)))*(A8-A9)))<0,((AN9+AO9)/2),AN9) | AQ9: =IF((((AN9+AO9)/2)+(C9/(DATOS!$B$14*((AN9+AO9)/2)))^2/(2*9.81)+B9-(E8+(C8/(DATOS!$B$14*E8))^2/(2*9.81)+B8+0.5*(((DATOS!$B$27*C8/(DATOS!$B$14*E8))^2/((DATOS!$B$14*E8)/(DATOS!$B$14+2*E8))^(4/3))+((DATOS!$B$27*C9/(DATOS!$B$14*((AN9+AO9)/2)))^2/((DATOS!$B$14*((AN9+AO9)/2))/(DATOS!$B$14+2*((AN9+AO9)/2)))^(4/3)))*(A8-A9)))<0,AO9,((AN9+AO9)/2)) | AR9: =IF((((AP9+AQ9)/2)+(C9/(DATOS!$B$14*((AP9+AQ9)/2)))^2/(2*9.81)+B9-(E8+(C8/(DATOS!$B$14*E8))^2/(2*9.81)+B8+0.5*(((DATOS!$B$27*C8/(DATOS!$B$14*E8))^2/((DATOS!$B$14*E8)/(DATOS!$B$14+2*E8))^(4/3))+((DATOS!$B$27*C9/(DATOS!$B$14*((AP9+AQ9)/2)))^2/((DATOS!$B$14*((AP9+AQ9)/2))/(DATOS!$B$14+2*((AP9+AQ9)/2)))^(4/3)))*(A8-A9)))<0,((AP9+AQ9)/2),AP9) | AS9: =IF((((AP9+AQ9)/2)+(C9/(DATOS!$B$14*((AP9+AQ9)/2)))^2/(2*9.81)+B9-(E8+(C8/(DATOS!$B$14*E8))^2/(2*9.81)+B8+0.5*(((DATOS!$B$27*C8/(DATOS!$B$14*E8))^2/((DATOS!$B$14*E8)/(DATOS!$B$14+2*E8))^(4/3))+((DATOS!$B$27*C9/(DATOS!$B$14*((AP9+AQ9)/2)))^2/((DATOS!$B$14*((AP9+AQ9)/2))/(DATOS!$B$14+2*((AP9+AQ9)/2)))^(4/3)))*(A8-A9)))<0,AQ9,((AP9+AQ9)/2)) | AT9: =IF((((AR9+AS9)/2)+(C9/(DATOS!$B$14*((AR9+AS9)/2)))^2/(2*9.81)+B9-(E8+(C8/(DATOS!$B$14*E8))^2/(2*9.81)+B8+0.5*(((DATOS!$B$27*C8/(DATOS!$B$14*E8))^2/((DATOS!$B$14*E8)/(DATOS!$B$14+2*E8))^(4/3))+((DATOS!$B$27*C9/(DATOS!$B$14*((AR9+AS9)/2)))^2/((DATOS!$B$14*((AR9+AS9)/2))/(DATOS!$B$14+2*((AR9+AS9)/2)))^(4/3)))*(A8-A9)))<0,((AR9+AS9)/2),AR9) | AU9: =IF((((AR9+AS9)/2)+(C9/(DATOS!$B$14*((AR9+AS9)/2)))^2/(2*9.81)+B9-(E8+(C8/(DATOS!$B$14*E8))^2/(2*9.81)+B8+0.5*(((DATOS!$B$27*C8/(DATOS!$B$14*E8))^2/((DATOS!$B$14*E8)/(DATOS!$B$14+2*E8))^(4/3))+((DATOS!$B$27*C9/(DATOS!$B$14*((AR9+AS9)/2)))^2/((DATOS!$B$14*((AR9+AS9)/2))/(DATOS!$B$14+2*((AR9+AS9)/2)))^(4/3)))*(A8-A9)))<0,AS9,((AR9+AS9)/2)) | AV9: =IF((((AT9+AU9)/2)+(C9/(DATOS!$B$14*((AT9+AU9)/2)))^2/(2*9.81)+B9-(E8+(C8/(DATOS!$B$14*E8))^2/(2*9.81)+B8+0.5*(((DATOS!$B$27*C8/(DATOS!$B$14*E8))^2/((DATOS!$B$14*E8)/(DATOS!$B$14+2*E8))^(4/3))+((DATOS!$B$27*C9/(DATOS!$B$14*((AT9+AU9)/2)))^2/((DATOS!$B$14*((AT9+AU9)/2))/(DATOS!$B$14+2*((AT9+AU9)/2)))^(4/3)))*(A8-A9)))<0,((AT9+AU9)/2),AT9) | AW9: =IF((((AT9+AU9)/2)+(C9/(DATOS!$B$14*((AT9+AU9)/2)))^2/(2*9.81)+B9-(E8+(C8/(DATOS!$B$14*E8))^2/(2*9.81)+B8+0.5*(((DATOS!$B$27*C8/(DATOS!$B$14*E8))^2/((DATOS!$B$14*E8)/(DATOS!$B$14+2*E8))^(4/3))+((DATOS!$B$27*C9/(DATOS!$B$14*((AT9+AU9)/2)))^2/((DATOS!$B$14*((AT9+AU9)/2))/(DATOS!$B$14+2*((AT9+AU9)/2)))^(4/3)))*(A8-A9)))<0,AU9,((AT9+AU9)/2)) | AX9: =IF((((AV9+AW9)/2)+(C9/(DATOS!$B$14*((AV9+AW9)/2)))^2/(2*9.81)+B9-(E8+(C8/(DATOS!$B$14*E8))^2/(2*9.81)+B8+0.5*(((DATOS!$B$27*C8/(DATOS!$B$14*E8))^2/((DATOS!$B$14*E8)/(DATOS!$B$14+2*E8))^(4/3))+((DATOS!$B$27*C9/(DATOS!$B$14*((AV9+AW9)/2)))^2/((DATOS!$B$14*((AV9+AW9)/2))/(DATOS!$B$14+2*((AV9+AW9)/2)))^(4/3)))*(A8-A9)))<0,((AV9+AW9)/2),AV9) | AY9: =IF((((AV9+AW9)/2)+(C9/(DATOS!$B$14*((AV9+AW9)/2)))^2/(2*9.81)+B9-(E8+(C8/(DATOS!$B$14*E8))^2/(2*9.81)+B8+0.5*(((DATOS!$B$27*C8/(DATOS!$B$14*E8))^2/((DATOS!$B$14*E8)/(DATOS!$B$14+2*E8))^(4/3))+((DATOS!$B$27*C9/(DATOS!$B$14*((AV9+AW9)/2)))^2/((DATOS!$B$14*((AV9+AW9)/2))/(DATOS!$B$14+2*((AV9+AW9)/2)))^(4/3)))*(A8-A9)))<0,AW9,((AV9+AW9)/2)) | AZ9: =IF((((AX9+AY9)/2)+(C9/(DATOS!$B$14*((AX9+AY9)/2)))^2/(2*9.81)+B9-(E8+(C8/(DATOS!$B$14*E8))^2/(2*9.81)+B8+0.5*(((DATOS!$B$27*C8/(DATOS!$B$14*E8))^2/((DATOS!$B$14*E8)/(DATOS!$B$14+2*E8))^(4/3))+((DATOS!$B$27*C9/(DATOS!$B$14*((AX9+AY9)/2)))^2/((DATOS!$B$14*((AX9+AY9)/2))/(DATOS!$B$14+2*((AX9+AY9)/2)))^(4/3)))*(A8-A9)))<0,((AX9+AY9)/2),AX9) | BA9: =IF((((AX9+AY9)/2)+(C9/(DATOS!$B$14*((AX9+AY9)/2)))^2/(2*9.81)+B9-(E8+(C8/(DATOS!$B$14*E8))^2/(2*9.81)+B8+0.5*(((DATOS!$B$27*C8/(DATOS!$B$14*E8))^2/((DATOS!$B$14*E8)/(DATOS!$B$14+2*E8))^(4/3))+((DATOS!$B$27*C9/(DATOS!$B$14*((AX9+AY9)/2)))^2/((DATOS!$B$14*((AX9+AY9)/2))/(DATOS!$B$14+2*((AX9+AY9)/2)))^(4/3)))*(A8-A9)))<0,AY9,((AX9+AY9)/2)) | BB9: =IF((((AZ9+BA9)/2)+(C9/(DATOS!$B$14*((AZ9+BA9)/2)))^2/(2*9.81)+B9-(E8+(C8/(DATOS!$B$14*E8))^2/(2*9.81)+B8+0.5*(((DATOS!$B$27*C8/(DATOS!$B$14*E8))^2/((DATOS!$B$14*E8)/(DATOS!$B$14+2*E8))^(4/3))+((DATOS!$B$27*C9/(DATOS!$B$14*((AZ9+BA9)/2)))^2/((DATOS!$B$14*((AZ9+BA9)/2))/(DATOS!$B$14+2*((AZ9+BA9)/2)))^(4/3)))*(A8-A9)))<0,((AZ9+BA9)/2),AZ9) | BC9: =IF((((AZ9+BA9)/2)+(C9/(DATOS!$B$14*((AZ9+BA9)/2)))^2/(2*9.81)+B9-(E8+(C8/(DATOS!$B$14*E8))^2/(2*9.81)+B8+0.5*(((DATOS!$B$27*C8/(DATOS!$B$14*E8))^2/((DATOS!$B$14*E8)/(DATOS!$B$14+2*E8))^(4/3))+((DATOS!$B$27*C9/(DATOS!$B$14*((AZ9+BA9)/2)))^2/((DATOS!$B$14*((AZ9+BA9)/2))/(DATOS!$B$14+2*((AZ9+BA9)/2)))^(4/3)))*(A8-A9)))<0,BA9,((AZ9+BA9)/2)) | BD9: =IF((((BB9+BC9)/2)+(C9/(DATOS!$B$14*((BB9+BC9)/2)))^2/(2*9.81)+B9-(E8+(C8/(DATOS!$B$14*E8))^2/(2*9.81)+B8+0.5*(((DATOS!$B$27*C8/(DATOS!$B$14*E8))^2/((DATOS!$B$14*E8)/(DATOS!$B$14+2*E8))^(4/3))+((DATOS!$B$27*C9/(DATOS!$B$14*((BB9+BC9)/2)))^2/((DATOS!$B$14*((BB9+BC9)/2))/(DATOS!$B$14+2*((BB9+BC9)/2)))^(4/3)))*(A8-A9)))<0,((BB9+BC9)/2),BB9) | BE9: =IF((((BB9+BC9)/2)+(C9/(DATOS!$B$14*((BB9+BC9)/2)))^2/(2*9.81)+B9-(E8+(C8/(DATOS!$B$14*E8))^2/(2*9.81)+B8+0.5*(((DATOS!$B$27*C8/(DATOS!$B$14*E8))^2/((DATOS!$B$14*E8)/(DATOS!$B$14+2*E8))^(4/3))+((DATOS!$B$27*C9/(DATOS!$B$14*((BB9+BC9)/2)))^2/((DATOS!$B$14*((BB9+BC9)/2))/(DATOS!$B$14+2*((BB9+BC9)/2)))^(4/3)))*(A8-A9)))<0,BC9,((BB9+BC9)/2)) | BF9: =IF((((BD9+BE9)/2)+(C9/(DATOS!$B$14*((BD9+BE9)/2)))^2/(2*9.81)+B9-(E8+(C8/(DATOS!$B$14*E8))^2/(2*9.81)+B8+0.5*(((DATOS!$B$27*C8/(DATOS!$B$14*E8))^2/((DATOS!$B$14*E8)/(DATOS!$B$14+2*E8))^(4/3))+((DATOS!$B$27*C9/(DATOS!$B$14*((BD9+BE9)/2)))^2/((DATOS!$B$14*((BD9+BE9)/2))/(DATOS!$B$14+2*((BD9+BE9)/2)))^(4/3)))*(A8-A9)))<0,((BD9+BE9)/2),BD9) | BG9: =IF((((BD9+BE9)/2)+(C9/(DATOS!$B$14*((BD9+BE9)/2)))^2/(2*9.81)+B9-(E8+(C8/(DATOS!$B$14*E8))^2/(2*9.81)+B8+0.5*(((DATOS!$B$27*C8/(DATOS!$B$14*E8))^2/((DATOS!$B$14*E8)/(DATOS!$B$14+2*E8))^(4/3))+((DATOS!$B$27*C9/(DATOS!$B$14*((BD9+BE9)/2)))^2/((DATOS!$B$14*((BD9+BE9)/2))/(DATOS!$B$14+2*((BD9+BE9)/2)))^(4/3)))*(A8-A9)))<0,BE9,((BD9+BE9)/2)) | BH9: =IF((((BF9+BG9)/2)+(C9/(DATOS!$B$14*((BF9+BG9)/2)))^2/(2*9.81)+B9-(E8+(C8/(DATOS!$B$14*E8))^2/(2*9.81)+B8+0.5*(((DATOS!$B$27*C8/(DATOS!$B$14*E8))^2/((DATOS!$B$14*E8)/(DATOS!$B$14+2*E8))^(4/3))+((DATOS!$B$27*C9/(DATOS!$B$14*((BF9+BG9)/2)))^2/((DATOS!$B$14*((BF9+BG9)/2))/(DATOS!$B$14+2*((BF9+BG9)/2)))^(4/3)))*(A8-A9)))<0,((BF9+BG9)/2),BF9) | BI9: =IF((((BF9+BG9)/2)+(C9/(DATOS!$B$14*((BF9+BG9)/2)))^2/(2*9.81)+B9-(E8+(C8/(DATOS!$B$14*E8))^2/(2*9.81)+B8+0.5*(((DATOS!$B$27*C8/(DATOS!$B$14*E8))^2/((DATOS!$B$14*E8)/(DATOS!$B$14+2*E8))^(4/3))+((DATOS!$B$27*C9/(DATOS!$B$14*((BF9+BG9)/2)))^2/((DATOS!$B$14*((BF9+BG9)/2))/(DATOS!$B$14+2*((BF9+BG9)/2)))^(4/3)))*(A8-A9)))<0,BG9,((BF9+BG9)/2)) | BJ9: =IF((((BH9+BI9)/2)+(C9/(DATOS!$B$14*((BH9+BI9)/2)))^2/(2*9.81)+B9-(E8+(C8/(DATOS!$B$14*E8))^2/(2*9.81)+B8+0.5*(((DATOS!$B$27*C8/(DATOS!$B$14*E8))^2/((DATOS!$B$14*E8)/(DATOS!$B$14+2*E8))^(4/3))+((DATOS!$B$27*C9/(DATOS!$B$14*((BH9+BI9)/2)))^2/((DATOS!$B$14*((BH9+BI9)/2))/(DATOS!$B$14+2*((BH9+BI9)/2)))^(4/3)))*(A8-A9)))<0,((BH9+BI9)/2),BH9) | BK9: =IF((((BH9+BI9)/2)+(C9/(DATOS!$B$14*((BH9+BI9)/2)))^2/(2*9.81)+B9-(E8+(C8/(DATOS!$B$14*E8))^2/(2*9.81)+B8+0.5*(((DATOS!$B$27*C8/(DATOS!$B$14*E8))^2/((DATOS!$B$14*E8)/(DATOS!$B$14+2*E8))^(4/3))+((DATOS!$B$27*C9/(DATOS!$B$14*((BH9+BI9)/2)))^2/((DATOS!$B$14*((BH9+BI9)/2))/(DATOS!$B$14+2*((BH9+BI9)/2)))^(4/3)))*(A8-A9)))<0,BI9,((BH9+BI9)/2)) | BL9: =IF((((BJ9+BK9)/2)+(C9/(DATOS!$B$14*((BJ9+BK9)/2)))^2/(2*9.81)+B9-(E8+(C8/(DATOS!$B$14*E8))^2/(2*9.81)+B8+0.5*(((DATOS!$B$27*C8/(DATOS!$B$14*E8))^2/((DATOS!$B$14*E8)/(DATOS!$B$14+2*E8))^(4/3))+((DATOS!$B$27*C9/(DATOS!$B$14*((BJ9+BK9)/2)))^2/((DATOS!$B$14*((BJ9+BK9)/2))/(DATOS!$B$14+2*((BJ9+BK9)/2)))^(4/3)))*(A8-A9)))<0,((BJ9+BK9)/2),BJ9) | BM9: =IF((((BJ9+BK9)/2)+(C9/(DATOS!$B$14*((BJ9+BK9)/2)))^2/(2*9.81)+B9-(E8+(C8/(DATOS!$B$14*E8))^2/(2*9.81)+B8+0.5*(((DATOS!$B$27*C8/(DATOS!$B$14*E8))^2/((DATOS!$B$14*E8)/(DATOS!$B$14+2*E8))^(4/3))+((DATOS!$B$27*C9/(DATOS!$B$14*((BJ9+BK9)/2)))^2/((DATOS!$B$14*((BJ9+BK9)/2))/(DATOS!$B$14+2*((BJ9+BK9)/2)))^(4/3)))*(A8-A9)))<0,BK9,((BJ9+BK9)/2)) | BN9: =IF((((BL9+BM9)/2)+(C9/(DATOS!$B$14*((BL9+BM9)/2)))^2/(2*9.81)+B9-(E8+(C8/(DATOS!$B$14*E8))^2/(2*9.81)+B8+0.5*(((DATOS!$B$27*C8/(DATOS!$B$14*E8))^2/((DATOS!$B$14*E8)/(DATOS!$B$14+2*E8))^(4/3))+((DATOS!$B$27*C9/(DATOS!$B$14*((BL9+BM9)/2)))^2/((DATOS!$B$14*((BL9+BM9)/2))/(DATOS!$B$14+2*((BL9+BM9)/2)))^(4/3)))*(A8-A9)))<0,((BL9+BM9)/2),BL9) | BO9: =IF((((BL9+BM9)/2)+(C9/(DATOS!$B$14*((BL9+BM9)/2)))^2/(2*9.81)+B9-(E8+(C8/(DATOS!$B$14*E8))^2/(2*9.81)+B8+0.5*(((DATOS!$B$27*C8/(DATOS!$B$14*E8))^2/((DATOS!$B$14*E8)/(DATOS!$B$14+2*E8))^(4/3))+((DATOS!$B$27*C9/(DATOS!$B$14*((BL9+BM9)/2)))^2/((DATOS!$B$14*((BL9+BM9)/2))/(DATOS!$B$14+2*((BL9+BM9)/2)))^(4/3)))*(A8-A9)))<0,BM9,((BL9+BM9)/2)) | BP9: =IF((((BN9+BO9)/2)+(C9/(DATOS!$B$14*((BN9+BO9)/2)))^2/(2*9.81)+B9-(E8+(C8/(DATOS!$B$14*E8))^2/(2*9.81)+B8+0.5*(((DATOS!$B$27*C8/(DATOS!$B$14*E8))^2/((DATOS!$B$14*E8)/(DATOS!$B$14+2*E8))^(4/3))+((DATOS!$B$27*C9/(DATOS!$B$14*((BN9+BO9)/2)))^2/((DATOS!$B$14*((BN9+BO9)/2))/(DATOS!$B$14+2*((BN9+BO9)/2)))^(4/3)))*(A8-A9)))<0,((BN9+BO9)/2),BN9) | BQ9: =IF((((BN9+BO9)/2)+(C9/(DATOS!$B$14*((BN9+BO9)/2)))^2/(2*9.81)+B9-(E8+(C8/(DATOS!$B$14*E8))^2/(2*9.81)+B8+0.5*(((DATOS!$B$27*C8/(DATOS!$B$14*E8))^2/((DATOS!$B$14*E8)/(DATOS!$B$14+2*E8))^(4/3))+((DATOS!$B$27*C9/(DATOS!$B$14*((BN9+BO9)/2)))^2/((DATOS!$B$14*((BN9+BO9)/2))/(DATOS!$B$14+2*((BN9+BO9)/2)))^(4/3)))*(A8-A9)))<0,BO9,((BN9+BO9)/2)) | BR9: =IF((((BP9+BQ9)/2)+(C9/(DATOS!$B$14*((BP9+BQ9)/2)))^2/(2*9.81)+B9-(E8+(C8/(DATOS!$B$14*E8))^2/(2*9.81)+B8+0.5*(((DATOS!$B$27*C8/(DATOS!$B$14*E8))^2/((DATOS!$B$14*E8)/(DATOS!$B$14+2*E8))^(4/3))+((DATOS!$B$27*C9/(DATOS!$B$14*((BP9+BQ9)/2)))^2/((DATOS!$B$14*((BP9+BQ9)/2))/(DATOS!$B$14+2*((BP9+BQ9)/2)))^(4/3)))*(A8-A9)))<0,((BP9+BQ9)/2),BP9) | BS9: =IF((((BP9+BQ9)/2)+(C9/(DATOS!$B$14*((BP9+BQ9)/2)))^2/(2*9.81)+B9-(E8+(C8/(DATOS!$B$14*E8))^2/(2*9.81)+B8+0.5*(((DATOS!$B$27*C8/(DATOS!$B$14*E8))^2/((DATOS!$B$14*E8)/(DATOS!$B$14+2*E8))^(4/3))+((DATOS!$B$27*C9/(DATOS!$B$14*((BP9+BQ9)/2)))^2/((DATOS!$B$14*((BP9+BQ9)/2))/(DATOS!$B$14+2*((BP9+BQ9)/2)))^(4/3)))*(A8-A9)))<0,BQ9,((BP9+BQ9)/2)) | BT9: =IF((((BR9+BS9)/2)+(C9/(DATOS!$B$14*((BR9+BS9)/2)))^2/(2*9.81)+B9-(E8+(C8/(DATOS!$B$14*E8))^2/(2*9.81)+B8+0.5*(((DATOS!$B$27*C8/(DATOS!$B$14*E8))^2/((DATOS!$B$14*E8)/(DATOS!$B$14+2*E8))^(4/3))+((DATOS!$B$27*C9/(DATOS!$B$14*((BR9+BS9)/2)))^2/((DATOS!$B$14*((BR9+BS9)/2))/(DATOS!$B$14+2*((BR9+BS9)/2)))^(4/3)))*(A8-A9)))<0,((BR9+BS9)/2),BR9) | BU9: =IF((((BR9+BS9)/2)+(C9/(DATOS!$B$14*((BR9+BS9)/2)))^2/(2*9.81)+B9-(E8+(C8/(DATOS!$B$14*E8))^2/(2*9.81)+B8+0.5*(((DATOS!$B$27*C8/(DATOS!$B$14*E8))^2/((DATOS!$B$14*E8)/(DATOS!$B$14+2*E8))^(4/3))+((DATOS!$B$27*C9/(DATOS!$B$14*((BR9+BS9)/2)))^2/((DATOS!$B$14*((BR9+BS9)/2))/(DATOS!$B$14+2*((BR9+BS9)/2)))^(4/3)))*(A8-A9)))<0,BS9,((BR9+BS9)/2))
A10: 130 | B10: =DATOS!$B$16-DATOS!$B$19*A10 | C10: =IF(A10<CAUDALES!$B$13,CAUDALES!$D$12,IF(A10<CAUDALES!$B$14,CAUDALES!$D$13,IF(A10<CAUDALES!$B$15,CAUDALES!$D$14,CAUDALES!$D$15)))/1000 | D10: =(C10^2/(9.81*DATOS!$B$14^2))^(1/3) | E10: =(BT10+BU10)/2 | F10: =B10+E10 | G10: =C10/(DATOS!$B$14*E10) | H10: =G10/SQRT(9.81*E10) | I10: =IF(A10<=DATOS!$B$20,DATOS!$B$21-IF(AND(A10>=DATOS!$B$23,A10<DATOS!$B$24),DATOS!$B$25,DATOS!$B$22),B10+DATOS!$B$26) | J10: =I10-B10 | K10: =E10/J10 | L10: =I10-F10 | M10: =IF(AND(K10<=DATOS!$B$29,L10>=DATOS!$B$30),"CUMPLE","NO CUMPLE") | N10: =IF(A10>DATOS!$B$20,"cubierto - tramo final",IF(AND(A10>=DATOS!$B$23,A10<DATOS!$B$24),"cubierto - camiones","cubierto")) | P10: =D10*1.001 | Q10: 2 | R10: =IF((((P10+Q10)/2)+(C10/(DATOS!$B$14*((P10+Q10)/2)))^2/(2*9.81)+B10-(E9+(C9/(DATOS!$B$14*E9))^2/(2*9.81)+B9+0.5*(((DATOS!$B$27*C9/(DATOS!$B$14*E9))^2/((DATOS!$B$14*E9)/(DATOS!$B$14+2*E9))^(4/3))+((DATOS!$B$27*C10/(DATOS!$B$14*((P10+Q10)/2)))^2/((DATOS!$B$14*((P10+Q10)/2))/(DATOS!$B$14+2*((P10+Q10)/2)))^(4/3)))*(A9-A10)))<0,((P10+Q10)/2),P10) | S10: =IF((((P10+Q10)/2)+(C10/(DATOS!$B$14*((P10+Q10)/2)))^2/(2*9.81)+B10-(E9+(C9/(DATOS!$B$14*E9))^2/(2*9.81)+B9+0.5*(((DATOS!$B$27*C9/(DATOS!$B$14*E9))^2/((DATOS!$B$14*E9)/(DATOS!$B$14+2*E9))^(4/3))+((DATOS!$B$27*C10/(DATOS!$B$14*((P10+Q10)/2)))^2/((DATOS!$B$14*((P10+Q10)/2))/(DATOS!$B$14+2*((P10+Q10)/2)))^(4/3)))*(A9-A10)))<0,Q10,((P10+Q10)/2)) | T10: =IF((((R10+S10)/2)+(C10/(DATOS!$B$14*((R10+S10)/2)))^2/(2*9.81)+B10-(E9+(C9/(DATOS!$B$14*E9))^2/(2*9.81)+B9+0.5*(((DATOS!$B$27*C9/(DATOS!$B$14*E9))^2/((DATOS!$B$14*E9)/(DATOS!$B$14+2*E9))^(4/3))+((DATOS!$B$27*C10/(DATOS!$B$14*((R10+S10)/2)))^2/((DATOS!$B$14*((R10+S10)/2))/(DATOS!$B$14+2*((R10+S10)/2)))^(4/3)))*(A9-A10)))<0,((R10+S10)/2),R10) | U10: =IF((((R10+S10)/2)+(C10/(DATOS!$B$14*((R10+S10)/2)))^2/(2*9.81)+B10-(E9+(C9/(DATOS!$B$14*E9))^2/(2*9.81)+B9+0.5*(((DATOS!$B$27*C9/(DATOS!$B$14*E9))^2/((DATOS!$B$14*E9)/(DATOS!$B$14+2*E9))^(4/3))+((DATOS!$B$27*C10/(DATOS!$B$14*((R10+S10)/2)))^2/((DATOS!$B$14*((R10+S10)/2))/(DATOS!$B$14+2*((R10+S10)/2)))^(4/3)))*(A9-A10)))<0,S10,((R10+S10)/2)) | V10: =IF((((T10+U10)/2)+(C10/(DATOS!$B$14*((T10+U10)/2)))^2/(2*9.81)+B10-(E9+(C9/(DATOS!$B$14*E9))^2/(2*9.81)+B9+0.5*(((DATOS!$B$27*C9/(DATOS!$B$14*E9))^2/((DATOS!$B$14*E9)/(DATOS!$B$14+2*E9))^(4/3))+((DATOS!$B$27*C10/(DATOS!$B$14*((T10+U10)/2)))^2/((DATOS!$B$14*((T10+U10)/2))/(DATOS!$B$14+2*((T10+U10)/2)))^(4/3)))*(A9-A10)))<0,((T10+U10)/2),T10) | W10: =IF((((T10+U10)/2)+(C10/(DATOS!$B$14*((T10+U10)/2)))^2/(2*9.81)+B10-(E9+(C9/(DATOS!$B$14*E9))^2/(2*9.81)+B9+0.5*(((DATOS!$B$27*C9/(DATOS!$B$14*E9))^2/((DATOS!$B$14*E9)/(DATOS!$B$14+2*E9))^(4/3))+((DATOS!$B$27*C10/(DATOS!$B$14*((T10+U10)/2)))^2/((DATOS!$B$14*((T10+U10)/2))/(DATOS!$B$14+2*((T10+U10)/2)))^(4/3)))*(A9-A10)))<0,U10,((T10+U10)/2)) | X10: =IF((((V10+W10)/2)+(C10/(DATOS!$B$14*((V10+W10)/2)))^2/(2*9.81)+B10-(E9+(C9/(DATOS!$B$14*E9))^2/(2*9.81)+B9+0.5*(((DATOS!$B$27*C9/(DATOS!$B$14*E9))^2/((DATOS!$B$14*E9)/(DATOS!$B$14+2*E9))^(4/3))+((DATOS!$B$27*C10/(DATOS!$B$14*((V10+W10)/2)))^2/((DATOS!$B$14*((V10+W10)/2))/(DATOS!$B$14+2*((V10+W10)/2)))^(4/3)))*(A9-A10)))<0,((V10+W10)/2),V10) | Y10: =IF((((V10+W10)/2)+(C10/(DATOS!$B$14*((V10+W10)/2)))^2/(2*9.81)+B10-(E9+(C9/(DATOS!$B$14*E9))^2/(2*9.81)+B9+0.5*(((DATOS!$B$27*C9/(DATOS!$B$14*E9))^2/((DATOS!$B$14*E9)/(DATOS!$B$14+2*E9))^(4/3))+((DATOS!$B$27*C10/(DATOS!$B$14*((V10+W10)/2)))^2/((DATOS!$B$14*((V10+W10)/2))/(DATOS!$B$14+2*((V10+W10)/2)))^(4/3)))*(A9-A10)))<0,W10,((V10+W10)/2)) | Z10: =IF((((X10+Y10)/2)+(C10/(DATOS!$B$14*((X10+Y10)/2)))^2/(2*9.81)+B10-(E9+(C9/(DATOS!$B$14*E9))^2/(2*9.81)+B9+0.5*(((DATOS!$B$27*C9/(DATOS!$B$14*E9))^2/((DATOS!$B$14*E9)/(DATOS!$B$14+2*E9))^(4/3))+((DATOS!$B$27*C10/(DATOS!$B$14*((X10+Y10)/2)))^2/((DATOS!$B$14*((X10+Y10)/2))/(DATOS!$B$14+2*((X10+Y10)/2)))^(4/3)))*(A9-A10)))<0,((X10+Y10)/2),X10) | AA10: =IF((((X10+Y10)/2)+(C10/(DATOS!$B$14*((X10+Y10)/2)))^2/(2*9.81)+B10-(E9+(C9/(DATOS!$B$14*E9))^2/(2*9.81)+B9+0.5*(((DATOS!$B$27*C9/(DATOS!$B$14*E9))^2/((DATOS!$B$14*E9)/(DATOS!$B$14+2*E9))^(4/3))+((DATOS!$B$27*C10/(DATOS!$B$14*((X10+Y10)/2)))^2/((DATOS!$B$14*((X10+Y10)/2))/(DATOS!$B$14+2*((X10+Y10)/2)))^(4/3)))*(A9-A10)))<0,Y10,((X10+Y10)/2)) | AB10: =IF((((Z10+AA10)/2)+(C10/(DATOS!$B$14*((Z10+AA10)/2)))^2/(2*9.81)+B10-(E9+(C9/(DATOS!$B$14*E9))^2/(2*9.81)+B9+0.5*(((DATOS!$B$27*C9/(DATOS!$B$14*E9))^2/((DATOS!$B$14*E9)/(DATOS!$B$14+2*E9))^(4/3))+((DATOS!$B$27*C10/(DATOS!$B$14*((Z10+AA10)/2)))^2/((DATOS!$B$14*((Z10+AA10)/2))/(DATOS!$B$14+2*((Z10+AA10)/2)))^(4/3)))*(A9-A10)))<0,((Z10+AA10)/2),Z10) | AC10: =IF((((Z10+AA10)/2)+(C10/(DATOS!$B$14*((Z10+AA10)/2)))^2/(2*9.81)+B10-(E9+(C9/(DATOS!$B$14*E9))^2/(2*9.81)+B9+0.5*(((DATOS!$B$27*C9/(DATOS!$B$14*E9))^2/((DATOS!$B$14*E9)/(DATOS!$B$14+2*E9))^(4/3))+((DATOS!$B$27*C10/(DATOS!$B$14*((Z10+AA10)/2)))^2/((DATOS!$B$14*((Z10+AA10)/2))/(DATOS!$B$14+2*((Z10+AA10)/2)))^(4/3)))*(A9-A10)))<0,AA10,((Z10+AA10)/2)) | AD10: =IF((((AB10+AC10)/2)+(C10/(DATOS!$B$14*((AB10+AC10)/2)))^2/(2*9.81)+B10-(E9+(C9/(DATOS!$B$14*E9))^2/(2*9.81)+B9+0.5*(((DATOS!$B$27*C9/(DATOS!$B$14*E9))^2/((DATOS!$B$14*E9)/(DATOS!$B$14+2*E9))^(4/3))+((DATOS!$B$27*C10/(DATOS!$B$14*((AB10+AC10)/2)))^2/((DATOS!$B$14*((AB10+AC10)/2))/(DATOS!$B$14+2*((AB10+AC10)/2)))^(4/3)))*(A9-A10)))<0,((AB10+AC10)/2),AB10) | AE10: =IF((((AB10+AC10)/2)+(C10/(DATOS!$B$14*((AB10+AC10)/2)))^2/(2*9.81)+B10-(E9+(C9/(DATOS!$B$14*E9))^2/(2*9.81)+B9+0.5*(((DATOS!$B$27*C9/(DATOS!$B$14*E9))^2/((DATOS!$B$14*E9)/(DATOS!$B$14+2*E9))^(4/3))+((DATOS!$B$27*C10/(DATOS!$B$14*((AB10+AC10)/2)))^2/((DATOS!$B$14*((AB10+AC10)/2))/(DATOS!$B$14+2*((AB10+AC10)/2)))^(4/3)))*(A9-A10)))<0,AC10,((AB10+AC10)/2)) | AF10: =IF((((AD10+AE10)/2)+(C10/(DATOS!$B$14*((AD10+AE10)/2)))^2/(2*9.81)+B10-(E9+(C9/(DATOS!$B$14*E9))^2/(2*9.81)+B9+0.5*(((DATOS!$B$27*C9/(DATOS!$B$14*E9))^2/((DATOS!$B$14*E9)/(DATOS!$B$14+2*E9))^(4/3))+((DATOS!$B$27*C10/(DATOS!$B$14*((AD10+AE10)/2)))^2/((DATOS!$B$14*((AD10+AE10)/2))/(DATOS!$B$14+2*((AD10+AE10)/2)))^(4/3)))*(A9-A10)))<0,((AD10+AE10)/2),AD10) | AG10: =IF((((AD10+AE10)/2)+(C10/(DATOS!$B$14*((AD10+AE10)/2)))^2/(2*9.81)+B10-(E9+(C9/(DATOS!$B$14*E9))^2/(2*9.81)+B9+0.5*(((DATOS!$B$27*C9/(DATOS!$B$14*E9))^2/((DATOS!$B$14*E9)/(DATOS!$B$14+2*E9))^(4/3))+((DATOS!$B$27*C10/(DATOS!$B$14*((AD10+AE10)/2)))^2/((DATOS!$B$14*((AD10+AE10)/2))/(DATOS!$B$14+2*((AD10+AE10)/2)))^(4/3)))*(A9-A10)))<0,AE10,((AD10+AE10)/2)) | AH10: =IF((((AF10+AG10)/2)+(C10/(DATOS!$B$14*((AF10+AG10)/2)))^2/(2*9.81)+B10-(E9+(C9/(DATOS!$B$14*E9))^2/(2*9.81)+B9+0.5*(((DATOS!$B$27*C9/(DATOS!$B$14*E9))^2/((DATOS!$B$14*E9)/(DATOS!$B$14+2*E9))^(4/3))+((DATOS!$B$27*C10/(DATOS!$B$14*((AF10+AG10)/2)))^2/((DATOS!$B$14*((AF10+AG10)/2))/(DATOS!$B$14+2*((AF10+AG10)/2)))^(4/3)))*(A9-A10)))<0,((AF10+AG10)/2),AF10) | AI10: =IF((((AF10+AG10)/2)+(C10/(DATOS!$B$14*((AF10+AG10)/2)))^2/(2*9.81)+B10-(E9+(C9/(DATOS!$B$14*E9))^2/(2*9.81)+B9+0.5*(((DATOS!$B$27*C9/(DATOS!$B$14*E9))^2/((DATOS!$B$14*E9)/(DATOS!$B$14+2*E9))^(4/3))+((DATOS!$B$27*C10/(DATOS!$B$14*((AF10+AG10)/2)))^2/((DATOS!$B$14*((AF10+AG10)/2))/(DATOS!$B$14+2*((AF10+AG10)/2)))^(4/3)))*(A9-A10)))<0,AG10,((AF10+AG10)/2)) | AJ10: =IF((((AH10+AI10)/2)+(C10/(DATOS!$B$14*((AH10+AI10)/2)))^2/(2*9.81)+B10-(E9+(C9/(DATOS!$B$14*E9))^2/(2*9.81)+B9+0.5*(((DATOS!$B$27*C9/(DATOS!$B$14*E9))^2/((DATOS!$B$14*E9)/(DATOS!$B$14+2*E9))^(4/3))+((DATOS!$B$27*C10/(DATOS!$B$14*((AH10+AI10)/2)))^2/((DATOS!$B$14*((AH10+AI10)/2))/(DATOS!$B$14+2*((AH10+AI10)/2)))^(4/3)))*(A9-A10)))<0,((AH10+AI10)/2),AH10) | AK10: =IF((((AH10+AI10)/2)+(C10/(DATOS!$B$14*((AH10+AI10)/2)))^2/(2*9.81)+B10-(E9+(C9/(DATOS!$B$14*E9))^2/(2*9.81)+B9+0.5*(((DATOS!$B$27*C9/(DATOS!$B$14*E9))^2/((DATOS!$B$14*E9)/(DATOS!$B$14+2*E9))^(4/3))+((DATOS!$B$27*C10/(DATOS!$B$14*((AH10+AI10)/2)))^2/((DATOS!$B$14*((AH10+AI10)/2))/(DATOS!$B$14+2*((AH10+AI10)/2)))^(4/3)))*(A9-A10)))<0,AI10,((AH10+AI10)/2)) | AL10: =IF((((AJ10+AK10)/2)+(C10/(DATOS!$B$14*((AJ10+AK10)/2)))^2/(2*9.81)+B10-(E9+(C9/(DATOS!$B$14*E9))^2/(2*9.81)+B9+0.5*(((DATOS!$B$27*C9/(DATOS!$B$14*E9))^2/((DATOS!$B$14*E9)/(DATOS!$B$14+2*E9))^(4/3))+((DATOS!$B$27*C10/(DATOS!$B$14*((AJ10+AK10)/2)))^2/((DATOS!$B$14*((AJ10+AK10)/2))/(DATOS!$B$14+2*((AJ10+AK10)/2)))^(4/3)))*(A9-A10)))<0,((AJ10+AK10)/2),AJ10) | AM10: =IF((((AJ10+AK10)/2)+(C10/(DATOS!$B$14*((AJ10+AK10)/2)))^2/(2*9.81)+B10-(E9+(C9/(DATOS!$B$14*E9))^2/(2*9.81)+B9+0.5*(((DATOS!$B$27*C9/(DATOS!$B$14*E9))^2/((DATOS!$B$14*E9)/(DATOS!$B$14+2*E9))^(4/3))+((DATOS!$B$27*C10/(DATOS!$B$14*((AJ10+AK10)/2)))^2/((DATOS!$B$14*((AJ10+AK10)/2))/(DATOS!$B$14+2*((AJ10+AK10)/2)))^(4/3)))*(A9-A10)))<0,AK10,((AJ10+AK10)/2)) | AN10: =IF((((AL10+AM10)/2)+(C10/(DATOS!$B$14*((AL10+AM10)/2)))^2/(2*9.81)+B10-(E9+(C9/(DATOS!$B$14*E9))^2/(2*9.81)+B9+0.5*(((DATOS!$B$27*C9/(DATOS!$B$14*E9))^2/((DATOS!$B$14*E9)/(DATOS!$B$14+2*E9))^(4/3))+((DATOS!$B$27*C10/(DATOS!$B$14*((AL10+AM10)/2)))^2/((DATOS!$B$14*((AL10+AM10)/2))/(DATOS!$B$14+2*((AL10+AM10)/2)))^(4/3)))*(A9-A10)))<0,((AL10+AM10)/2),AL10) | AO10: =IF((((AL10+AM10)/2)+(C10/(DATOS!$B$14*((AL10+AM10)/2)))^2/(2*9.81)+B10-(E9+(C9/(DATOS!$B$14*E9))^2/(2*9.81)+B9+0.5*(((DATOS!$B$27*C9/(DATOS!$B$14*E9))^2/((DATOS!$B$14*E9)/(DATOS!$B$14+2*E9))^(4/3))+((DATOS!$B$27*C10/(DATOS!$B$14*((AL10+AM10)/2)))^2/((DATOS!$B$14*((AL10+AM10)/2))/(DATOS!$B$14+2*((AL10+AM10)/2)))^(4/3)))*(A9-A10)))<0,AM10,((AL10+AM10)/2)) | AP10: =IF((((AN10+AO10)/2)+(C10/(DATOS!$B$14*((AN10+AO10)/2)))^2/(2*9.81)+B10-(E9+(C9/(DATOS!$B$14*E9))^2/(2*9.81)+B9+0.5*(((DATOS!$B$27*C9/(DATOS!$B$14*E9))^2/((DATOS!$B$14*E9)/(DATOS!$B$14+2*E9))^(4/3))+((DATOS!$B$27*C10/(DATOS!$B$14*((AN10+AO10)/2)))^2/((DATOS!$B$14*((AN10+AO10)/2))/(DATOS!$B$14+2*((AN10+AO10)/2)))^(4/3)))*(A9-A10)))<0,((AN10+AO10)/2),AN10) | AQ10: =IF((((AN10+AO10)/2)+(C10/(DATOS!$B$14*((AN10+AO10)/2)))^2/(2*9.81)+B10-(E9+(C9/(DATOS!$B$14*E9))^2/(2*9.81)+B9+0.5*(((DATOS!$B$27*C9/(DATOS!$B$14*E9))^2/((DATOS!$B$14*E9)/(DATOS!$B$14+2*E9))^(4/3))+((DATOS!$B$27*C10/(DATOS!$B$14*((AN10+AO10)/2)))^2/((DATOS!$B$14*((AN10+AO10)/2))/(DATOS!$B$14+2*((AN10+AO10)/2)))^(4/3)))*(A9-A10)))<0,AO10,((AN10+AO10)/2)) | AR10: =IF((((AP10+AQ10)/2)+(C10/(DATOS!$B$14*((AP10+AQ10)/2)))^2/(2*9.81)+B10-(E9+(C9/(DATOS!$B$14*E9))^2/(2*9.81)+B9+0.5*(((DATOS!$B$27*C9/(DATOS!$B$14*E9))^2/((DATOS!$B$14*E9)/(DATOS!$B$14+2*E9))^(4/3))+((DATOS!$B$27*C10/(DATOS!$B$14*((AP10+AQ10)/2)))^2/((DATOS!$B$14*((AP10+AQ10)/2))/(DATOS!$B$14+2*((AP10+AQ10)/2)))^(4/3)))*(A9-A10)))<0,((AP10+AQ10)/2),AP10) | AS10: =IF((((AP10+AQ10)/2)+(C10/(DATOS!$B$14*((AP10+AQ10)/2)))^2/(2*9.81)+B10-(E9+(C9/(DATOS!$B$14*E9))^2/(2*9.81)+B9+0.5*(((DATOS!$B$27*C9/(DATOS!$B$14*E9))^2/((DATOS!$B$14*E9)/(DATOS!$B$14+2*E9))^(4/3))+((DATOS!$B$27*C10/(DATOS!$B$14*((AP10+AQ10)/2)))^2/((DATOS!$B$14*((AP10+AQ10)/2))/(DATOS!$B$14+2*((AP10+AQ10)/2)))^(4/3)))*(A9-A10)))<0,AQ10,((AP10+AQ10)/2)) | AT10: =IF((((AR10+AS10)/2)+(C10/(DATOS!$B$14*((AR10+AS10)/2)))^2/(2*9.81)+B10-(E9+(C9/(DATOS!$B$14*E9))^2/(2*9.81)+B9+0.5*(((DATOS!$B$27*C9/(DATOS!$B$14*E9))^2/((DATOS!$B$14*E9)/(DATOS!$B$14+2*E9))^(4/3))+((DATOS!$B$27*C10/(DATOS!$B$14*((AR10+AS10)/2)))^2/((DATOS!$B$14*((AR10+AS10)/2))/(DATOS!$B$14+2*((AR10+AS10)/2)))^(4/3)))*(A9-A10)))<0,((AR10+AS10)/2),AR10) | AU10: =IF((((AR10+AS10)/2)+(C10/(DATOS!$B$14*((AR10+AS10)/2)))^2/(2*9.81)+B10-(E9+(C9/(DATOS!$B$14*E9))^2/(2*9.81)+B9+0.5*(((DATOS!$B$27*C9/(DATOS!$B$14*E9))^2/((DATOS!$B$14*E9)/(DATOS!$B$14+2*E9))^(4/3))+((DATOS!$B$27*C10/(DATOS!$B$14*((AR10+AS10)/2)))^2/((DATOS!$B$14*((AR10+AS10)/2))/(DATOS!$B$14+2*((AR10+AS10)/2)))^(4/3)))*(A9-A10)))<0,AS10,((AR10+AS10)/2)) | AV10: =IF((((AT10+AU10)/2)+(C10/(DATOS!$B$14*((AT10+AU10)/2)))^2/(2*9.81)+B10-(E9+(C9/(DATOS!$B$14*E9))^2/(2*9.81)+B9+0.5*(((DATOS!$B$27*C9/(DATOS!$B$14*E9))^2/((DATOS!$B$14*E9)/(DATOS!$B$14+2*E9))^(4/3))+((DATOS!$B$27*C10/(DATOS!$B$14*((AT10+AU10)/2)))^2/((DATOS!$B$14*((AT10+AU10)/2))/(DATOS!$B$14+2*((AT10+AU10)/2)))^(4/3)))*(A9-A10)))<0,((AT10+AU10)/2),AT10) | AW10: =IF((((AT10+AU10)/2)+(C10/(DATOS!$B$14*((AT10+AU10)/2)))^2/(2*9.81)+B10-(E9+(C9/(DATOS!$B$14*E9))^2/(2*9.81)+B9+0.5*(((DATOS!$B$27*C9/(DATOS!$B$14*E9))^2/((DATOS!$B$14*E9)/(DATOS!$B$14+2*E9))^(4/3))+((DATOS!$B$27*C10/(DATOS!$B$14*((AT10+AU10)/2)))^2/((DATOS!$B$14*((AT10+AU10)/2))/(DATOS!$B$14+2*((AT10+AU10)/2)))^(4/3)))*(A9-A10)))<0,AU10,((AT10+AU10)/2)) | AX10: =IF((((AV10+AW10)/2)+(C10/(DATOS!$B$14*((AV10+AW10)/2)))^2/(2*9.81)+B10-(E9+(C9/(DATOS!$B$14*E9))^2/(2*9.81)+B9+0.5*(((DATOS!$B$27*C9/(DATOS!$B$14*E9))^2/((DATOS!$B$14*E9)/(DATOS!$B$14+2*E9))^(4/3))+((DATOS!$B$27*C10/(DATOS!$B$14*((AV10+AW10)/2)))^2/((DATOS!$B$14*((AV10+AW10)/2))/(DATOS!$B$14+2*((AV10+AW10)/2)))^(4/3)))*(A9-A10)))<0,((AV10+AW10)/2),AV10) | AY10: =IF((((AV10+AW10)/2)+(C10/(DATOS!$B$14*((AV10+AW10)/2)))^2/(2*9.81)+B10-(E9+(C9/(DATOS!$B$14*E9))^2/(2*9.81)+B9+0.5*(((DATOS!$B$27*C9/(DATOS!$B$14*E9))^2/((DATOS!$B$14*E9)/(DATOS!$B$14+2*E9))^(4/3))+((DATOS!$B$27*C10/(DATOS!$B$14*((AV10+AW10)/2)))^2/((DATOS!$B$14*((AV10+AW10)/2))/(DATOS!$B$14+2*((AV10+AW10)/2)))^(4/3)))*(A9-A10)))<0,AW10,((AV10+AW10)/2)) | AZ10: =IF((((AX10+AY10)/2)+(C10/(DATOS!$B$14*((AX10+AY10)/2)))^2/(2*9.81)+B10-(E9+(C9/(DATOS!$B$14*E9))^2/(2*9.81)+B9+0.5*(((DATOS!$B$27*C9/(DATOS!$B$14*E9))^2/((DATOS!$B$14*E9)/(DATOS!$B$14+2*E9))^(4/3))+((DATOS!$B$27*C10/(DATOS!$B$14*((AX10+AY10)/2)))^2/((DATOS!$B$14*((AX10+AY10)/2))/(DATOS!$B$14+2*((AX10+AY10)/2)))^(4/3)))*(A9-A10)))<0,((AX10+AY10)/2),AX10) | BA10: =IF((((AX10+AY10)/2)+(C10/(DATOS!$B$14*((AX10+AY10)/2)))^2/(2*9.81)+B10-(E9+(C9/(DATOS!$B$14*E9))^2/(2*9.81)+B9+0.5*(((DATOS!$B$27*C9/(DATOS!$B$14*E9))^2/((DATOS!$B$14*E9)/(DATOS!$B$14+2*E9))^(4/3))+((DATOS!$B$27*C10/(DATOS!$B$14*((AX10+AY10)/2)))^2/((DATOS!$B$14*((AX10+AY10)/2))/(DATOS!$B$14+2*((AX10+AY10)/2)))^(4/3)))*(A9-A10)))<0,AY10,((AX10+AY10)/2)) | BB10: =IF((((AZ10+BA10)/2)+(C10/(DATOS!$B$14*((AZ10+BA10)/2)))^2/(2*9.81)+B10-(E9+(C9/(DATOS!$B$14*E9))^2/(2*9.81)+B9+0.5*(((DATOS!$B$27*C9/(DATOS!$B$14*E9))^2/((DATOS!$B$14*E9)/(DATOS!$B$14+2*E9))^(4/3))+((DATOS!$B$27*C10/(DATOS!$B$14*((AZ10+BA10)/2)))^2/((DATOS!$B$14*((AZ10+BA10)/2))/(DATOS!$B$14+2*((AZ10+BA10)/2)))^(4/3)))*(A9-A10)))<0,((AZ10+BA10)/2),AZ10) | BC10: =IF((((AZ10+BA10)/2)+(C10/(DATOS!$B$14*((AZ10+BA10)/2)))^2/(2*9.81)+B10-(E9+(C9/(DATOS!$B$14*E9))^2/(2*9.81)+B9+0.5*(((DATOS!$B$27*C9/(DATOS!$B$14*E9))^2/((DATOS!$B$14*E9)/(DATOS!$B$14+2*E9))^(4/3))+((DATOS!$B$27*C10/(DATOS!$B$14*((AZ10+BA10)/2)))^2/((DATOS!$B$14*((AZ10+BA10)/2))/(DATOS!$B$14+2*((AZ10+BA10)/2)))^(4/3)))*(A9-A10)))<0,BA10,((AZ10+BA10)/2)) | BD10: =IF((((BB10+BC10)/2)+(C10/(DATOS!$B$14*((BB10+BC10)/2)))^2/(2*9.81)+B10-(E9+(C9/(DATOS!$B$14*E9))^2/(2*9.81)+B9+0.5*(((DATOS!$B$27*C9/(DATOS!$B$14*E9))^2/((DATOS!$B$14*E9)/(DATOS!$B$14+2*E9))^(4/3))+((DATOS!$B$27*C10/(DATOS!$B$14*((BB10+BC10)/2)))^2/((DATOS!$B$14*((BB10+BC10)/2))/(DATOS!$B$14+2*((BB10+BC10)/2)))^(4/3)))*(A9-A10)))<0,((BB10+BC10)/2),BB10) | BE10: =IF((((BB10+BC10)/2)+(C10/(DATOS!$B$14*((BB10+BC10)/2)))^2/(2*9.81)+B10-(E9+(C9/(DATOS!$B$14*E9))^2/(2*9.81)+B9+0.5*(((DATOS!$B$27*C9/(DATOS!$B$14*E9))^2/((DATOS!$B$14*E9)/(DATOS!$B$14+2*E9))^(4/3))+((DATOS!$B$27*C10/(DATOS!$B$14*((BB10+BC10)/2)))^2/((DATOS!$B$14*((BB10+BC10)/2))/(DATOS!$B$14+2*((BB10+BC10)/2)))^(4/3)))*(A9-A10)))<0,BC10,((BB10+BC10)/2)) | BF10: =IF((((BD10+BE10)/2)+(C10/(DATOS!$B$14*((BD10+BE10)/2)))^2/(2*9.81)+B10-(E9+(C9/(DATOS!$B$14*E9))^2/(2*9.81)+B9+0.5*(((DATOS!$B$27*C9/(DATOS!$B$14*E9))^2/((DATOS!$B$14*E9)/(DATOS!$B$14+2*E9))^(4/3))+((DATOS!$B$27*C10/(DATOS!$B$14*((BD10+BE10)/2)))^2/((DATOS!$B$14*((BD10+BE10)/2))/(DATOS!$B$14+2*((BD10+BE10)/2)))^(4/3)))*(A9-A10)))<0,((BD10+BE10)/2),BD10) | BG10: =IF((((BD10+BE10)/2)+(C10/(DATOS!$B$14*((BD10+BE10)/2)))^2/(2*9.81)+B10-(E9+(C9/(DATOS!$B$14*E9))^2/(2*9.81)+B9+0.5*(((DATOS!$B$27*C9/(DATOS!$B$14*E9))^2/((DATOS!$B$14*E9)/(DATOS!$B$14+2*E9))^(4/3))+((DATOS!$B$27*C10/(DATOS!$B$14*((BD10+BE10)/2)))^2/((DATOS!$B$14*((BD10+BE10)/2))/(DATOS!$B$14+2*((BD10+BE10)/2)))^(4/3)))*(A9-A10)))<0,BE10,((BD10+BE10)/2)) | BH10: =IF((((BF10+BG10)/2)+(C10/(DATOS!$B$14*((BF10+BG10)/2)))^2/(2*9.81)+B10-(E9+(C9/(DATOS!$B$14*E9))^2/(2*9.81)+B9+0.5*(((DATOS!$B$27*C9/(DATOS!$B$14*E9))^2/((DATOS!$B$14*E9)/(DATOS!$B$14+2*E9))^(4/3))+((DATOS!$B$27*C10/(DATOS!$B$14*((BF10+BG10)/2)))^2/((DATOS!$B$14*((BF10+BG10)/2))/(DATOS!$B$14+2*((BF10+BG10)/2)))^(4/3)))*(A9-A10)))<0,((BF10+BG10)/2),BF10) | BI10: =IF((((BF10+BG10)/2)+(C10/(DATOS!$B$14*((BF10+BG10)/2)))^2/(2*9.81)+B10-(E9+(C9/(DATOS!$B$14*E9))^2/(2*9.81)+B9+0.5*(((DATOS!$B$27*C9/(DATOS!$B$14*E9))^2/((DATOS!$B$14*E9)/(DATOS!$B$14+2*E9))^(4/3))+((DATOS!$B$27*C10/(DATOS!$B$14*((BF10+BG10)/2)))^2/((DATOS!$B$14*((BF10+BG10)/2))/(DATOS!$B$14+2*((BF10+BG10)/2)))^(4/3)))*(A9-A10)))<0,BG10,((BF10+BG10)/2)) | BJ10: =IF((((BH10+BI10)/2)+(C10/(DATOS!$B$14*((BH10+BI10)/2)))^2/(2*9.81)+B10-(E9+(C9/(DATOS!$B$14*E9))^2/(2*9.81)+B9+0.5*(((DATOS!$B$27*C9/(DATOS!$B$14*E9))^2/((DATOS!$B$14*E9)/(DATOS!$B$14+2*E9))^(4/3))+((DATOS!$B$27*C10/(DATOS!$B$14*((BH10+BI10)/2)))^2/((DATOS!$B$14*((BH10+BI10)/2))/(DATOS!$B$14+2*((BH10+BI10)/2)))^(4/3)))*(A9-A10)))<0,((BH10+BI10)/2),BH10) | BK10: =IF((((BH10+BI10)/2)+(C10/(DATOS!$B$14*((BH10+BI10)/2)))^2/(2*9.81)+B10-(E9+(C9/(DATOS!$B$14*E9))^2/(2*9.81)+B9+0.5*(((DATOS!$B$27*C9/(DATOS!$B$14*E9))^2/((DATOS!$B$14*E9)/(DATOS!$B$14+2*E9))^(4/3))+((DATOS!$B$27*C10/(DATOS!$B$14*((BH10+BI10)/2)))^2/((DATOS!$B$14*((BH10+BI10)/2))/(DATOS!$B$14+2*((BH10+BI10)/2)))^(4/3)))*(A9-A10)))<0,BI10,((BH10+BI10)/2)) | BL10: =IF((((BJ10+BK10)/2)+(C10/(DATOS!$B$14*((BJ10+BK10)/2)))^2/(2*9.81)+B10-(E9+(C9/(DATOS!$B$14*E9))^2/(2*9.81)+B9+0.5*(((DATOS!$B$27*C9/(DATOS!$B$14*E9))^2/((DATOS!$B$14*E9)/(DATOS!$B$14+2*E9))^(4/3))+((DATOS!$B$27*C10/(DATOS!$B$14*((BJ10+BK10)/2)))^2/((DATOS!$B$14*((BJ10+BK10)/2))/(DATOS!$B$14+2*((BJ10+BK10)/2)))^(4/3)))*(A9-A10)))<0,((BJ10+BK10)/2),BJ10) | BM10: =IF((((BJ10+BK10)/2)+(C10/(DATOS!$B$14*((BJ10+BK10)/2)))^2/(2*9.81)+B10-(E9+(C9/(DATOS!$B$14*E9))^2/(2*9.81)+B9+0.5*(((DATOS!$B$27*C9/(DATOS!$B$14*E9))^2/((DATOS!$B$14*E9)/(DATOS!$B$14+2*E9))^(4/3))+((DATOS!$B$27*C10/(DATOS!$B$14*((BJ10+BK10)/2)))^2/((DATOS!$B$14*((BJ10+BK10)/2))/(DATOS!$B$14+2*((BJ10+BK10)/2)))^(4/3)))*(A9-A10)))<0,BK10,((BJ10+BK10)/2)) | BN10: =IF((((BL10+BM10)/2)+(C10/(DATOS!$B$14*((BL10+BM10)/2)))^2/(2*9.81)+B10-(E9+(C9/(DATOS!$B$14*E9))^2/(2*9.81)+B9+0.5*(((DATOS!$B$27*C9/(DATOS!$B$14*E9))^2/((DATOS!$B$14*E9)/(DATOS!$B$14+2*E9))^(4/3))+((DATOS!$B$27*C10/(DATOS!$B$14*((BL10+BM10)/2)))^2/((DATOS!$B$14*((BL10+BM10)/2))/(DATOS!$B$14+2*((BL10+BM10)/2)))^(4/3)))*(A9-A10)))<0,((BL10+BM10)/2),BL10) | BO10: =IF((((BL10+BM10)/2)+(C10/(DATOS!$B$14*((BL10+BM10)/2)))^2/(2*9.81)+B10-(E9+(C9/(DATOS!$B$14*E9))^2/(2*9.81)+B9+0.5*(((DATOS!$B$27*C9/(DATOS!$B$14*E9))^2/((DATOS!$B$14*E9)/(DATOS!$B$14+2*E9))^(4/3))+((DATOS!$B$27*C10/(DATOS!$B$14*((BL10+BM10)/2)))^2/((DATOS!$B$14*((BL10+BM10)/2))/(DATOS!$B$14+2*((BL10+BM10)/2)))^(4/3)))*(A9-A10)))<0,BM10,((BL10+BM10)/2)) | BP10: =IF((((BN10+BO10)/2)+(C10/(DATOS!$B$14*((BN10+BO10)/2)))^2/(2*9.81)+B10-(E9+(C9/(DATOS!$B$14*E9))^2/(2*9.81)+B9+0.5*(((DATOS!$B$27*C9/(DATOS!$B$14*E9))^2/((DATOS!$B$14*E9)/(DATOS!$B$14+2*E9))^(4/3))+((DATOS!$B$27*C10/(DATOS!$B$14*((BN10+BO10)/2)))^2/((DATOS!$B$14*((BN10+BO10)/2))/(DATOS!$B$14+2*((BN10+BO10)/2)))^(4/3)))*(A9-A10)))<0,((BN10+BO10)/2),BN10) | BQ10: =IF((((BN10+BO10)/2)+(C10/(DATOS!$B$14*((BN10+BO10)/2)))^2/(2*9.81)+B10-(E9+(C9/(DATOS!$B$14*E9))^2/(2*9.81)+B9+0.5*(((DATOS!$B$27*C9/(DATOS!$B$14*E9))^2/((DATOS!$B$14*E9)/(DATOS!$B$14+2*E9))^(4/3))+((DATOS!$B$27*C10/(DATOS!$B$14*((BN10+BO10)/2)))^2/((DATOS!$B$14*((BN10+BO10)/2))/(DATOS!$B$14+2*((BN10+BO10)/2)))^(4/3)))*(A9-A10)))<0,BO10,((BN10+BO10)/2)) | BR10: =IF((((BP10+BQ10)/2)+(C10/(DATOS!$B$14*((BP10+BQ10)/2)))^2/(2*9.81)+B10-(E9+(C9/(DATOS!$B$14*E9))^2/(2*9.81)+B9+0.5*(((DATOS!$B$27*C9/(DATOS!$B$14*E9))^2/((DATOS!$B$14*E9)/(DATOS!$B$14+2*E9))^(4/3))+((DATOS!$B$27*C10/(DATOS!$B$14*((BP10+BQ10)/2)))^2/((DATOS!$B$14*((BP10+BQ10)/2))/(DATOS!$B$14+2*((BP10+BQ10)/2)))^(4/3)))*(A9-A10)))<0,((BP10+BQ10)/2),BP10) | BS10: =IF((((BP10+BQ10)/2)+(C10/(DATOS!$B$14*((BP10+BQ10)/2)))^2/(2*9.81)+B10-(E9+(C9/(DATOS!$B$14*E9))^2/(2*9.81)+B9+0.5*(((DATOS!$B$27*C9/(DATOS!$B$14*E9))^2/((DATOS!$B$14*E9)/(DATOS!$B$14+2*E9))^(4/3))+((DATOS!$B$27*C10/(DATOS!$B$14*((BP10+BQ10)/2)))^2/((DATOS!$B$14*((BP10+BQ10)/2))/(DATOS!$B$14+2*((BP10+BQ10)/2)))^(4/3)))*(A9-A10)))<0,BQ10,((BP10+BQ10)/2)) | BT10: =IF((((BR10+BS10)/2)+(C10/(DATOS!$B$14*((BR10+BS10)/2)))^2/(2*9.81)+B10-(E9+(C9/(DATOS!$B$14*E9))^2/(2*9.81)+B9+0.5*(((DATOS!$B$27*C9/(DATOS!$B$14*E9))^2/((DATOS!$B$14*E9)/(DATOS!$B$14+2*E9))^(4/3))+((DATOS!$B$27*C10/(DATOS!$B$14*((BR10+BS10)/2)))^2/((DATOS!$B$14*((BR10+BS10)/2))/(DATOS!$B$14+2*((BR10+BS10)/2)))^(4/3)))*(A9-A10)))<0,((BR10+BS10)/2),BR10) | BU10: =IF((((BR10+BS10)/2)+(C10/(DATOS!$B$14*((BR10+BS10)/2)))^2/(2*9.81)+B10-(E9+(C9/(DATOS!$B$14*E9))^2/(2*9.81)+B9+0.5*(((DATOS!$B$27*C9/(DATOS!$B$14*E9))^2/((DATOS!$B$14*E9)/(DATOS!$B$14+2*E9))^(4/3))+((DATOS!$B$27*C10/(DATOS!$B$14*((BR10+BS10)/2)))^2/((DATOS!$B$14*((BR10+BS10)/2))/(DATOS!$B$14+2*((BR10+BS10)/2)))^(4/3)))*(A9-A10)))<0,BS10,((BR10+BS10)/2))
A11: 128 | B11: =DATOS!$B$16-DATOS!$B$19*A11 | C11: =IF(A11<CAUDALES!$B$13,CAUDALES!$D$12,IF(A11<CAUDALES!$B$14,CAUDALES!$D$13,IF(A11<CAUDALES!$B$15,CAUDALES!$D$14,CAUDALES!$D$15)))/1000 | D11: =(C11^2/(9.81*DATOS!$B$14^2))^(1/3) | E11: =(BT11+BU11)/2 | F11: =B11+E11 | G11: =C11/(DATOS!$B$14*E11) | H11: =G11/SQRT(9.81*E11) | I11: =IF(A11<=DATOS!$B$20,DATOS!$B$21-IF(AND(A11>=DATOS!$B$23,A11<DATOS!$B$24),DATOS!$B$25,DATOS!$B$22),B11+DATOS!$B$26) | J11: =I11-B11 | K11: =E11/J11 | L11: =I11-F11 | M11: =IF(AND(K11<=DATOS!$B$29,L11>=DATOS!$B$30),"CUMPLE","NO CUMPLE") | N11: =IF(A11>DATOS!$B$20,"cubierto - tramo final",IF(AND(A11>=DATOS!$B$23,A11<DATOS!$B$24),"cubierto - camiones","cubierto")) | P11: =D11*1.001 | Q11: 2 | R11: =IF((((P11+Q11)/2)+(C11/(DATOS!$B$14*((P11+Q11)/2)))^2/(2*9.81)+B11-(E10+(C10/(DATOS!$B$14*E10))^2/(2*9.81)+B10+0.5*(((DATOS!$B$27*C10/(DATOS!$B$14*E10))^2/((DATOS!$B$14*E10)/(DATOS!$B$14+2*E10))^(4/3))+((DATOS!$B$27*C11/(DATOS!$B$14*((P11+Q11)/2)))^2/((DATOS!$B$14*((P11+Q11)/2))/(DATOS!$B$14+2*((P11+Q11)/2)))^(4/3)))*(A10-A11)))<0,((P11+Q11)/2),P11) | S11: =IF((((P11+Q11)/2)+(C11/(DATOS!$B$14*((P11+Q11)/2)))^2/(2*9.81)+B11-(E10+(C10/(DATOS!$B$14*E10))^2/(2*9.81)+B10+0.5*(((DATOS!$B$27*C10/(DATOS!$B$14*E10))^2/((DATOS!$B$14*E10)/(DATOS!$B$14+2*E10))^(4/3))+((DATOS!$B$27*C11/(DATOS!$B$14*((P11+Q11)/2)))^2/((DATOS!$B$14*((P11+Q11)/2))/(DATOS!$B$14+2*((P11+Q11)/2)))^(4/3)))*(A10-A11)))<0,Q11,((P11+Q11)/2)) | T11: =IF((((R11+S11)/2)+(C11/(DATOS!$B$14*((R11+S11)/2)))^2/(2*9.81)+B11-(E10+(C10/(DATOS!$B$14*E10))^2/(2*9.81)+B10+0.5*(((DATOS!$B$27*C10/(DATOS!$B$14*E10))^2/((DATOS!$B$14*E10)/(DATOS!$B$14+2*E10))^(4/3))+((DATOS!$B$27*C11/(DATOS!$B$14*((R11+S11)/2)))^2/((DATOS!$B$14*((R11+S11)/2))/(DATOS!$B$14+2*((R11+S11)/2)))^(4/3)))*(A10-A11)))<0,((R11+S11)/2),R11) | U11: =IF((((R11+S11)/2)+(C11/(DATOS!$B$14*((R11+S11)/2)))^2/(2*9.81)+B11-(E10+(C10/(DATOS!$B$14*E10))^2/(2*9.81)+B10+0.5*(((DATOS!$B$27*C10/(DATOS!$B$14*E10))^2/((DATOS!$B$14*E10)/(DATOS!$B$14+2*E10))^(4/3))+((DATOS!$B$27*C11/(DATOS!$B$14*((R11+S11)/2)))^2/((DATOS!$B$14*((R11+S11)/2))/(DATOS!$B$14+2*((R11+S11)/2)))^(4/3)))*(A10-A11)))<0,S11,((R11+S11)/2)) | V11: =IF((((T11+U11)/2)+(C11/(DATOS!$B$14*((T11+U11)/2)))^2/(2*9.81)+B11-(E10+(C10/(DATOS!$B$14*E10))^2/(2*9.81)+B10+0.5*(((DATOS!$B$27*C10/(DATOS!$B$14*E10))^2/((DATOS!$B$14*E10)/(DATOS!$B$14+2*E10))^(4/3))+((DATOS!$B$27*C11/(DATOS!$B$14*((T11+U11)/2)))^2/((DATOS!$B$14*((T11+U11)/2))/(DATOS!$B$14+2*((T11+U11)/2)))^(4/3)))*(A10-A11)))<0,((T11+U11)/2),T11) | W11: =IF((((T11+U11)/2)+(C11/(DATOS!$B$14*((T11+U11)/2)))^2/(2*9.81)+B11-(E10+(C10/(DATOS!$B$14*E10))^2/(2*9.81)+B10+0.5*(((DATOS!$B$27*C10/(DATOS!$B$14*E10))^2/((DATOS!$B$14*E10)/(DATOS!$B$14+2*E10))^(4/3))+((DATOS!$B$27*C11/(DATOS!$B$14*((T11+U11)/2)))^2/((DATOS!$B$14*((T11+U11)/2))/(DATOS!$B$14+2*((T11+U11)/2)))^(4/3)))*(A10-A11)))<0,U11,((T11+U11)/2)) | X11: =IF((((V11+W11)/2)+(C11/(DATOS!$B$14*((V11+W11)/2)))^2/(2*9.81)+B11-(E10+(C10/(DATOS!$B$14*E10))^2/(2*9.81)+B10+0.5*(((DATOS!$B$27*C10/(DATOS!$B$14*E10))^2/((DATOS!$B$14*E10)/(DATOS!$B$14+2*E10))^(4/3))+((DATOS!$B$27*C11/(DATOS!$B$14*((V11+W11)/2)))^2/((DATOS!$B$14*((V11+W11)/2))/(DATOS!$B$14+2*((V11+W11)/2)))^(4/3)))*(A10-A11)))<0,((V11+W11)/2),V11) | Y11: =IF((((V11+W11)/2)+(C11/(DATOS!$B$14*((V11+W11)/2)))^2/(2*9.81)+B11-(E10+(C10/(DATOS!$B$14*E10))^2/(2*9.81)+B10+0.5*(((DATOS!$B$27*C10/(DATOS!$B$14*E10))^2/((DATOS!$B$14*E10)/(DATOS!$B$14+2*E10))^(4/3))+((DATOS!$B$27*C11/(DATOS!$B$14*((V11+W11)/2)))^2/((DATOS!$B$14*((V11+W11)/2))/(DATOS!$B$14+2*((V11+W11)/2)))^(4/3)))*(A10-A11)))<0,W11,((V11+W11)/2)) | Z11: =IF((((X11+Y11)/2)+(C11/(DATOS!$B$14*((X11+Y11)/2)))^2/(2*9.81)+B11-(E10+(C10/(DATOS!$B$14*E10))^2/(2*9.81)+B10+0.5*(((DATOS!$B$27*C10/(DATOS!$B$14*E10))^2/((DATOS!$B$14*E10)/(DATOS!$B$14+2*E10))^(4/3))+((DATOS!$B$27*C11/(DATOS!$B$14*((X11+Y11)/2)))^2/((DATOS!$B$14*((X11+Y11)/2))/(DATOS!$B$14+2*((X11+Y11)/2)))^(4/3)))*(A10-A11)))<0,((X11+Y11)/2),X11) | AA11: =IF((((X11+Y11)/2)+(C11/(DATOS!$B$14*((X11+Y11)/2)))^2/(2*9.81)+B11-(E10+(C10/(DATOS!$B$14*E10))^2/(2*9.81)+B10+0.5*(((DATOS!$B$27*C10/(DATOS!$B$14*E10))^2/((DATOS!$B$14*E10)/(DATOS!$B$14+2*E10))^(4/3))+((DATOS!$B$27*C11/(DATOS!$B$14*((X11+Y11)/2)))^2/((DATOS!$B$14*((X11+Y11)/2))/(DATOS!$B$14+2*((X11+Y11)/2)))^(4/3)))*(A10-A11)))<0,Y11,((X11+Y11)/2)) | AB11: =IF((((Z11+AA11)/2)+(C11/(DATOS!$B$14*((Z11+AA11)/2)))^2/(2*9.81)+B11-(E10+(C10/(DATOS!$B$14*E10))^2/(2*9.81)+B10+0.5*(((DATOS!$B$27*C10/(DATOS!$B$14*E10))^2/((DATOS!$B$14*E10)/(DATOS!$B$14+2*E10))^(4/3))+((DATOS!$B$27*C11/(DATOS!$B$14*((Z11+AA11)/2)))^2/((DATOS!$B$14*((Z11+AA11)/2))/(DATOS!$B$14+2*((Z11+AA11)/2)))^(4/3)))*(A10-A11)))<0,((Z11+AA11)/2),Z11) | AC11: =IF((((Z11+AA11)/2)+(C11/(DATOS!$B$14*((Z11+AA11)/2)))^2/(2*9.81)+B11-(E10+(C10/(DATOS!$B$14*E10))^2/(2*9.81)+B10+0.5*(((DATOS!$B$27*C10/(DATOS!$B$14*E10))^2/((DATOS!$B$14*E10)/(DATOS!$B$14+2*E10))^(4/3))+((DATOS!$B$27*C11/(DATOS!$B$14*((Z11+AA11)/2)))^2/((DATOS!$B$14*((Z11+AA11)/2))/(DATOS!$B$14+2*((Z11+AA11)/2)))^(4/3)))*(A10-A11)))<0,AA11,((Z11+AA11)/2)) | AD11: =IF((((AB11+AC11)/2)+(C11/(DATOS!$B$14*((AB11+AC11)/2)))^2/(2*9.81)+B11-(E10+(C10/(DATOS!$B$14*E10))^2/(2*9.81)+B10+0.5*(((DATOS!$B$27*C10/(DATOS!$B$14*E10))^2/((DATOS!$B$14*E10)/(DATOS!$B$14+2*E10))^(4/3))+((DATOS!$B$27*C11/(DATOS!$B$14*((AB11+AC11)/2)))^2/((DATOS!$B$14*((AB11+AC11)/2))/(DATOS!$B$14+2*((AB11+AC11)/2)))^(4/3)))*(A10-A11)))<0,((AB11+AC11)/2),AB11) | AE11: =IF((((AB11+AC11)/2)+(C11/(DATOS!$B$14*((AB11+AC11)/2)))^2/(2*9.81)+B11-(E10+(C10/(DATOS!$B$14*E10))^2/(2*9.81)+B10+0.5*(((DATOS!$B$27*C10/(DATOS!$B$14*E10))^2/((DATOS!$B$14*E10)/(DATOS!$B$14+2*E10))^(4/3))+((DATOS!$B$27*C11/(DATOS!$B$14*((AB11+AC11)/2)))^2/((DATOS!$B$14*((AB11+AC11)/2))/(DATOS!$B$14+2*((AB11+AC11)/2)))^(4/3)))*(A10-A11)))<0,AC11,((AB11+AC11)/2)) | AF11: =IF((((AD11+AE11)/2)+(C11/(DATOS!$B$14*((AD11+AE11)/2)))^2/(2*9.81)+B11-(E10+(C10/(DATOS!$B$14*E10))^2/(2*9.81)+B10+0.5*(((DATOS!$B$27*C10/(DATOS!$B$14*E10))^2/((DATOS!$B$14*E10)/(DATOS!$B$14+2*E10))^(4/3))+((DATOS!$B$27*C11/(DATOS!$B$14*((AD11+AE11)/2)))^2/((DATOS!$B$14*((AD11+AE11)/2))/(DATOS!$B$14+2*((AD11+AE11)/2)))^(4/3)))*(A10-A11)))<0,((AD11+AE11)/2),AD11) | AG11: =IF((((AD11+AE11)/2)+(C11/(DATOS!$B$14*((AD11+AE11)/2)))^2/(2*9.81)+B11-(E10+(C10/(DATOS!$B$14*E10))^2/(2*9.81)+B10+0.5*(((DATOS!$B$27*C10/(DATOS!$B$14*E10))^2/((DATOS!$B$14*E10)/(DATOS!$B$14+2*E10))^(4/3))+((DATOS!$B$27*C11/(DATOS!$B$14*((AD11+AE11)/2)))^2/((DATOS!$B$14*((AD11+AE11)/2))/(DATOS!$B$14+2*((AD11+AE11)/2)))^(4/3)))*(A10-A11)))<0,AE11,((AD11+AE11)/2)) | AH11: =IF((((AF11+AG11)/2)+(C11/(DATOS!$B$14*((AF11+AG11)/2)))^2/(2*9.81)+B11-(E10+(C10/(DATOS!$B$14*E10))^2/(2*9.81)+B10+0.5*(((DATOS!$B$27*C10/(DATOS!$B$14*E10))^2/((DATOS!$B$14*E10)/(DATOS!$B$14+2*E10))^(4/3))+((DATOS!$B$27*C11/(DATOS!$B$14*((AF11+AG11)/2)))^2/((DATOS!$B$14*((AF11+AG11)/2))/(DATOS!$B$14+2*((AF11+AG11)/2)))^(4/3)))*(A10-A11)))<0,((AF11+AG11)/2),AF11) | AI11: =IF((((AF11+AG11)/2)+(C11/(DATOS!$B$14*((AF11+AG11)/2)))^2/(2*9.81)+B11-(E10+(C10/(DATOS!$B$14*E10))^2/(2*9.81)+B10+0.5*(((DATOS!$B$27*C10/(DATOS!$B$14*E10))^2/((DATOS!$B$14*E10)/(DATOS!$B$14+2*E10))^(4/3))+((DATOS!$B$27*C11/(DATOS!$B$14*((AF11+AG11)/2)))^2/((DATOS!$B$14*((AF11+AG11)/2))/(DATOS!$B$14+2*((AF11+AG11)/2)))^(4/3)))*(A10-A11)))<0,AG11,((AF11+AG11)/2)) | AJ11: =IF((((AH11+AI11)/2)+(C11/(DATOS!$B$14*((AH11+AI11)/2)))^2/(2*9.81)+B11-(E10+(C10/(DATOS!$B$14*E10))^2/(2*9.81)+B10+0.5*(((DATOS!$B$27*C10/(DATOS!$B$14*E10))^2/((DATOS!$B$14*E10)/(DATOS!$B$14+2*E10))^(4/3))+((DATOS!$B$27*C11/(DATOS!$B$14*((AH11+AI11)/2)))^2/((DATOS!$B$14*((AH11+AI11)/2))/(DATOS!$B$14+2*((AH11+AI11)/2)))^(4/3)))*(A10-A11)))<0,((AH11+AI11)/2),AH11) | AK11: =IF((((AH11+AI11)/2)+(C11/(DATOS!$B$14*((AH11+AI11)/2)))^2/(2*9.81)+B11-(E10+(C10/(DATOS!$B$14*E10))^2/(2*9.81)+B10+0.5*(((DATOS!$B$27*C10/(DATOS!$B$14*E10))^2/((DATOS!$B$14*E10)/(DATOS!$B$14+2*E10))^(4/3))+((DATOS!$B$27*C11/(DATOS!$B$14*((AH11+AI11)/2)))^2/((DATOS!$B$14*((AH11+AI11)/2))/(DATOS!$B$14+2*((AH11+AI11)/2)))^(4/3)))*(A10-A11)))<0,AI11,((AH11+AI11)/2)) | AL11: =IF((((AJ11+AK11)/2)+(C11/(DATOS!$B$14*((AJ11+AK11)/2)))^2/(2*9.81)+B11-(E10+(C10/(DATOS!$B$14*E10))^2/(2*9.81)+B10+0.5*(((DATOS!$B$27*C10/(DATOS!$B$14*E10))^2/((DATOS!$B$14*E10)/(DATOS!$B$14+2*E10))^(4/3))+((DATOS!$B$27*C11/(DATOS!$B$14*((AJ11+AK11)/2)))^2/((DATOS!$B$14*((AJ11+AK11)/2))/(DATOS!$B$14+2*((AJ11+AK11)/2)))^(4/3)))*(A10-A11)))<0,((AJ11+AK11)/2),AJ11) | AM11: =IF((((AJ11+AK11)/2)+(C11/(DATOS!$B$14*((AJ11+AK11)/2)))^2/(2*9.81)+B11-(E10+(C10/(DATOS!$B$14*E10))^2/(2*9.81)+B10+0.5*(((DATOS!$B$27*C10/(DATOS!$B$14*E10))^2/((DATOS!$B$14*E10)/(DATOS!$B$14+2*E10))^(4/3))+((DATOS!$B$27*C11/(DATOS!$B$14*((AJ11+AK11)/2)))^2/((DATOS!$B$14*((AJ11+AK11)/2))/(DATOS!$B$14+2*((AJ11+AK11)/2)))^(4/3)))*(A10-A11)))<0,AK11,((AJ11+AK11)/2)) | AN11: =IF((((AL11+AM11)/2)+(C11/(DATOS!$B$14*((AL11+AM11)/2)))^2/(2*9.81)+B11-(E10+(C10/(DATOS!$B$14*E10))^2/(2*9.81)+B10+0.5*(((DATOS!$B$27*C10/(DATOS!$B$14*E10))^2/((DATOS!$B$14*E10)/(DATOS!$B$14+2*E10))^(4/3))+((DATOS!$B$27*C11/(DATOS!$B$14*((AL11+AM11)/2)))^2/((DATOS!$B$14*((AL11+AM11)/2))/(DATOS!$B$14+2*((AL11+AM11)/2)))^(4/3)))*(A10-A11)))<0,((AL11+AM11)/2),AL11) | AO11: =IF((((AL11+AM11)/2)+(C11/(DATOS!$B$14*((AL11+AM11)/2)))^2/(2*9.81)+B11-(E10+(C10/(DATOS!$B$14*E10))^2/(2*9.81)+B10+0.5*(((DATOS!$B$27*C10/(DATOS!$B$14*E10))^2/((DATOS!$B$14*E10)/(DATOS!$B$14+2*E10))^(4/3))+((DATOS!$B$27*C11/(DATOS!$B$14*((AL11+AM11)/2)))^2/((DATOS!$B$14*((AL11+AM11)/2))/(DATOS!$B$14+2*((AL11+AM11)/2)))^(4/3)))*(A10-A11)))<0,AM11,((AL11+AM11)/2)) | AP11: =IF((((AN11+AO11)/2)+(C11/(DATOS!$B$14*((AN11+AO11)/2)))^2/(2*9.81)+B11-(E10+(C10/(DATOS!$B$14*E10))^2/(2*9.81)+B10+0.5*(((DATOS!$B$27*C10/(DATOS!$B$14*E10))^2/((DATOS!$B$14*E10)/(DATOS!$B$14+2*E10))^(4/3))+((DATOS!$B$27*C11/(DATOS!$B$14*((AN11+AO11)/2)))^2/((DATOS!$B$14*((AN11+AO11)/2))/(DATOS!$B$14+2*((AN11+AO11)/2)))^(4/3)))*(A10-A11)))<0,((AN11+AO11)/2),AN11) | AQ11: =IF((((AN11+AO11)/2)+(C11/(DATOS!$B$14*((AN11+AO11)/2)))^2/(2*9.81)+B11-(E10+(C10/(DATOS!$B$14*E10))^2/(2*9.81)+B10+0.5*(((DATOS!$B$27*C10/(DATOS!$B$14*E10))^2/((DATOS!$B$14*E10)/(DATOS!$B$14+2*E10))^(4/3))+((DATOS!$B$27*C11/(DATOS!$B$14*((AN11+AO11)/2)))^2/((DATOS!$B$14*((AN11+AO11)/2))/(DATOS!$B$14+2*((AN11+AO11)/2)))^(4/3)))*(A10-A11)))<0,AO11,((AN11+AO11)/2)) | AR11: =IF((((AP11+AQ11)/2)+(C11/(DATOS!$B$14*((AP11+AQ11)/2)))^2/(2*9.81)+B11-(E10+(C10/(DATOS!$B$14*E10))^2/(2*9.81)+B10+0.5*(((DATOS!$B$27*C10/(DATOS!$B$14*E10))^2/((DATOS!$B$14*E10)/(DATOS!$B$14+2*E10))^(4/3))+((DATOS!$B$27*C11/(DATOS!$B$14*((AP11+AQ11)/2)))^2/((DATOS!$B$14*((AP11+AQ11)/2))/(DATOS!$B$14+2*((AP11+AQ11)/2)))^(4/3)))*(A10-A11)))<0,((AP11+AQ11)/2),AP11) | AS11: =IF((((AP11+AQ11)/2)+(C11/(DATOS!$B$14*((AP11+AQ11)/2)))^2/(2*9.81)+B11-(E10+(C10/(DATOS!$B$14*E10))^2/(2*9.81)+B10+0.5*(((DATOS!$B$27*C10/(DATOS!$B$14*E10))^2/((DATOS!$B$14*E10)/(DATOS!$B$14+2*E10))^(4/3))+((DATOS!$B$27*C11/(DATOS!$B$14*((AP11+AQ11)/2)))^2/((DATOS!$B$14*((AP11+AQ11)/2))/(DATOS!$B$14+2*((AP11+AQ11)/2)))^(4/3)))*(A10-A11)))<0,AQ11,((AP11+AQ11)/2)) | AT11: =IF((((AR11+AS11)/2)+(C11/(DATOS!$B$14*((AR11+AS11)/2)))^2/(2*9.81)+B11-(E10+(C10/(DATOS!$B$14*E10))^2/(2*9.81)+B10+0.5*(((DATOS!$B$27*C10/(DATOS!$B$14*E10))^2/((DATOS!$B$14*E10)/(DATOS!$B$14+2*E10))^(4/3))+((DATOS!$B$27*C11/(DATOS!$B$14*((AR11+AS11)/2)))^2/((DATOS!$B$14*((AR11+AS11)/2))/(DATOS!$B$14+2*((AR11+AS11)/2)))^(4/3)))*(A10-A11)))<0,((AR11+AS11)/2),AR11) | AU11: =IF((((AR11+AS11)/2)+(C11/(DATOS!$B$14*((AR11+AS11)/2)))^2/(2*9.81)+B11-(E10+(C10/(DATOS!$B$14*E10))^2/(2*9.81)+B10+0.5*(((DATOS!$B$27*C10/(DATOS!$B$14*E10))^2/((DATOS!$B$14*E10)/(DATOS!$B$14+2*E10))^(4/3))+((DATOS!$B$27*C11/(DATOS!$B$14*((AR11+AS11)/2)))^2/((DATOS!$B$14*((AR11+AS11)/2))/(DATOS!$B$14+2*((AR11+AS11)/2)))^(4/3)))*(A10-A11)))<0,AS11,((AR11+AS11)/2)) | AV11: =IF((((AT11+AU11)/2)+(C11/(DATOS!$B$14*((AT11+AU11)/2)))^2/(2*9.81)+B11-(E10+(C10/(DATOS!$B$14*E10))^2/(2*9.81)+B10+0.5*(((DATOS!$B$27*C10/(DATOS!$B$14*E10))^2/((DATOS!$B$14*E10)/(DATOS!$B$14+2*E10))^(4/3))+((DATOS!$B$27*C11/(DATOS!$B$14*((AT11+AU11)/2)))^2/((DATOS!$B$14*((AT11+AU11)/2))/(DATOS!$B$14+2*((AT11+AU11)/2)))^(4/3)))*(A10-A11)))<0,((AT11+AU11)/2),AT11) | AW11: =IF((((AT11+AU11)/2)+(C11/(DATOS!$B$14*((AT11+AU11)/2)))^2/(2*9.81)+B11-(E10+(C10/(DATOS!$B$14*E10))^2/(2*9.81)+B10+0.5*(((DATOS!$B$27*C10/(DATOS!$B$14*E10))^2/((DATOS!$B$14*E10)/(DATOS!$B$14+2*E10))^(4/3))+((DATOS!$B$27*C11/(DATOS!$B$14*((AT11+AU11)/2)))^2/((DATOS!$B$14*((AT11+AU11)/2))/(DATOS!$B$14+2*((AT11+AU11)/2)))^(4/3)))*(A10-A11)))<0,AU11,((AT11+AU11)/2)) | AX11: =IF((((AV11+AW11)/2)+(C11/(DATOS!$B$14*((AV11+AW11)/2)))^2/(2*9.81)+B11-(E10+(C10/(DATOS!$B$14*E10))^2/(2*9.81)+B10+0.5*(((DATOS!$B$27*C10/(DATOS!$B$14*E10))^2/((DATOS!$B$14*E10)/(DATOS!$B$14+2*E10))^(4/3))+((DATOS!$B$27*C11/(DATOS!$B$14*((AV11+AW11)/2)))^2/((DATOS!$B$14*((AV11+AW11)/2))/(DATOS!$B$14+2*((AV11+AW11)/2)))^(4/3)))*(A10-A11)))<0,((AV11+AW11)/2),AV11) | AY11: =IF((((AV11+AW11)/2)+(C11/(DATOS!$B$14*((AV11+AW11)/2)))^2/(2*9.81)+B11-(E10+(C10/(DATOS!$B$14*E10))^2/(2*9.81)+B10+0.5*(((DATOS!$B$27*C10/(DATOS!$B$14*E10))^2/((DATOS!$B$14*E10)/(DATOS!$B$14+2*E10))^(4/3))+((DATOS!$B$27*C11/(DATOS!$B$14*((AV11+AW11)/2)))^2/((DATOS!$B$14*((AV11+AW11)/2))/(DATOS!$B$14+2*((AV11+AW11)/2)))^(4/3)))*(A10-A11)))<0,AW11,((AV11+AW11)/2)) | AZ11: =IF((((AX11+AY11)/2)+(C11/(DATOS!$B$14*((AX11+AY11)/2)))^2/(2*9.81)+B11-(E10+(C10/(DATOS!$B$14*E10))^2/(2*9.81)+B10+0.5*(((DATOS!$B$27*C10/(DATOS!$B$14*E10))^2/((DATOS!$B$14*E10)/(DATOS!$B$14+2*E10))^(4/3))+((DATOS!$B$27*C11/(DATOS!$B$14*((AX11+AY11)/2)))^2/((DATOS!$B$14*((AX11+AY11)/2))/(DATOS!$B$14+2*((AX11+AY11)/2)))^(4/3)))*(A10-A11)))<0,((AX11+AY11)/2),AX11) | BA11: =IF((((AX11+AY11)/2)+(C11/(DATOS!$B$14*((AX11+AY11)/2)))^2/(2*9.81)+B11-(E10+(C10/(DATOS!$B$14*E10))^2/(2*9.81)+B10+0.5*(((DATOS!$B$27*C10/(DATOS!$B$14*E10))^2/((DATOS!$B$14*E10)/(DATOS!$B$14+2*E10))^(4/3))+((DATOS!$B$27*C11/(DATOS!$B$14*((AX11+AY11)/2)))^2/((DATOS!$B$14*((AX11+AY11)/2))/(DATOS!$B$14+2*((AX11+AY11)/2)))^(4/3)))*(A10-A11)))<0,AY11,((AX11+AY11)/2)) | BB11: =IF((((AZ11+BA11)/2)+(C11/(DATOS!$B$14*((AZ11+BA11)/2)))^2/(2*9.81)+B11-(E10+(C10/(DATOS!$B$14*E10))^2/(2*9.81)+B10+0.5*(((DATOS!$B$27*C10/(DATOS!$B$14*E10))^2/((DATOS!$B$14*E10)/(DATOS!$B$14+2*E10))^(4/3))+((DATOS!$B$27*C11/(DATOS!$B$14*((AZ11+BA11)/2)))^2/((DATOS!$B$14*((AZ11+BA11)/2))/(DATOS!$B$14+2*((AZ11+BA11)/2)))^(4/3)))*(A10-A11)))<0,((AZ11+BA11)/2),AZ11) | BC11: =IF((((AZ11+BA11)/2)+(C11/(DATOS!$B$14*((AZ11+BA11)/2)))^2/(2*9.81)+B11-(E10+(C10/(DATOS!$B$14*E10))^2/(2*9.81)+B10+0.5*(((DATOS!$B$27*C10/(DATOS!$B$14*E10))^2/((DATOS!$B$14*E10)/(DATOS!$B$14+2*E10))^(4/3))+((DATOS!$B$27*C11/(DATOS!$B$14*((AZ11+BA11)/2)))^2/((DATOS!$B$14*((AZ11+BA11)/2))/(DATOS!$B$14+2*((AZ11+BA11)/2)))^(4/3)))*(A10-A11)))<0,BA11,((AZ11+BA11)/2)) | BD11: =IF((((BB11+BC11)/2)+(C11/(DATOS!$B$14*((BB11+BC11)/2)))^2/(2*9.81)+B11-(E10+(C10/(DATOS!$B$14*E10))^2/(2*9.81)+B10+0.5*(((DATOS!$B$27*C10/(DATOS!$B$14*E10))^2/((DATOS!$B$14*E10)/(DATOS!$B$14+2*E10))^(4/3))+((DATOS!$B$27*C11/(DATOS!$B$14*((BB11+BC11)/2)))^2/((DATOS!$B$14*((BB11+BC11)/2))/(DATOS!$B$14+2*((BB11+BC11)/2)))^(4/3)))*(A10-A11)))<0,((BB11+BC11)/2),BB11) | BE11: =IF((((BB11+BC11)/2)+(C11/(DATOS!$B$14*((BB11+BC11)/2)))^2/(2*9.81)+B11-(E10+(C10/(DATOS!$B$14*E10))^2/(2*9.81)+B10+0.5*(((DATOS!$B$27*C10/(DATOS!$B$14*E10))^2/((DATOS!$B$14*E10)/(DATOS!$B$14+2*E10))^(4/3))+((DATOS!$B$27*C11/(DATOS!$B$14*((BB11+BC11)/2)))^2/((DATOS!$B$14*((BB11+BC11)/2))/(DATOS!$B$14+2*((BB11+BC11)/2)))^(4/3)))*(A10-A11)))<0,BC11,((BB11+BC11)/2)) | BF11: =IF((((BD11+BE11)/2)+(C11/(DATOS!$B$14*((BD11+BE11)/2)))^2/(2*9.81)+B11-(E10+(C10/(DATOS!$B$14*E10))^2/(2*9.81)+B10+0.5*(((DATOS!$B$27*C10/(DATOS!$B$14*E10))^2/((DATOS!$B$14*E10)/(DATOS!$B$14+2*E10))^(4/3))+((DATOS!$B$27*C11/(DATOS!$B$14*((BD11+BE11)/2)))^2/((DATOS!$B$14*((BD11+BE11)/2))/(DATOS!$B$14+2*((BD11+BE11)/2)))^(4/3)))*(A10-A11)))<0,((BD11+BE11)/2),BD11) | BG11: =IF((((BD11+BE11)/2)+(C11/(DATOS!$B$14*((BD11+BE11)/2)))^2/(2*9.81)+B11-(E10+(C10/(DATOS!$B$14*E10))^2/(2*9.81)+B10+0.5*(((DATOS!$B$27*C10/(DATOS!$B$14*E10))^2/((DATOS!$B$14*E10)/(DATOS!$B$14+2*E10))^(4/3))+((DATOS!$B$27*C11/(DATOS!$B$14*((BD11+BE11)/2)))^2/((DATOS!$B$14*((BD11+BE11)/2))/(DATOS!$B$14+2*((BD11+BE11)/2)))^(4/3)))*(A10-A11)))<0,BE11,((BD11+BE11)/2)) | BH11: =IF((((BF11+BG11)/2)+(C11/(DATOS!$B$14*((BF11+BG11)/2)))^2/(2*9.81)+B11-(E10+(C10/(DATOS!$B$14*E10))^2/(2*9.81)+B10+0.5*(((DATOS!$B$27*C10/(DATOS!$B$14*E10))^2/((DATOS!$B$14*E10)/(DATOS!$B$14+2*E10))^(4/3))+((DATOS!$B$27*C11/(DATOS!$B$14*((BF11+BG11)/2)))^2/((DATOS!$B$14*((BF11+BG11)/2))/(DATOS!$B$14+2*((BF11+BG11)/2)))^(4/3)))*(A10-A11)))<0,((BF11+BG11)/2),BF11) | BI11: =IF((((BF11+BG11)/2)+(C11/(DATOS!$B$14*((BF11+BG11)/2)))^2/(2*9.81)+B11-(E10+(C10/(DATOS!$B$14*E10))^2/(2*9.81)+B10+0.5*(((DATOS!$B$27*C10/(DATOS!$B$14*E10))^2/((DATOS!$B$14*E10)/(DATOS!$B$14+2*E10))^(4/3))+((DATOS!$B$27*C11/(DATOS!$B$14*((BF11+BG11)/2)))^2/((DATOS!$B$14*((BF11+BG11)/2))/(DATOS!$B$14+2*((BF11+BG11)/2)))^(4/3)))*(A10-A11)))<0,BG11,((BF11+BG11)/2)) | BJ11: =IF((((BH11+BI11)/2)+(C11/(DATOS!$B$14*((BH11+BI11)/2)))^2/(2*9.81)+B11-(E10+(C10/(DATOS!$B$14*E10))^2/(2*9.81)+B10+0.5*(((DATOS!$B$27*C10/(DATOS!$B$14*E10))^2/((DATOS!$B$14*E10)/(DATOS!$B$14+2*E10))^(4/3))+((DATOS!$B$27*C11/(DATOS!$B$14*((BH11+BI11)/2)))^2/((DATOS!$B$14*((BH11+BI11)/2))/(DATOS!$B$14+2*((BH11+BI11)/2)))^(4/3)))*(A10-A11)))<0,((BH11+BI11)/2),BH11) | BK11: =IF((((BH11+BI11)/2)+(C11/(DATOS!$B$14*((BH11+BI11)/2)))^2/(2*9.81)+B11-(E10+(C10/(DATOS!$B$14*E10))^2/(2*9.81)+B10+0.5*(((DATOS!$B$27*C10/(DATOS!$B$14*E10))^2/((DATOS!$B$14*E10)/(DATOS!$B$14+2*E10))^(4/3))+((DATOS!$B$27*C11/(DATOS!$B$14*((BH11+BI11)/2)))^2/((DATOS!$B$14*((BH11+BI11)/2))/(DATOS!$B$14+2*((BH11+BI11)/2)))^(4/3)))*(A10-A11)))<0,BI11,((BH11+BI11)/2)) | BL11: =IF((((BJ11+BK11)/2)+(C11/(DATOS!$B$14*((BJ11+BK11)/2)))^2/(2*9.81)+B11-(E10+(C10/(DATOS!$B$14*E10))^2/(2*9.81)+B10+0.5*(((DATOS!$B$27*C10/(DATOS!$B$14*E10))^2/((DATOS!$B$14*E10)/(DATOS!$B$14+2*E10))^(4/3))+((DATOS!$B$27*C11/(DATOS!$B$14*((BJ11+BK11)/2)))^2/((DATOS!$B$14*((BJ11+BK11)/2))/(DATOS!$B$14+2*((BJ11+BK11)/2)))^(4/3)))*(A10-A11)))<0,((BJ11+BK11)/2),BJ11) | BM11: =IF((((BJ11+BK11)/2)+(C11/(DATOS!$B$14*((BJ11+BK11)/2)))^2/(2*9.81)+B11-(E10+(C10/(DATOS!$B$14*E10))^2/(2*9.81)+B10+0.5*(((DATOS!$B$27*C10/(DATOS!$B$14*E10))^2/((DATOS!$B$14*E10)/(DATOS!$B$14+2*E10))^(4/3))+((DATOS!$B$27*C11/(DATOS!$B$14*((BJ11+BK11)/2)))^2/((DATOS!$B$14*((BJ11+BK11)/2))/(DATOS!$B$14+2*((BJ11+BK11)/2)))^(4/3)))*(A10-A11)))<0,BK11,((BJ11+BK11)/2)) | BN11: =IF((((BL11+BM11)/2)+(C11/(DATOS!$B$14*((BL11+BM11)/2)))^2/(2*9.81)+B11-(E10+(C10/(DATOS!$B$14*E10))^2/(2*9.81)+B10+0.5*(((DATOS!$B$27*C10/(DATOS!$B$14*E10))^2/((DATOS!$B$14*E10)/(DATOS!$B$14+2*E10))^(4/3))+((DATOS!$B$27*C11/(DATOS!$B$14*((BL11+BM11)/2)))^2/((DATOS!$B$14*((BL11+BM11)/2))/(DATOS!$B$14+2*((BL11+BM11)/2)))^(4/3)))*(A10-A11)))<0,((BL11+BM11)/2),BL11) | BO11: =IF((((BL11+BM11)/2)+(C11/(DATOS!$B$14*((BL11+BM11)/2)))^2/(2*9.81)+B11-(E10+(C10/(DATOS!$B$14*E10))^2/(2*9.81)+B10+0.5*(((DATOS!$B$27*C10/(DATOS!$B$14*E10))^2/((DATOS!$B$14*E10)/(DATOS!$B$14+2*E10))^(4/3))+((DATOS!$B$27*C11/(DATOS!$B$14*((BL11+BM11)/2)))^2/((DATOS!$B$14*((BL11+BM11)/2))/(DATOS!$B$14+2*((BL11+BM11)/2)))^(4/3)))*(A10-A11)))<0,BM11,((BL11+BM11)/2)) | BP11: =IF((((BN11+BO11)/2)+(C11/(DATOS!$B$14*((BN11+BO11)/2)))^2/(2*9.81)+B11-(E10+(C10/(DATOS!$B$14*E10))^2/(2*9.81)+B10+0.5*(((DATOS!$B$27*C10/(DATOS!$B$14*E10))^2/((DATOS!$B$14*E10)/(DATOS!$B$14+2*E10))^(4/3))+((DATOS!$B$27*C11/(DATOS!$B$14*((BN11+BO11)/2)))^2/((DATOS!$B$14*((BN11+BO11)/2))/(DATOS!$B$14+2*((BN11+BO11)/2)))^(4/3)))*(A10-A11)))<0,((BN11+BO11)/2),BN11) | BQ11: =IF((((BN11+BO11)/2)+(C11/(DATOS!$B$14*((BN11+BO11)/2)))^2/(2*9.81)+B11-(E10+(C10/(DATOS!$B$14*E10))^2/(2*9.81)+B10+0.5*(((DATOS!$B$27*C10/(DATOS!$B$14*E10))^2/((DATOS!$B$14*E10)/(DATOS!$B$14+2*E10))^(4/3))+((DATOS!$B$27*C11/(DATOS!$B$14*((BN11+BO11)/2)))^2/((DATOS!$B$14*((BN11+BO11)/2))/(DATOS!$B$14+2*((BN11+BO11)/2)))^(4/3)))*(A10-A11)))<0,BO11,((BN11+BO11)/2)) | BR11: =IF((((BP11+BQ11)/2)+(C11/(DATOS!$B$14*((BP11+BQ11)/2)))^2/(2*9.81)+B11-(E10+(C10/(DATOS!$B$14*E10))^2/(2*9.81)+B10+0.5*(((DATOS!$B$27*C10/(DATOS!$B$14*E10))^2/((DATOS!$B$14*E10)/(DATOS!$B$14+2*E10))^(4/3))+((DATOS!$B$27*C11/(DATOS!$B$14*((BP11+BQ11)/2)))^2/((DATOS!$B$14*((BP11+BQ11)/2))/(DATOS!$B$14+2*((BP11+BQ11)/2)))^(4/3)))*(A10-A11)))<0,((BP11+BQ11)/2),BP11) | BS11: =IF((((BP11+BQ11)/2)+(C11/(DATOS!$B$14*((BP11+BQ11)/2)))^2/(2*9.81)+B11-(E10+(C10/(DATOS!$B$14*E10))^2/(2*9.81)+B10+0.5*(((DATOS!$B$27*C10/(DATOS!$B$14*E10))^2/((DATOS!$B$14*E10)/(DATOS!$B$14+2*E10))^(4/3))+((DATOS!$B$27*C11/(DATOS!$B$14*((BP11+BQ11)/2)))^2/((DATOS!$B$14*((BP11+BQ11)/2))/(DATOS!$B$14+2*((BP11+BQ11)/2)))^(4/3)))*(A10-A11)))<0,BQ11,((BP11+BQ11)/2)) | BT11: =IF((((BR11+BS11)/2)+(C11/(DATOS!$B$14*((BR11+BS11)/2)))^2/(2*9.81)+B11-(E10+(C10/(DATOS!$B$14*E10))^2/(2*9.81)+B10+0.5*(((DATOS!$B$27*C10/(DATOS!$B$14*E10))^2/((DATOS!$B$14*E10)/(DATOS!$B$14+2*E10))^(4/3))+((DATOS!$B$27*C11/(DATOS!$B$14*((BR11+BS11)/2)))^2/((DATOS!$B$14*((BR11+BS11)/2))/(DATOS!$B$14+2*((BR11+BS11)/2)))^(4/3)))*(A10-A11)))<0,((BR11+BS11)/2),BR11) | BU11: =IF((((BR11+BS11)/2)+(C11/(DATOS!$B$14*((BR11+BS11)/2)))^2/(2*9.81)+B11-(E10+(C10/(DATOS!$B$14*E10))^2/(2*9.81)+B10+0.5*(((DATOS!$B$27*C10/(DATOS!$B$14*E10))^2/((DATOS!$B$14*E10)/(DATOS!$B$14+2*E10))^(4/3))+((DATOS!$B$27*C11/(DATOS!$B$14*((BR11+BS11)/2)))^2/((DATOS!$B$14*((BR11+BS11)/2))/(DATOS!$B$14+2*((BR11+BS11)/2)))^(4/3)))*(A10-A11)))<0,BS11,((BR11+BS11)/2))
A12: 126 | B12: =DATOS!$B$16-DATOS!$B$19*A12 | C12: =IF(A12<CAUDALES!$B$13,CAUDALES!$D$12,IF(A12<CAUDALES!$B$14,CAUDALES!$D$13,IF(A12<CAUDALES!$B$15,CAUDALES!$D$14,CAUDALES!$D$15)))/1000 | D12: =(C12^2/(9.81*DATOS!$B$14^2))^(1/3) | E12: =(BT12+BU12)/2 | F12: =B12+E12 | G12: =C12/(DATOS!$B$14*E12) | H12: =G12/SQRT(9.81*E12) | I12: =IF(A12<=DATOS!$B$20,DATOS!$B$21-IF(AND(A12>=DATOS!$B$23,A12<DATOS!$B$24),DATOS!$B$25,DATOS!$B$22),B12+DATOS!$B$26) | J12: =I12-B12 | K12: =E12/J12 | L12: =I12-F12 | M12: =IF(AND(K12<=DATOS!$B$29,L12>=DATOS!$B$30),"CUMPLE","NO CUMPLE") | N12: =IF(A12>DATOS!$B$20,"cubierto - tramo final",IF(AND(A12>=DATOS!$B$23,A12<DATOS!$B$24),"cubierto - camiones","cubierto")) | P12: =D12*1.001 | Q12: 2 | R12: =IF((((P12+Q12)/2)+(C12/(DATOS!$B$14*((P12+Q12)/2)))^2/(2*9.81)+B12-(E11+(C11/(DATOS!$B$14*E11))^2/(2*9.81)+B11+0.5*(((DATOS!$B$27*C11/(DATOS!$B$14*E11))^2/((DATOS!$B$14*E11)/(DATOS!$B$14+2*E11))^(4/3))+((DATOS!$B$27*C12/(DATOS!$B$14*((P12+Q12)/2)))^2/((DATOS!$B$14*((P12+Q12)/2))/(DATOS!$B$14+2*((P12+Q12)/2)))^(4/3)))*(A11-A12)))<0,((P12+Q12)/2),P12) | S12: =IF((((P12+Q12)/2)+(C12/(DATOS!$B$14*((P12+Q12)/2)))^2/(2*9.81)+B12-(E11+(C11/(DATOS!$B$14*E11))^2/(2*9.81)+B11+0.5*(((DATOS!$B$27*C11/(DATOS!$B$14*E11))^2/((DATOS!$B$14*E11)/(DATOS!$B$14+2*E11))^(4/3))+((DATOS!$B$27*C12/(DATOS!$B$14*((P12+Q12)/2)))^2/((DATOS!$B$14*((P12+Q12)/2))/(DATOS!$B$14+2*((P12+Q12)/2)))^(4/3)))*(A11-A12)))<0,Q12,((P12+Q12)/2)) | T12: =IF((((R12+S12)/2)+(C12/(DATOS!$B$14*((R12+S12)/2)))^2/(2*9.81)+B12-(E11+(C11/(DATOS!$B$14*E11))^2/(2*9.81)+B11+0.5*(((DATOS!$B$27*C11/(DATOS!$B$14*E11))^2/((DATOS!$B$14*E11)/(DATOS!$B$14+2*E11))^(4/3))+((DATOS!$B$27*C12/(DATOS!$B$14*((R12+S12)/2)))^2/((DATOS!$B$14*((R12+S12)/2))/(DATOS!$B$14+2*((R12+S12)/2)))^(4/3)))*(A11-A12)))<0,((R12+S12)/2),R12) | U12: =IF((((R12+S12)/2)+(C12/(DATOS!$B$14*((R12+S12)/2)))^2/(2*9.81)+B12-(E11+(C11/(DATOS!$B$14*E11))^2/(2*9.81)+B11+0.5*(((DATOS!$B$27*C11/(DATOS!$B$14*E11))^2/((DATOS!$B$14*E11)/(DATOS!$B$14+2*E11))^(4/3))+((DATOS!$B$27*C12/(DATOS!$B$14*((R12+S12)/2)))^2/((DATOS!$B$14*((R12+S12)/2))/(DATOS!$B$14+2*((R12+S12)/2)))^(4/3)))*(A11-A12)))<0,S12,((R12+S12)/2)) | V12: =IF((((T12+U12)/2)+(C12/(DATOS!$B$14*((T12+U12)/2)))^2/(2*9.81)+B12-(E11+(C11/(DATOS!$B$14*E11))^2/(2*9.81)+B11+0.5*(((DATOS!$B$27*C11/(DATOS!$B$14*E11))^2/((DATOS!$B$14*E11)/(DATOS!$B$14+2*E11))^(4/3))+((DATOS!$B$27*C12/(DATOS!$B$14*((T12+U12)/2)))^2/((DATOS!$B$14*((T12+U12)/2))/(DATOS!$B$14+2*((T12+U12)/2)))^(4/3)))*(A11-A12)))<0,((T12+U12)/2),T12) | W12: =IF((((T12+U12)/2)+(C12/(DATOS!$B$14*((T12+U12)/2)))^2/(2*9.81)+B12-(E11+(C11/(DATOS!$B$14*E11))^2/(2*9.81)+B11+0.5*(((DATOS!$B$27*C11/(DATOS!$B$14*E11))^2/((DATOS!$B$14*E11)/(DATOS!$B$14+2*E11))^(4/3))+((DATOS!$B$27*C12/(DATOS!$B$14*((T12+U12)/2)))^2/((DATOS!$B$14*((T12+U12)/2))/(DATOS!$B$14+2*((T12+U12)/2)))^(4/3)))*(A11-A12)))<0,U12,((T12+U12)/2)) | X12: =IF((((V12+W12)/2)+(C12/(DATOS!$B$14*((V12+W12)/2)))^2/(2*9.81)+B12-(E11+(C11/(DATOS!$B$14*E11))^2/(2*9.81)+B11+0.5*(((DATOS!$B$27*C11/(DATOS!$B$14*E11))^2/((DATOS!$B$14*E11)/(DATOS!$B$14+2*E11))^(4/3))+((DATOS!$B$27*C12/(DATOS!$B$14*((V12+W12)/2)))^2/((DATOS!$B$14*((V12+W12)/2))/(DATOS!$B$14+2*((V12+W12)/2)))^(4/3)))*(A11-A12)))<0,((V12+W12)/2),V12) | Y12: =IF((((V12+W12)/2)+(C12/(DATOS!$B$14*((V12+W12)/2)))^2/(2*9.81)+B12-(E11+(C11/(DATOS!$B$14*E11))^2/(2*9.81)+B11+0.5*(((DATOS!$B$27*C11/(DATOS!$B$14*E11))^2/((DATOS!$B$14*E11)/(DATOS!$B$14+2*E11))^(4/3))+((DATOS!$B$27*C12/(DATOS!$B$14*((V12+W12)/2)))^2/((DATOS!$B$14*((V12+W12)/2))/(DATOS!$B$14+2*((V12+W12)/2)))^(4/3)))*(A11-A12)))<0,W12,((V12+W12)/2)) | Z12: =IF((((X12+Y12)/2)+(C12/(DATOS!$B$14*((X12+Y12)/2)))^2/(2*9.81)+B12-(E11+(C11/(DATOS!$B$14*E11))^2/(2*9.81)+B11+0.5*(((DATOS!$B$27*C11/(DATOS!$B$14*E11))^2/((DATOS!$B$14*E11)/(DATOS!$B$14+2*E11))^(4/3))+((DATOS!$B$27*C12/(DATOS!$B$14*((X12+Y12)/2)))^2/((DATOS!$B$14*((X12+Y12)/2))/(DATOS!$B$14+2*((X12+Y12)/2)))^(4/3)))*(A11-A12)))<0,((X12+Y12)/2),X12) | AA12: =IF((((X12+Y12)/2)+(C12/(DATOS!$B$14*((X12+Y12)/2)))^2/(2*9.81)+B12-(E11+(C11/(DATOS!$B$14*E11))^2/(2*9.81)+B11+0.5*(((DATOS!$B$27*C11/(DATOS!$B$14*E11))^2/((DATOS!$B$14*E11)/(DATOS!$B$14+2*E11))^(4/3))+((DATOS!$B$27*C12/(DATOS!$B$14*((X12+Y12)/2)))^2/((DATOS!$B$14*((X12+Y12)/2))/(DATOS!$B$14+2*((X12+Y12)/2)))^(4/3)))*(A11-A12)))<0,Y12,((X12+Y12)/2)) | AB12: =IF((((Z12+AA12)/2)+(C12/(DATOS!$B$14*((Z12+AA12)/2)))^2/(2*9.81)+B12-(E11+(C11/(DATOS!$B$14*E11))^2/(2*9.81)+B11+0.5*(((DATOS!$B$27*C11/(DATOS!$B$14*E11))^2/((DATOS!$B$14*E11)/(DATOS!$B$14+2*E11))^(4/3))+((DATOS!$B$27*C12/(DATOS!$B$14*((Z12+AA12)/2)))^2/((DATOS!$B$14*((Z12+AA12)/2))/(DATOS!$B$14+2*((Z12+AA12)/2)))^(4/3)))*(A11-A12)))<0,((Z12+AA12)/2),Z12) | AC12: =IF((((Z12+AA12)/2)+(C12/(DATOS!$B$14*((Z12+AA12)/2)))^2/(2*9.81)+B12-(E11+(C11/(DATOS!$B$14*E11))^2/(2*9.81)+B11+0.5*(((DATOS!$B$27*C11/(DATOS!$B$14*E11))^2/((DATOS!$B$14*E11)/(DATOS!$B$14+2*E11))^(4/3))+((DATOS!$B$27*C12/(DATOS!$B$14*((Z12+AA12)/2)))^2/((DATOS!$B$14*((Z12+AA12)/2))/(DATOS!$B$14+2*((Z12+AA12)/2)))^(4/3)))*(A11-A12)))<0,AA12,((Z12+AA12)/2)) | AD12: =IF((((AB12+AC12)/2)+(C12/(DATOS!$B$14*((AB12+AC12)/2)))^2/(2*9.81)+B12-(E11+(C11/(DATOS!$B$14*E11))^2/(2*9.81)+B11+0.5*(((DATOS!$B$27*C11/(DATOS!$B$14*E11))^2/((DATOS!$B$14*E11)/(DATOS!$B$14+2*E11))^(4/3))+((DATOS!$B$27*C12/(DATOS!$B$14*((AB12+AC12)/2)))^2/((DATOS!$B$14*((AB12+AC12)/2))/(DATOS!$B$14+2*((AB12+AC12)/2)))^(4/3)))*(A11-A12)))<0,((AB12+AC12)/2),AB12) | AE12: =IF((((AB12+AC12)/2)+(C12/(DATOS!$B$14*((AB12+AC12)/2)))^2/(2*9.81)+B12-(E11+(C11/(DATOS!$B$14*E11))^2/(2*9.81)+B11+0.5*(((DATOS!$B$27*C11/(DATOS!$B$14*E11))^2/((DATOS!$B$14*E11)/(DATOS!$B$14+2*E11))^(4/3))+((DATOS!$B$27*C12/(DATOS!$B$14*((AB12+AC12)/2)))^2/((DATOS!$B$14*((AB12+AC12)/2))/(DATOS!$B$14+2*((AB12+AC12)/2)))^(4/3)))*(A11-A12)))<0,AC12,((AB12+AC12)/2)) | AF12: =IF((((AD12+AE12)/2)+(C12/(DATOS!$B$14*((AD12+AE12)/2)))^2/(2*9.81)+B12-(E11+(C11/(DATOS!$B$14*E11))^2/(2*9.81)+B11+0.5*(((DATOS!$B$27*C11/(DATOS!$B$14*E11))^2/((DATOS!$B$14*E11)/(DATOS!$B$14+2*E11))^(4/3))+((DATOS!$B$27*C12/(DATOS!$B$14*((AD12+AE12)/2)))^2/((DATOS!$B$14*((AD12+AE12)/2))/(DATOS!$B$14+2*((AD12+AE12)/2)))^(4/3)))*(A11-A12)))<0,((AD12+AE12)/2),AD12) | AG12: =IF((((AD12+AE12)/2)+(C12/(DATOS!$B$14*((AD12+AE12)/2)))^2/(2*9.81)+B12-(E11+(C11/(DATOS!$B$14*E11))^2/(2*9.81)+B11+0.5*(((DATOS!$B$27*C11/(DATOS!$B$14*E11))^2/((DATOS!$B$14*E11)/(DATOS!$B$14+2*E11))^(4/3))+((DATOS!$B$27*C12/(DATOS!$B$14*((AD12+AE12)/2)))^2/((DATOS!$B$14*((AD12+AE12)/2))/(DATOS!$B$14+2*((AD12+AE12)/2)))^(4/3)))*(A11-A12)))<0,AE12,((AD12+AE12)/2)) | AH12: =IF((((AF12+AG12)/2)+(C12/(DATOS!$B$14*((AF12+AG12)/2)))^2/(2*9.81)+B12-(E11+(C11/(DATOS!$B$14*E11))^2/(2*9.81)+B11+0.5*(((DATOS!$B$27*C11/(DATOS!$B$14*E11))^2/((DATOS!$B$14*E11)/(DATOS!$B$14+2*E11))^(4/3))+((DATOS!$B$27*C12/(DATOS!$B$14*((AF12+AG12)/2)))^2/((DATOS!$B$14*((AF12+AG12)/2))/(DATOS!$B$14+2*((AF12+AG12)/2)))^(4/3)))*(A11-A12)))<0,((AF12+AG12)/2),AF12) | AI12: =IF((((AF12+AG12)/2)+(C12/(DATOS!$B$14*((AF12+AG12)/2)))^2/(2*9.81)+B12-(E11+(C11/(DATOS!$B$14*E11))^2/(2*9.81)+B11+0.5*(((DATOS!$B$27*C11/(DATOS!$B$14*E11))^2/((DATOS!$B$14*E11)/(DATOS!$B$14+2*E11))^(4/3))+((DATOS!$B$27*C12/(DATOS!$B$14*((AF12+AG12)/2)))^2/((DATOS!$B$14*((AF12+AG12)/2))/(DATOS!$B$14+2*((AF12+AG12)/2)))^(4/3)))*(A11-A12)))<0,AG12,((AF12+AG12)/2)) | AJ12: =IF((((AH12+AI12)/2)+(C12/(DATOS!$B$14*((AH12+AI12)/2)))^2/(2*9.81)+B12-(E11+(C11/(DATOS!$B$14*E11))^2/(2*9.81)+B11+0.5*(((DATOS!$B$27*C11/(DATOS!$B$14*E11))^2/((DATOS!$B$14*E11)/(DATOS!$B$14+2*E11))^(4/3))+((DATOS!$B$27*C12/(DATOS!$B$14*((AH12+AI12)/2)))^2/((DATOS!$B$14*((AH12+AI12)/2))/(DATOS!$B$14+2*((AH12+AI12)/2)))^(4/3)))*(A11-A12)))<0,((AH12+AI12)/2),AH12) | AK12: =IF((((AH12+AI12)/2)+(C12/(DATOS!$B$14*((AH12+AI12)/2)))^2/(2*9.81)+B12-(E11+(C11/(DATOS!$B$14*E11))^2/(2*9.81)+B11+0.5*(((DATOS!$B$27*C11/(DATOS!$B$14*E11))^2/((DATOS!$B$14*E11)/(DATOS!$B$14+2*E11))^(4/3))+((DATOS!$B$27*C12/(DATOS!$B$14*((AH12+AI12)/2)))^2/((DATOS!$B$14*((AH12+AI12)/2))/(DATOS!$B$14+2*((AH12+AI12)/2)))^(4/3)))*(A11-A12)))<0,AI12,((AH12+AI12)/2)) | AL12: =IF((((AJ12+AK12)/2)+(C12/(DATOS!$B$14*((AJ12+AK12)/2)))^2/(2*9.81)+B12-(E11+(C11/(DATOS!$B$14*E11))^2/(2*9.81)+B11+0.5*(((DATOS!$B$27*C11/(DATOS!$B$14*E11))^2/((DATOS!$B$14*E11)/(DATOS!$B$14+2*E11))^(4/3))+((DATOS!$B$27*C12/(DATOS!$B$14*((AJ12+AK12)/2)))^2/((DATOS!$B$14*((AJ12+AK12)/2))/(DATOS!$B$14+2*((AJ12+AK12)/2)))^(4/3)))*(A11-A12)))<0,((AJ12+AK12)/2),AJ12) | AM12: =IF((((AJ12+AK12)/2)+(C12/(DATOS!$B$14*((AJ12+AK12)/2)))^2/(2*9.81)+B12-(E11+(C11/(DATOS!$B$14*E11))^2/(2*9.81)+B11+0.5*(((DATOS!$B$27*C11/(DATOS!$B$14*E11))^2/((DATOS!$B$14*E11)/(DATOS!$B$14+2*E11))^(4/3))+((DATOS!$B$27*C12/(DATOS!$B$14*((AJ12+AK12)/2)))^2/((DATOS!$B$14*((AJ12+AK12)/2))/(DATOS!$B$14+2*((AJ12+AK12)/2)))^(4/3)))*(A11-A12)))<0,AK12,((AJ12+AK12)/2)) | AN12: =IF((((AL12+AM12)/2)+(C12/(DATOS!$B$14*((AL12+AM12)/2)))^2/(2*9.81)+B12-(E11+(C11/(DATOS!$B$14*E11))^2/(2*9.81)+B11+0.5*(((DATOS!$B$27*C11/(DATOS!$B$14*E11))^2/((DATOS!$B$14*E11)/(DATOS!$B$14+2*E11))^(4/3))+((DATOS!$B$27*C12/(DATOS!$B$14*((AL12+AM12)/2)))^2/((DATOS!$B$14*((AL12+AM12)/2))/(DATOS!$B$14+2*((AL12+AM12)/2)))^(4/3)))*(A11-A12)))<0,((AL12+AM12)/2),AL12) | AO12: =IF((((AL12+AM12)/2)+(C12/(DATOS!$B$14*((AL12+AM12)/2)))^2/(2*9.81)+B12-(E11+(C11/(DATOS!$B$14*E11))^2/(2*9.81)+B11+0.5*(((DATOS!$B$27*C11/(DATOS!$B$14*E11))^2/((DATOS!$B$14*E11)/(DATOS!$B$14+2*E11))^(4/3))+((DATOS!$B$27*C12/(DATOS!$B$14*((AL12+AM12)/2)))^2/((DATOS!$B$14*((AL12+AM12)/2))/(DATOS!$B$14+2*((AL12+AM12)/2)))^(4/3)))*(A11-A12)))<0,AM12,((AL12+AM12)/2)) | AP12: =IF((((AN12+AO12)/2)+(C12/(DATOS!$B$14*((AN12+AO12)/2)))^2/(2*9.81)+B12-(E11+(C11/(DATOS!$B$14*E11))^2/(2*9.81)+B11+0.5*(((DATOS!$B$27*C11/(DATOS!$B$14*E11))^2/((DATOS!$B$14*E11)/(DATOS!$B$14+2*E11))^(4/3))+((DATOS!$B$27*C12/(DATOS!$B$14*((AN12+AO12)/2)))^2/((DATOS!$B$14*((AN12+AO12)/2))/(DATOS!$B$14+2*((AN12+AO12)/2)))^(4/3)))*(A11-A12)))<0,((AN12+AO12)/2),AN12) | AQ12: =IF((((AN12+AO12)/2)+(C12/(DATOS!$B$14*((AN12+AO12)/2)))^2/(2*9.81)+B12-(E11+(C11/(DATOS!$B$14*E11))^2/(2*9.81)+B11+0.5*(((DATOS!$B$27*C11/(DATOS!$B$14*E11))^2/((DATOS!$B$14*E11)/(DATOS!$B$14+2*E11))^(4/3))+((DATOS!$B$27*C12/(DATOS!$B$14*((AN12+AO12)/2)))^2/((DATOS!$B$14*((AN12+AO12)/2))/(DATOS!$B$14+2*((AN12+AO12)/2)))^(4/3)))*(A11-A12)))<0,AO12,((AN12+AO12)/2)) | AR12: =IF((((AP12+AQ12)/2)+(C12/(DATOS!$B$14*((AP12+AQ12)/2)))^2/(2*9.81)+B12-(E11+(C11/(DATOS!$B$14*E11))^2/(2*9.81)+B11+0.5*(((DATOS!$B$27*C11/(DATOS!$B$14*E11))^2/((DATOS!$B$14*E11)/(DATOS!$B$14+2*E11))^(4/3))+((DATOS!$B$27*C12/(DATOS!$B$14*((AP12+AQ12)/2)))^2/((DATOS!$B$14*((AP12+AQ12)/2))/(DATOS!$B$14+2*((AP12+AQ12)/2)))^(4/3)))*(A11-A12)))<0,((AP12+AQ12)/2),AP12) | AS12: =IF((((AP12+AQ12)/2)+(C12/(DATOS!$B$14*((AP12+AQ12)/2)))^2/(2*9.81)+B12-(E11+(C11/(DATOS!$B$14*E11))^2/(2*9.81)+B11+0.5*(((DATOS!$B$27*C11/(DATOS!$B$14*E11))^2/((DATOS!$B$14*E11)/(DATOS!$B$14+2*E11))^(4/3))+((DATOS!$B$27*C12/(DATOS!$B$14*((AP12+AQ12)/2)))^2/((DATOS!$B$14*((AP12+AQ12)/2))/(DATOS!$B$14+2*((AP12+AQ12)/2)))^(4/3)))*(A11-A12)))<0,AQ12,((AP12+AQ12)/2)) | AT12: =IF((((AR12+AS12)/2)+(C12/(DATOS!$B$14*((AR12+AS12)/2)))^2/(2*9.81)+B12-(E11+(C11/(DATOS!$B$14*E11))^2/(2*9.81)+B11+0.5*(((DATOS!$B$27*C11/(DATOS!$B$14*E11))^2/((DATOS!$B$14*E11)/(DATOS!$B$14+2*E11))^(4/3))+((DATOS!$B$27*C12/(DATOS!$B$14*((AR12+AS12)/2)))^2/((DATOS!$B$14*((AR12+AS12)/2))/(DATOS!$B$14+2*((AR12+AS12)/2)))^(4/3)))*(A11-A12)))<0,((AR12+AS12)/2),AR12) | AU12: =IF((((AR12+AS12)/2)+(C12/(DATOS!$B$14*((AR12+AS12)/2)))^2/(2*9.81)+B12-(E11+(C11/(DATOS!$B$14*E11))^2/(2*9.81)+B11+0.5*(((DATOS!$B$27*C11/(DATOS!$B$14*E11))^2/((DATOS!$B$14*E11)/(DATOS!$B$14+2*E11))^(4/3))+((DATOS!$B$27*C12/(DATOS!$B$14*((AR12+AS12)/2)))^2/((DATOS!$B$14*((AR12+AS12)/2))/(DATOS!$B$14+2*((AR12+AS12)/2)))^(4/3)))*(A11-A12)))<0,AS12,((AR12+AS12)/2)) | AV12: =IF((((AT12+AU12)/2)+(C12/(DATOS!$B$14*((AT12+AU12)/2)))^2/(2*9.81)+B12-(E11+(C11/(DATOS!$B$14*E11))^2/(2*9.81)+B11+0.5*(((DATOS!$B$27*C11/(DATOS!$B$14*E11))^2/((DATOS!$B$14*E11)/(DATOS!$B$14+2*E11))^(4/3))+((DATOS!$B$27*C12/(DATOS!$B$14*((AT12+AU12)/2)))^2/((DATOS!$B$14*((AT12+AU12)/2))/(DATOS!$B$14+2*((AT12+AU12)/2)))^(4/3)))*(A11-A12)))<0,((AT12+AU12)/2),AT12) | AW12: =IF((((AT12+AU12)/2)+(C12/(DATOS!$B$14*((AT12+AU12)/2)))^2/(2*9.81)+B12-(E11+(C11/(DATOS!$B$14*E11))^2/(2*9.81)+B11+0.5*(((DATOS!$B$27*C11/(DATOS!$B$14*E11))^2/((DATOS!$B$14*E11)/(DATOS!$B$14+2*E11))^(4/3))+((DATOS!$B$27*C12/(DATOS!$B$14*((AT12+AU12)/2)))^2/((DATOS!$B$14*((AT12+AU12)/2))/(DATOS!$B$14+2*((AT12+AU12)/2)))^(4/3)))*(A11-A12)))<0,AU12,((AT12+AU12)/2)) | AX12: =IF((((AV12+AW12)/2)+(C12/(DATOS!$B$14*((AV12+AW12)/2)))^2/(2*9.81)+B12-(E11+(C11/(DATOS!$B$14*E11))^2/(2*9.81)+B11+0.5*(((DATOS!$B$27*C11/(DATOS!$B$14*E11))^2/((DATOS!$B$14*E11)/(DATOS!$B$14+2*E11))^(4/3))+((DATOS!$B$27*C12/(DATOS!$B$14*((AV12+AW12)/2)))^2/((DATOS!$B$14*((AV12+AW12)/2))/(DATOS!$B$14+2*((AV12+AW12)/2)))^(4/3)))*(A11-A12)))<0,((AV12+AW12)/2),AV12) | AY12: =IF((((AV12+AW12)/2)+(C12/(DATOS!$B$14*((AV12+AW12)/2)))^2/(2*9.81)+B12-(E11+(C11/(DATOS!$B$14*E11))^2/(2*9.81)+B11+0.5*(((DATOS!$B$27*C11/(DATOS!$B$14*E11))^2/((DATOS!$B$14*E11)/(DATOS!$B$14+2*E11))^(4/3))+((DATOS!$B$27*C12/(DATOS!$B$14*((AV12+AW12)/2)))^2/((DATOS!$B$14*((AV12+AW12)/2))/(DATOS!$B$14+2*((AV12+AW12)/2)))^(4/3)))*(A11-A12)))<0,AW12,((AV12+AW12)/2)) | AZ12: =IF((((AX12+AY12)/2)+(C12/(DATOS!$B$14*((AX12+AY12)/2)))^2/(2*9.81)+B12-(E11+(C11/(DATOS!$B$14*E11))^2/(2*9.81)+B11+0.5*(((DATOS!$B$27*C11/(DATOS!$B$14*E11))^2/((DATOS!$B$14*E11)/(DATOS!$B$14+2*E11))^(4/3))+((DATOS!$B$27*C12/(DATOS!$B$14*((AX12+AY12)/2)))^2/((DATOS!$B$14*((AX12+AY12)/2))/(DATOS!$B$14+2*((AX12+AY12)/2)))^(4/3)))*(A11-A12)))<0,((AX12+AY12)/2),AX12) | BA12: =IF((((AX12+AY12)/2)+(C12/(DATOS!$B$14*((AX12+AY12)/2)))^2/(2*9.81)+B12-(E11+(C11/(DATOS!$B$14*E11))^2/(2*9.81)+B11+0.5*(((DATOS!$B$27*C11/(DATOS!$B$14*E11))^2/((DATOS!$B$14*E11)/(DATOS!$B$14+2*E11))^(4/3))+((DATOS!$B$27*C12/(DATOS!$B$14*((AX12+AY12)/2)))^2/((DATOS!$B$14*((AX12+AY12)/2))/(DATOS!$B$14+2*((AX12+AY12)/2)))^(4/3)))*(A11-A12)))<0,AY12,((AX12+AY12)/2)) | BB12: =IF((((AZ12+BA12)/2)+(C12/(DATOS!$B$14*((AZ12+BA12)/2)))^2/(2*9.81)+B12-(E11+(C11/(DATOS!$B$14*E11))^2/(2*9.81)+B11+0.5*(((DATOS!$B$27*C11/(DATOS!$B$14*E11))^2/((DATOS!$B$14*E11)/(DATOS!$B$14+2*E11))^(4/3))+((DATOS!$B$27*C12/(DATOS!$B$14*((AZ12+BA12)/2)))^2/((DATOS!$B$14*((AZ12+BA12)/2))/(DATOS!$B$14+2*((AZ12+BA12)/2)))^(4/3)))*(A11-A12)))<0,((AZ12+BA12)/2),AZ12) | BC12: =IF((((AZ12+BA12)/2)+(C12/(DATOS!$B$14*((AZ12+BA12)/2)))^2/(2*9.81)+B12-(E11+(C11/(DATOS!$B$14*E11))^2/(2*9.81)+B11+0.5*(((DATOS!$B$27*C11/(DATOS!$B$14*E11))^2/((DATOS!$B$14*E11)/(DATOS!$B$14+2*E11))^(4/3))+((DATOS!$B$27*C12/(DATOS!$B$14*((AZ12+BA12)/2)))^2/((DATOS!$B$14*((AZ12+BA12)/2))/(DATOS!$B$14+2*((AZ12+BA12)/2)))^(4/3)))*(A11-A12)))<0,BA12,((AZ12+BA12)/2)) | BD12: =IF((((BB12+BC12)/2)+(C12/(DATOS!$B$14*((BB12+BC12)/2)))^2/(2*9.81)+B12-(E11+(C11/(DATOS!$B$14*E11))^2/(2*9.81)+B11+0.5*(((DATOS!$B$27*C11/(DATOS!$B$14*E11))^2/((DATOS!$B$14*E11)/(DATOS!$B$14+2*E11))^(4/3))+((DATOS!$B$27*C12/(DATOS!$B$14*((BB12+BC12)/2)))^2/((DATOS!$B$14*((BB12+BC12)/2))/(DATOS!$B$14+2*((BB12+BC12)/2)))^(4/3)))*(A11-A12)))<0,((BB12+BC12)/2),BB12) | BE12: =IF((((BB12+BC12)/2)+(C12/(DATOS!$B$14*((BB12+BC12)/2)))^2/(2*9.81)+B12-(E11+(C11/(DATOS!$B$14*E11))^2/(2*9.81)+B11+0.5*(((DATOS!$B$27*C11/(DATOS!$B$14*E11))^2/((DATOS!$B$14*E11)/(DATOS!$B$14+2*E11))^(4/3))+((DATOS!$B$27*C12/(DATOS!$B$14*((BB12+BC12)/2)))^2/((DATOS!$B$14*((BB12+BC12)/2))/(DATOS!$B$14+2*((BB12+BC12)/2)))^(4/3)))*(A11-A12)))<0,BC12,((BB12+BC12)/2)) | BF12: =IF((((BD12+BE12)/2)+(C12/(DATOS!$B$14*((BD12+BE12)/2)))^2/(2*9.81)+B12-(E11+(C11/(DATOS!$B$14*E11))^2/(2*9.81)+B11+0.5*(((DATOS!$B$27*C11/(DATOS!$B$14*E11))^2/((DATOS!$B$14*E11)/(DATOS!$B$14+2*E11))^(4/3))+((DATOS!$B$27*C12/(DATOS!$B$14*((BD12+BE12)/2)))^2/((DATOS!$B$14*((BD12+BE12)/2))/(DATOS!$B$14+2*((BD12+BE12)/2)))^(4/3)))*(A11-A12)))<0,((BD12+BE12)/2),BD12) | BG12: =IF((((BD12+BE12)/2)+(C12/(DATOS!$B$14*((BD12+BE12)/2)))^2/(2*9.81)+B12-(E11+(C11/(DATOS!$B$14*E11))^2/(2*9.81)+B11+0.5*(((DATOS!$B$27*C11/(DATOS!$B$14*E11))^2/((DATOS!$B$14*E11)/(DATOS!$B$14+2*E11))^(4/3))+((DATOS!$B$27*C12/(DATOS!$B$14*((BD12+BE12)/2)))^2/((DATOS!$B$14*((BD12+BE12)/2))/(DATOS!$B$14+2*((BD12+BE12)/2)))^(4/3)))*(A11-A12)))<0,BE12,((BD12+BE12)/2)) | BH12: =IF((((BF12+BG12)/2)+(C12/(DATOS!$B$14*((BF12+BG12)/2)))^2/(2*9.81)+B12-(E11+(C11/(DATOS!$B$14*E11))^2/(2*9.81)+B11+0.5*(((DATOS!$B$27*C11/(DATOS!$B$14*E11))^2/((DATOS!$B$14*E11)/(DATOS!$B$14+2*E11))^(4/3))+((DATOS!$B$27*C12/(DATOS!$B$14*((BF12+BG12)/2)))^2/((DATOS!$B$14*((BF12+BG12)/2))/(DATOS!$B$14+2*((BF12+BG12)/2)))^(4/3)))*(A11-A12)))<0,((BF12+BG12)/2),BF12) | BI12: =IF((((BF12+BG12)/2)+(C12/(DATOS!$B$14*((BF12+BG12)/2)))^2/(2*9.81)+B12-(E11+(C11/(DATOS!$B$14*E11))^2/(2*9.81)+B11+0.5*(((DATOS!$B$27*C11/(DATOS!$B$14*E11))^2/((DATOS!$B$14*E11)/(DATOS!$B$14+2*E11))^(4/3))+((DATOS!$B$27*C12/(DATOS!$B$14*((BF12+BG12)/2)))^2/((DATOS!$B$14*((BF12+BG12)/2))/(DATOS!$B$14+2*((BF12+BG12)/2)))^(4/3)))*(A11-A12)))<0,BG12,((BF12+BG12)/2)) | BJ12: =IF((((BH12+BI12)/2)+(C12/(DATOS!$B$14*((BH12+BI12)/2)))^2/(2*9.81)+B12-(E11+(C11/(DATOS!$B$14*E11))^2/(2*9.81)+B11+0.5*(((DATOS!$B$27*C11/(DATOS!$B$14*E11))^2/((DATOS!$B$14*E11)/(DATOS!$B$14+2*E11))^(4/3))+((DATOS!$B$27*C12/(DATOS!$B$14*((BH12+BI12)/2)))^2/((DATOS!$B$14*((BH12+BI12)/2))/(DATOS!$B$14+2*((BH12+BI12)/2)))^(4/3)))*(A11-A12)))<0,((BH12+BI12)/2),BH12) | BK12: =IF((((BH12+BI12)/2)+(C12/(DATOS!$B$14*((BH12+BI12)/2)))^2/(2*9.81)+B12-(E11+(C11/(DATOS!$B$14*E11))^2/(2*9.81)+B11+0.5*(((DATOS!$B$27*C11/(DATOS!$B$14*E11))^2/((DATOS!$B$14*E11)/(DATOS!$B$14+2*E11))^(4/3))+((DATOS!$B$27*C12/(DATOS!$B$14*((BH12+BI12)/2)))^2/((DATOS!$B$14*((BH12+BI12)/2))/(DATOS!$B$14+2*((BH12+BI12)/2)))^(4/3)))*(A11-A12)))<0,BI12,((BH12+BI12)/2)) | BL12: =IF((((BJ12+BK12)/2)+(C12/(DATOS!$B$14*((BJ12+BK12)/2)))^2/(2*9.81)+B12-(E11+(C11/(DATOS!$B$14*E11))^2/(2*9.81)+B11+0.5*(((DATOS!$B$27*C11/(DATOS!$B$14*E11))^2/((DATOS!$B$14*E11)/(DATOS!$B$14+2*E11))^(4/3))+((DATOS!$B$27*C12/(DATOS!$B$14*((BJ12+BK12)/2)))^2/((DATOS!$B$14*((BJ12+BK12)/2))/(DATOS!$B$14+2*((BJ12+BK12)/2)))^(4/3)))*(A11-A12)))<0,((BJ12+BK12)/2),BJ12) | BM12: =IF((((BJ12+BK12)/2)+(C12/(DATOS!$B$14*((BJ12+BK12)/2)))^2/(2*9.81)+B12-(E11+(C11/(DATOS!$B$14*E11))^2/(2*9.81)+B11+0.5*(((DATOS!$B$27*C11/(DATOS!$B$14*E11))^2/((DATOS!$B$14*E11)/(DATOS!$B$14+2*E11))^(4/3))+((DATOS!$B$27*C12/(DATOS!$B$14*((BJ12+BK12)/2)))^2/((DATOS!$B$14*((BJ12+BK12)/2))/(DATOS!$B$14+2*((BJ12+BK12)/2)))^(4/3)))*(A11-A12)))<0,BK12,((BJ12+BK12)/2)) | BN12: =IF((((BL12+BM12)/2)+(C12/(DATOS!$B$14*((BL12+BM12)/2)))^2/(2*9.81)+B12-(E11+(C11/(DATOS!$B$14*E11))^2/(2*9.81)+B11+0.5*(((DATOS!$B$27*C11/(DATOS!$B$14*E11))^2/((DATOS!$B$14*E11)/(DATOS!$B$14+2*E11))^(4/3))+((DATOS!$B$27*C12/(DATOS!$B$14*((BL12+BM12)/2)))^2/((DATOS!$B$14*((BL12+BM12)/2))/(DATOS!$B$14+2*((BL12+BM12)/2)))^(4/3)))*(A11-A12)))<0,((BL12+BM12)/2),BL12) | BO12: =IF((((BL12+BM12)/2)+(C12/(DATOS!$B$14*((BL12+BM12)/2)))^2/(2*9.81)+B12-(E11+(C11/(DATOS!$B$14*E11))^2/(2*9.81)+B11+0.5*(((DATOS!$B$27*C11/(DATOS!$B$14*E11))^2/((DATOS!$B$14*E11)/(DATOS!$B$14+2*E11))^(4/3))+((DATOS!$B$27*C12/(DATOS!$B$14*((BL12+BM12)/2)))^2/((DATOS!$B$14*((BL12+BM12)/2))/(DATOS!$B$14+2*((BL12+BM12)/2)))^(4/3)))*(A11-A12)))<0,BM12,((BL12+BM12)/2)) | BP12: =IF((((BN12+BO12)/2)+(C12/(DATOS!$B$14*((BN12+BO12)/2)))^2/(2*9.81)+B12-(E11+(C11/(DATOS!$B$14*E11))^2/(2*9.81)+B11+0.5*(((DATOS!$B$27*C11/(DATOS!$B$14*E11))^2/((DATOS!$B$14*E11)/(DATOS!$B$14+2*E11))^(4/3))+((DATOS!$B$27*C12/(DATOS!$B$14*((BN12+BO12)/2)))^2/((DATOS!$B$14*((BN12+BO12)/2))/(DATOS!$B$14+2*((BN12+BO12)/2)))^(4/3)))*(A11-A12)))<0,((BN12+BO12)/2),BN12) | BQ12: =IF((((BN12+BO12)/2)+(C12/(DATOS!$B$14*((BN12+BO12)/2)))^2/(2*9.81)+B12-(E11+(C11/(DATOS!$B$14*E11))^2/(2*9.81)+B11+0.5*(((DATOS!$B$27*C11/(DATOS!$B$14*E11))^2/((DATOS!$B$14*E11)/(DATOS!$B$14+2*E11))^(4/3))+((DATOS!$B$27*C12/(DATOS!$B$14*((BN12+BO12)/2)))^2/((DATOS!$B$14*((BN12+BO12)/2))/(DATOS!$B$14+2*((BN12+BO12)/2)))^(4/3)))*(A11-A12)))<0,BO12,((BN12+BO12)/2)) | BR12: =IF((((BP12+BQ12)/2)+(C12/(DATOS!$B$14*((BP12+BQ12)/2)))^2/(2*9.81)+B12-(E11+(C11/(DATOS!$B$14*E11))^2/(2*9.81)+B11+0.5*(((DATOS!$B$27*C11/(DATOS!$B$14*E11))^2/((DATOS!$B$14*E11)/(DATOS!$B$14+2*E11))^(4/3))+((DATOS!$B$27*C12/(DATOS!$B$14*((BP12+BQ12)/2)))^2/((DATOS!$B$14*((BP12+BQ12)/2))/(DATOS!$B$14+2*((BP12+BQ12)/2)))^(4/3)))*(A11-A12)))<0,((BP12+BQ12)/2),BP12) | BS12: =IF((((BP12+BQ12)/2)+(C12/(DATOS!$B$14*((BP12+BQ12)/2)))^2/(2*9.81)+B12-(E11+(C11/(DATOS!$B$14*E11))^2/(2*9.81)+B11+0.5*(((DATOS!$B$27*C11/(DATOS!$B$14*E11))^2/((DATOS!$B$14*E11)/(DATOS!$B$14+2*E11))^(4/3))+((DATOS!$B$27*C12/(DATOS!$B$14*((BP12+BQ12)/2)))^2/((DATOS!$B$14*((BP12+BQ12)/2))/(DATOS!$B$14+2*((BP12+BQ12)/2)))^(4/3)))*(A11-A12)))<0,BQ12,((BP12+BQ12)/2)) | BT12: =IF((((BR12+BS12)/2)+(C12/(DATOS!$B$14*((BR12+BS12)/2)))^2/(2*9.81)+B12-(E11+(C11/(DATOS!$B$14*E11))^2/(2*9.81)+B11+0.5*(((DATOS!$B$27*C11/(DATOS!$B$14*E11))^2/((DATOS!$B$14*E11)/(DATOS!$B$14+2*E11))^(4/3))+((DATOS!$B$27*C12/(DATOS!$B$14*((BR12+BS12)/2)))^2/((DATOS!$B$14*((BR12+BS12)/2))/(DATOS!$B$14+2*((BR12+BS12)/2)))^(4/3)))*(A11-A12)))<0,((BR12+BS12)/2),BR12) | BU12: =IF((((BR12+BS12)/2)+(C12/(DATOS!$B$14*((BR12+BS12)/2)))^2/(2*9.81)+B12-(E11+(C11/(DATOS!$B$14*E11))^2/(2*9.81)+B11+0.5*(((DATOS!$B$27*C11/(DATOS!$B$14*E11))^2/((DATOS!$B$14*E11)/(DATOS!$B$14+2*E11))^(4/3))+((DATOS!$B$27*C12/(DATOS!$B$14*((BR12+BS12)/2)))^2/((DATOS!$B$14*((BR12+BS12)/2))/(DATOS!$B$14+2*((BR12+BS12)/2)))^(4/3)))*(A11-A12)))<0,BS12,((BR12+BS12)/2))
A13: 124 | B13: =DATOS!$B$16-DATOS!$B$19*A13 | C13: =IF(A13<CAUDALES!$B$13,CAUDALES!$D$12,IF(A13<CAUDALES!$B$14,CAUDALES!$D$13,IF(A13<CAUDALES!$B$15,CAUDALES!$D$14,CAUDALES!$D$15)))/1000 | D13: =(C13^2/(9.81*DATOS!$B$14^2))^(1/3) | E13: =(BT13+BU13)/2 | F13: =B13+E13 | G13: =C13/(DATOS!$B$14*E13) | H13: =G13/SQRT(9.81*E13) | I13: =IF(A13<=DATOS!$B$20,DATOS!$B$21-IF(AND(A13>=DATOS!$B$23,A13<DATOS!$B$24),DATOS!$B$25,DATOS!$B$22),B13+DATOS!$B$26) | J13: =I13-B13 | K13: =E13/J13 | L13: =I13-F13 | M13: =IF(AND(K13<=DATOS!$B$29,L13>=DATOS!$B$30),"CUMPLE","NO CUMPLE") | N13: =IF(A13>DATOS!$B$20,"cubierto - tramo final",IF(AND(A13>=DATOS!$B$23,A13<DATOS!$B$24),"cubierto - camiones","cubierto")) | P13: =D13*1.001 | Q13: 2 | R13: =IF((((P13+Q13)/2)+(C13/(DATOS!$B$14*((P13+Q13)/2)))^2/(2*9.81)+B13-(E12+(C12/(DATOS!$B$14*E12))^2/(2*9.81)+B12+0.5*(((DATOS!$B$27*C12/(DATOS!$B$14*E12))^2/((DATOS!$B$14*E12)/(DATOS!$B$14+2*E12))^(4/3))+((DATOS!$B$27*C13/(DATOS!$B$14*((P13+Q13)/2)))^2/((DATOS!$B$14*((P13+Q13)/2))/(DATOS!$B$14+2*((P13+Q13)/2)))^(4/3)))*(A12-A13)))<0,((P13+Q13)/2),P13) | S13: =IF((((P13+Q13)/2)+(C13/(DATOS!$B$14*((P13+Q13)/2)))^2/(2*9.81)+B13-(E12+(C12/(DATOS!$B$14*E12))^2/(2*9.81)+B12+0.5*(((DATOS!$B$27*C12/(DATOS!$B$14*E12))^2/((DATOS!$B$14*E12)/(DATOS!$B$14+2*E12))^(4/3))+((DATOS!$B$27*C13/(DATOS!$B$14*((P13+Q13)/2)))^2/((DATOS!$B$14*((P13+Q13)/2))/(DATOS!$B$14+2*((P13+Q13)/2)))^(4/3)))*(A12-A13)))<0,Q13,((P13+Q13)/2)) | T13: =IF((((R13+S13)/2)+(C13/(DATOS!$B$14*((R13+S13)/2)))^2/(2*9.81)+B13-(E12+(C12/(DATOS!$B$14*E12))^2/(2*9.81)+B12+0.5*(((DATOS!$B$27*C12/(DATOS!$B$14*E12))^2/((DATOS!$B$14*E12)/(DATOS!$B$14+2*E12))^(4/3))+((DATOS!$B$27*C13/(DATOS!$B$14*((R13+S13)/2)))^2/((DATOS!$B$14*((R13+S13)/2))/(DATOS!$B$14+2*((R13+S13)/2)))^(4/3)))*(A12-A13)))<0,((R13+S13)/2),R13) | U13: =IF((((R13+S13)/2)+(C13/(DATOS!$B$14*((R13+S13)/2)))^2/(2*9.81)+B13-(E12+(C12/(DATOS!$B$14*E12))^2/(2*9.81)+B12+0.5*(((DATOS!$B$27*C12/(DATOS!$B$14*E12))^2/((DATOS!$B$14*E12)/(DATOS!$B$14+2*E12))^(4/3))+((DATOS!$B$27*C13/(DATOS!$B$14*((R13+S13)/2)))^2/((DATOS!$B$14*((R13+S13)/2))/(DATOS!$B$14+2*((R13+S13)/2)))^(4/3)))*(A12-A13)))<0,S13,((R13+S13)/2)) | V13: =IF((((T13+U13)/2)+(C13/(DATOS!$B$14*((T13+U13)/2)))^2/(2*9.81)+B13-(E12+(C12/(DATOS!$B$14*E12))^2/(2*9.81)+B12+0.5*(((DATOS!$B$27*C12/(DATOS!$B$14*E12))^2/((DATOS!$B$14*E12)/(DATOS!$B$14+2*E12))^(4/3))+((DATOS!$B$27*C13/(DATOS!$B$14*((T13+U13)/2)))^2/((DATOS!$B$14*((T13+U13)/2))/(DATOS!$B$14+2*((T13+U13)/2)))^(4/3)))*(A12-A13)))<0,((T13+U13)/2),T13) | W13: =IF((((T13+U13)/2)+(C13/(DATOS!$B$14*((T13+U13)/2)))^2/(2*9.81)+B13-(E12+(C12/(DATOS!$B$14*E12))^2/(2*9.81)+B12+0.5*(((DATOS!$B$27*C12/(DATOS!$B$14*E12))^2/((DATOS!$B$14*E12)/(DATOS!$B$14+2*E12))^(4/3))+((DATOS!$B$27*C13/(DATOS!$B$14*((T13+U13)/2)))^2/((DATOS!$B$14*((T13+U13)/2))/(DATOS!$B$14+2*((T13+U13)/2)))^(4/3)))*(A12-A13)))<0,U13,((T13+U13)/2)) | X13: =IF((((V13+W13)/2)+(C13/(DATOS!$B$14*((V13+W13)/2)))^2/(2*9.81)+B13-(E12+(C12/(DATOS!$B$14*E12))^2/(2*9.81)+B12+0.5*(((DATOS!$B$27*C12/(DATOS!$B$14*E12))^2/((DATOS!$B$14*E12)/(DATOS!$B$14+2*E12))^(4/3))+((DATOS!$B$27*C13/(DATOS!$B$14*((V13+W13)/2)))^2/((DATOS!$B$14*((V13+W13)/2))/(DATOS!$B$14+2*((V13+W13)/2)))^(4/3)))*(A12-A13)))<0,((V13+W13)/2),V13) | Y13: =IF((((V13+W13)/2)+(C13/(DATOS!$B$14*((V13+W13)/2)))^2/(2*9.81)+B13-(E12+(C12/(DATOS!$B$14*E12))^2/(2*9.81)+B12+0.5*(((DATOS!$B$27*C12/(DATOS!$B$14*E12))^2/((DATOS!$B$14*E12)/(DATOS!$B$14+2*E12))^(4/3))+((DATOS!$B$27*C13/(DATOS!$B$14*((V13+W13)/2)))^2/((DATOS!$B$14*((V13+W13)/2))/(DATOS!$B$14+2*((V13+W13)/2)))^(4/3)))*(A12-A13)))<0,W13,((V13+W13)/2)) | Z13: =IF((((X13+Y13)/2)+(C13/(DATOS!$B$14*((X13+Y13)/2)))^2/(2*9.81)+B13-(E12+(C12/(DATOS!$B$14*E12))^2/(2*9.81)+B12+0.5*(((DATOS!$B$27*C12/(DATOS!$B$14*E12))^2/((DATOS!$B$14*E12)/(DATOS!$B$14+2*E12))^(4/3))+((DATOS!$B$27*C13/(DATOS!$B$14*((X13+Y13)/2)))^2/((DATOS!$B$14*((X13+Y13)/2))/(DATOS!$B$14+2*((X13+Y13)/2)))^(4/3)))*(A12-A13)))<0,((X13+Y13)/2),X13) | AA13: =IF((((X13+Y13)/2)+(C13/(DATOS!$B$14*((X13+Y13)/2)))^2/(2*9.81)+B13-(E12+(C12/(DATOS!$B$14*E12))^2/(2*9.81)+B12+0.5*(((DATOS!$B$27*C12/(DATOS!$B$14*E12))^2/((DATOS!$B$14*E12)/(DATOS!$B$14+2*E12))^(4/3))+((DATOS!$B$27*C13/(DATOS!$B$14*((X13+Y13)/2)))^2/((DATOS!$B$14*((X13+Y13)/2))/(DATOS!$B$14+2*((X13+Y13)/2)))^(4/3)))*(A12-A13)))<0,Y13,((X13+Y13)/2)) | AB13: =IF((((Z13+AA13)/2)+(C13/(DATOS!$B$14*((Z13+AA13)/2)))^2/(2*9.81)+B13-(E12+(C12/(DATOS!$B$14*E12))^2/(2*9.81)+B12+0.5*(((DATOS!$B$27*C12/(DATOS!$B$14*E12))^2/((DATOS!$B$14*E12)/(DATOS!$B$14+2*E12))^(4/3))+((DATOS!$B$27*C13/(DATOS!$B$14*((Z13+AA13)/2)))^2/((DATOS!$B$14*((Z13+AA13)/2))/(DATOS!$B$14+2*((Z13+AA13)/2)))^(4/3)))*(A12-A13)))<0,((Z13+AA13)/2),Z13) | AC13: =IF((((Z13+AA13)/2)+(C13/(DATOS!$B$14*((Z13+AA13)/2)))^2/(2*9.81)+B13-(E12+(C12/(DATOS!$B$14*E12))^2/(2*9.81)+B12+0.5*(((DATOS!$B$27*C12/(DATOS!$B$14*E12))^2/((DATOS!$B$14*E12)/(DATOS!$B$14+2*E12))^(4/3))+((DATOS!$B$27*C13/(DATOS!$B$14*((Z13+AA13)/2)))^2/((DATOS!$B$14*((Z13+AA13)/2))/(DATOS!$B$14+2*((Z13+AA13)/2)))^(4/3)))*(A12-A13)))<0,AA13,((Z13+AA13)/2)) | AD13: =IF((((AB13+AC13)/2)+(C13/(DATOS!$B$14*((AB13+AC13)/2)))^2/(2*9.81)+B13-(E12+(C12/(DATOS!$B$14*E12))^2/(2*9.81)+B12+0.5*(((DATOS!$B$27*C12/(DATOS!$B$14*E12))^2/((DATOS!$B$14*E12)/(DATOS!$B$14+2*E12))^(4/3))+((DATOS!$B$27*C13/(DATOS!$B$14*((AB13+AC13)/2)))^2/((DATOS!$B$14*((AB13+AC13)/2))/(DATOS!$B$14+2*((AB13+AC13)/2)))^(4/3)))*(A12-A13)))<0,((AB13+AC13)/2),AB13) | AE13: =IF((((AB13+AC13)/2)+(C13/(DATOS!$B$14*((AB13+AC13)/2)))^2/(2*9.81)+B13-(E12+(C12/(DATOS!$B$14*E12))^2/(2*9.81)+B12+0.5*(((DATOS!$B$27*C12/(DATOS!$B$14*E12))^2/((DATOS!$B$14*E12)/(DATOS!$B$14+2*E12))^(4/3))+((DATOS!$B$27*C13/(DATOS!$B$14*((AB13+AC13)/2)))^2/((DATOS!$B$14*((AB13+AC13)/2))/(DATOS!$B$14+2*((AB13+AC13)/2)))^(4/3)))*(A12-A13)))<0,AC13,((AB13+AC13)/2)) | AF13: =IF((((AD13+AE13)/2)+(C13/(DATOS!$B$14*((AD13+AE13)/2)))^2/(2*9.81)+B13-(E12+(C12/(DATOS!$B$14*E12))^2/(2*9.81)+B12+0.5*(((DATOS!$B$27*C12/(DATOS!$B$14*E12))^2/((DATOS!$B$14*E12)/(DATOS!$B$14+2*E12))^(4/3))+((DATOS!$B$27*C13/(DATOS!$B$14*((AD13+AE13)/2)))^2/((DATOS!$B$14*((AD13+AE13)/2))/(DATOS!$B$14+2*((AD13+AE13)/2)))^(4/3)))*(A12-A13)))<0,((AD13+AE13)/2),AD13) | AG13: =IF((((AD13+AE13)/2)+(C13/(DATOS!$B$14*((AD13+AE13)/2)))^2/(2*9.81)+B13-(E12+(C12/(DATOS!$B$14*E12))^2/(2*9.81)+B12+0.5*(((DATOS!$B$27*C12/(DATOS!$B$14*E12))^2/((DATOS!$B$14*E12)/(DATOS!$B$14+2*E12))^(4/3))+((DATOS!$B$27*C13/(DATOS!$B$14*((AD13+AE13)/2)))^2/((DATOS!$B$14*((AD13+AE13)/2))/(DATOS!$B$14+2*((AD13+AE13)/2)))^(4/3)))*(A12-A13)))<0,AE13,((AD13+AE13)/2)) | AH13: =IF((((AF13+AG13)/2)+(C13/(DATOS!$B$14*((AF13+AG13)/2)))^2/(2*9.81)+B13-(E12+(C12/(DATOS!$B$14*E12))^2/(2*9.81)+B12+0.5*(((DATOS!$B$27*C12/(DATOS!$B$14*E12))^2/((DATOS!$B$14*E12)/(DATOS!$B$14+2*E12))^(4/3))+((DATOS!$B$27*C13/(DATOS!$B$14*((AF13+AG13)/2)))^2/((DATOS!$B$14*((AF13+AG13)/2))/(DATOS!$B$14+2*((AF13+AG13)/2)))^(4/3)))*(A12-A13)))<0,((AF13+AG13)/2),AF13) | AI13: =IF((((AF13+AG13)/2)+(C13/(DATOS!$B$14*((AF13+AG13)/2)))^2/(2*9.81)+B13-(E12+(C12/(DATOS!$B$14*E12))^2/(2*9.81)+B12+0.5*(((DATOS!$B$27*C12/(DATOS!$B$14*E12))^2/((DATOS!$B$14*E12)/(DATOS!$B$14+2*E12))^(4/3))+((DATOS!$B$27*C13/(DATOS!$B$14*((AF13+AG13)/2)))^2/((DATOS!$B$14*((AF13+AG13)/2))/(DATOS!$B$14+2*((AF13+AG13)/2)))^(4/3)))*(A12-A13)))<0,AG13,((AF13+AG13)/2)) | AJ13: =IF((((AH13+AI13)/2)+(C13/(DATOS!$B$14*((AH13+AI13)/2)))^2/(2*9.81)+B13-(E12+(C12/(DATOS!$B$14*E12))^2/(2*9.81)+B12+0.5*(((DATOS!$B$27*C12/(DATOS!$B$14*E12))^2/((DATOS!$B$14*E12)/(DATOS!$B$14+2*E12))^(4/3))+((DATOS!$B$27*C13/(DATOS!$B$14*((AH13+AI13)/2)))^2/((DATOS!$B$14*((AH13+AI13)/2))/(DATOS!$B$14+2*((AH13+AI13)/2)))^(4/3)))*(A12-A13)))<0,((AH13+AI13)/2),AH13) | AK13: =IF((((AH13+AI13)/2)+(C13/(DATOS!$B$14*((AH13+AI13)/2)))^2/(2*9.81)+B13-(E12+(C12/(DATOS!$B$14*E12))^2/(2*9.81)+B12+0.5*(((DATOS!$B$27*C12/(DATOS!$B$14*E12))^2/((DATOS!$B$14*E12)/(DATOS!$B$14+2*E12))^(4/3))+((DATOS!$B$27*C13/(DATOS!$B$14*((AH13+AI13)/2)))^2/((DATOS!$B$14*((AH13+AI13)/2))/(DATOS!$B$14+2*((AH13+AI13)/2)))^(4/3)))*(A12-A13)))<0,AI13,((AH13+AI13)/2)) | AL13: =IF((((AJ13+AK13)/2)+(C13/(DATOS!$B$14*((AJ13+AK13)/2)))^2/(2*9.81)+B13-(E12+(C12/(DATOS!$B$14*E12))^2/(2*9.81)+B12+0.5*(((DATOS!$B$27*C12/(DATOS!$B$14*E12))^2/((DATOS!$B$14*E12)/(DATOS!$B$14+2*E12))^(4/3))+((DATOS!$B$27*C13/(DATOS!$B$14*((AJ13+AK13)/2)))^2/((DATOS!$B$14*((AJ13+AK13)/2))/(DATOS!$B$14+2*((AJ13+AK13)/2)))^(4/3)))*(A12-A13)))<0,((AJ13+AK13)/2),AJ13) | AM13: =IF((((AJ13+AK13)/2)+(C13/(DATOS!$B$14*((AJ13+AK13)/2)))^2/(2*9.81)+B13-(E12+(C12/(DATOS!$B$14*E12))^2/(2*9.81)+B12+0.5*(((DATOS!$B$27*C12/(DATOS!$B$14*E12))^2/((DATOS!$B$14*E12)/(DATOS!$B$14+2*E12))^(4/3))+((DATOS!$B$27*C13/(DATOS!$B$14*((AJ13+AK13)/2)))^2/((DATOS!$B$14*((AJ13+AK13)/2))/(DATOS!$B$14+2*((AJ13+AK13)/2)))^(4/3)))*(A12-A13)))<0,AK13,((AJ13+AK13)/2)) | AN13: =IF((((AL13+AM13)/2)+(C13/(DATOS!$B$14*((AL13+AM13)/2)))^2/(2*9.81)+B13-(E12+(C12/(DATOS!$B$14*E12))^2/(2*9.81)+B12+0.5*(((DATOS!$B$27*C12/(DATOS!$B$14*E12))^2/((DATOS!$B$14*E12)/(DATOS!$B$14+2*E12))^(4/3))+((DATOS!$B$27*C13/(DATOS!$B$14*((AL13+AM13)/2)))^2/((DATOS!$B$14*((AL13+AM13)/2))/(DATOS!$B$14+2*((AL13+AM13)/2)))^(4/3)))*(A12-A13)))<0,((AL13+AM13)/2),AL13) | AO13: =IF((((AL13+AM13)/2)+(C13/(DATOS!$B$14*((AL13+AM13)/2)))^2/(2*9.81)+B13-(E12+(C12/(DATOS!$B$14*E12))^2/(2*9.81)+B12+0.5*(((DATOS!$B$27*C12/(DATOS!$B$14*E12))^2/((DATOS!$B$14*E12)/(DATOS!$B$14+2*E12))^(4/3))+((DATOS!$B$27*C13/(DATOS!$B$14*((AL13+AM13)/2)))^2/((DATOS!$B$14*((AL13+AM13)/2))/(DATOS!$B$14+2*((AL13+AM13)/2)))^(4/3)))*(A12-A13)))<0,AM13,((AL13+AM13)/2)) | AP13: =IF((((AN13+AO13)/2)+(C13/(DATOS!$B$14*((AN13+AO13)/2)))^2/(2*9.81)+B13-(E12+(C12/(DATOS!$B$14*E12))^2/(2*9.81)+B12+0.5*(((DATOS!$B$27*C12/(DATOS!$B$14*E12))^2/((DATOS!$B$14*E12)/(DATOS!$B$14+2*E12))^(4/3))+((DATOS!$B$27*C13/(DATOS!$B$14*((AN13+AO13)/2)))^2/((DATOS!$B$14*((AN13+AO13)/2))/(DATOS!$B$14+2*((AN13+AO13)/2)))^(4/3)))*(A12-A13)))<0,((AN13+AO13)/2),AN13) | AQ13: =IF((((AN13+AO13)/2)+(C13/(DATOS!$B$14*((AN13+AO13)/2)))^2/(2*9.81)+B13-(E12+(C12/(DATOS!$B$14*E12))^2/(2*9.81)+B12+0.5*(((DATOS!$B$27*C12/(DATOS!$B$14*E12))^2/((DATOS!$B$14*E12)/(DATOS!$B$14+2*E12))^(4/3))+((DATOS!$B$27*C13/(DATOS!$B$14*((AN13+AO13)/2)))^2/((DATOS!$B$14*((AN13+AO13)/2))/(DATOS!$B$14+2*((AN13+AO13)/2)))^(4/3)))*(A12-A13)))<0,AO13,((AN13+AO13)/2)) | AR13: =IF((((AP13+AQ13)/2)+(C13/(DATOS!$B$14*((AP13+AQ13)/2)))^2/(2*9.81)+B13-(E12+(C12/(DATOS!$B$14*E12))^2/(2*9.81)+B12+0.5*(((DATOS!$B$27*C12/(DATOS!$B$14*E12))^2/((DATOS!$B$14*E12)/(DATOS!$B$14+2*E12))^(4/3))+((DATOS!$B$27*C13/(DATOS!$B$14*((AP13+AQ13)/2)))^2/((DATOS!$B$14*((AP13+AQ13)/2))/(DATOS!$B$14+2*((AP13+AQ13)/2)))^(4/3)))*(A12-A13)))<0,((AP13+AQ13)/2),AP13) | AS13: =IF((((AP13+AQ13)/2)+(C13/(DATOS!$B$14*((AP13+AQ13)/2)))^2/(2*9.81)+B13-(E12+(C12/(DATOS!$B$14*E12))^2/(2*9.81)+B12+0.5*(((DATOS!$B$27*C12/(DATOS!$B$14*E12))^2/((DATOS!$B$14*E12)/(DATOS!$B$14+2*E12))^(4/3))+((DATOS!$B$27*C13/(DATOS!$B$14*((AP13+AQ13)/2)))^2/((DATOS!$B$14*((AP13+AQ13)/2))/(DATOS!$B$14+2*((AP13+AQ13)/2)))^(4/3)))*(A12-A13)))<0,AQ13,((AP13+AQ13)/2)) | AT13: =IF((((AR13+AS13)/2)+(C13/(DATOS!$B$14*((AR13+AS13)/2)))^2/(2*9.81)+B13-(E12+(C12/(DATOS!$B$14*E12))^2/(2*9.81)+B12+0.5*(((DATOS!$B$27*C12/(DATOS!$B$14*E12))^2/((DATOS!$B$14*E12)/(DATOS!$B$14+2*E12))^(4/3))+((DATOS!$B$27*C13/(DATOS!$B$14*((AR13+AS13)/2)))^2/((DATOS!$B$14*((AR13+AS13)/2))/(DATOS!$B$14+2*((AR13+AS13)/2)))^(4/3)))*(A12-A13)))<0,((AR13+AS13)/2),AR13) | AU13: =IF((((AR13+AS13)/2)+(C13/(DATOS!$B$14*((AR13+AS13)/2)))^2/(2*9.81)+B13-(E12+(C12/(DATOS!$B$14*E12))^2/(2*9.81)+B12+0.5*(((DATOS!$B$27*C12/(DATOS!$B$14*E12))^2/((DATOS!$B$14*E12)/(DATOS!$B$14+2*E12))^(4/3))+((DATOS!$B$27*C13/(DATOS!$B$14*((AR13+AS13)/2)))^2/((DATOS!$B$14*((AR13+AS13)/2))/(DATOS!$B$14+2*((AR13+AS13)/2)))^(4/3)))*(A12-A13)))<0,AS13,((AR13+AS13)/2)) | AV13: =IF((((AT13+AU13)/2)+(C13/(DATOS!$B$14*((AT13+AU13)/2)))^2/(2*9.81)+B13-(E12+(C12/(DATOS!$B$14*E12))^2/(2*9.81)+B12+0.5*(((DATOS!$B$27*C12/(DATOS!$B$14*E12))^2/((DATOS!$B$14*E12)/(DATOS!$B$14+2*E12))^(4/3))+((DATOS!$B$27*C13/(DATOS!$B$14*((AT13+AU13)/2)))^2/((DATOS!$B$14*((AT13+AU13)/2))/(DATOS!$B$14+2*((AT13+AU13)/2)))^(4/3)))*(A12-A13)))<0,((AT13+AU13)/2),AT13) | AW13: =IF((((AT13+AU13)/2)+(C13/(DATOS!$B$14*((AT13+AU13)/2)))^2/(2*9.81)+B13-(E12+(C12/(DATOS!$B$14*E12))^2/(2*9.81)+B12+0.5*(((DATOS!$B$27*C12/(DATOS!$B$14*E12))^2/((DATOS!$B$14*E12)/(DATOS!$B$14+2*E12))^(4/3))+((DATOS!$B$27*C13/(DATOS!$B$14*((AT13+AU13)/2)))^2/((DATOS!$B$14*((AT13+AU13)/2))/(DATOS!$B$14+2*((AT13+AU13)/2)))^(4/3)))*(A12-A13)))<0,AU13,((AT13+AU13)/2)) | AX13: =IF((((AV13+AW13)/2)+(C13/(DATOS!$B$14*((AV13+AW13)/2)))^2/(2*9.81)+B13-(E12+(C12/(DATOS!$B$14*E12))^2/(2*9.81)+B12+0.5*(((DATOS!$B$27*C12/(DATOS!$B$14*E12))^2/((DATOS!$B$14*E12)/(DATOS!$B$14+2*E12))^(4/3))+((DATOS!$B$27*C13/(DATOS!$B$14*((AV13+AW13)/2)))^2/((DATOS!$B$14*((AV13+AW13)/2))/(DATOS!$B$14+2*((AV13+AW13)/2)))^(4/3)))*(A12-A13)))<0,((AV13+AW13)/2),AV13) | AY13: =IF((((AV13+AW13)/2)+(C13/(DATOS!$B$14*((AV13+AW13)/2)))^2/(2*9.81)+B13-(E12+(C12/(DATOS!$B$14*E12))^2/(2*9.81)+B12+0.5*(((DATOS!$B$27*C12/(DATOS!$B$14*E12))^2/((DATOS!$B$14*E12)/(DATOS!$B$14+2*E12))^(4/3))+((DATOS!$B$27*C13/(DATOS!$B$14*((AV13+AW13)/2)))^2/((DATOS!$B$14*((AV13+AW13)/2))/(DATOS!$B$14+2*((AV13+AW13)/2)))^(4/3)))*(A12-A13)))<0,AW13,((AV13+AW13)/2)) | AZ13: =IF((((AX13+AY13)/2)+(C13/(DATOS!$B$14*((AX13+AY13)/2)))^2/(2*9.81)+B13-(E12+(C12/(DATOS!$B$14*E12))^2/(2*9.81)+B12+0.5*(((DATOS!$B$27*C12/(DATOS!$B$14*E12))^2/((DATOS!$B$14*E12)/(DATOS!$B$14+2*E12))^(4/3))+((DATOS!$B$27*C13/(DATOS!$B$14*((AX13+AY13)/2)))^2/((DATOS!$B$14*((AX13+AY13)/2))/(DATOS!$B$14+2*((AX13+AY13)/2)))^(4/3)))*(A12-A13)))<0,((AX13+AY13)/2),AX13) | BA13: =IF((((AX13+AY13)/2)+(C13/(DATOS!$B$14*((AX13+AY13)/2)))^2/(2*9.81)+B13-(E12+(C12/(DATOS!$B$14*E12))^2/(2*9.81)+B12+0.5*(((DATOS!$B$27*C12/(DATOS!$B$14*E12))^2/((DATOS!$B$14*E12)/(DATOS!$B$14+2*E12))^(4/3))+((DATOS!$B$27*C13/(DATOS!$B$14*((AX13+AY13)/2)))^2/((DATOS!$B$14*((AX13+AY13)/2))/(DATOS!$B$14+2*((AX13+AY13)/2)))^(4/3)))*(A12-A13)))<0,AY13,((AX13+AY13)/2)) | BB13: =IF((((AZ13+BA13)/2)+(C13/(DATOS!$B$14*((AZ13+BA13)/2)))^2/(2*9.81)+B13-(E12+(C12/(DATOS!$B$14*E12))^2/(2*9.81)+B12+0.5*(((DATOS!$B$27*C12/(DATOS!$B$14*E12))^2/((DATOS!$B$14*E12)/(DATOS!$B$14+2*E12))^(4/3))+((DATOS!$B$27*C13/(DATOS!$B$14*((AZ13+BA13)/2)))^2/((DATOS!$B$14*((AZ13+BA13)/2))/(DATOS!$B$14+2*((AZ13+BA13)/2)))^(4/3)))*(A12-A13)))<0,((AZ13+BA13)/2),AZ13) | BC13: =IF((((AZ13+BA13)/2)+(C13/(DATOS!$B$14*((AZ13+BA13)/2)))^2/(2*9.81)+B13-(E12+(C12/(DATOS!$B$14*E12))^2/(2*9.81)+B12+0.5*(((DATOS!$B$27*C12/(DATOS!$B$14*E12))^2/((DATOS!$B$14*E12)/(DATOS!$B$14+2*E12))^(4/3))+((DATOS!$B$27*C13/(DATOS!$B$14*((AZ13+BA13)/2)))^2/((DATOS!$B$14*((AZ13+BA13)/2))/(DATOS!$B$14+2*((AZ13+BA13)/2)))^(4/3)))*(A12-A13)))<0,BA13,((AZ13+BA13)/2)) | BD13: =IF((((BB13+BC13)/2)+(C13/(DATOS!$B$14*((BB13+BC13)/2)))^2/(2*9.81)+B13-(E12+(C12/(DATOS!$B$14*E12))^2/(2*9.81)+B12+0.5*(((DATOS!$B$27*C12/(DATOS!$B$14*E12))^2/((DATOS!$B$14*E12)/(DATOS!$B$14+2*E12))^(4/3))+((DATOS!$B$27*C13/(DATOS!$B$14*((BB13+BC13)/2)))^2/((DATOS!$B$14*((BB13+BC13)/2))/(DATOS!$B$14+2*((BB13+BC13)/2)))^(4/3)))*(A12-A13)))<0,((BB13+BC13)/2),BB13) | BE13: =IF((((BB13+BC13)/2)+(C13/(DATOS!$B$14*((BB13+BC13)/2)))^2/(2*9.81)+B13-(E12+(C12/(DATOS!$B$14*E12))^2/(2*9.81)+B12+0.5*(((DATOS!$B$27*C12/(DATOS!$B$14*E12))^2/((DATOS!$B$14*E12)/(DATOS!$B$14+2*E12))^(4/3))+((DATOS!$B$27*C13/(DATOS!$B$14*((BB13+BC13)/2)))^2/((DATOS!$B$14*((BB13+BC13)/2))/(DATOS!$B$14+2*((BB13+BC13)/2)))^(4/3)))*(A12-A13)))<0,BC13,((BB13+BC13)/2)) | BF13: =IF((((BD13+BE13)/2)+(C13/(DATOS!$B$14*((BD13+BE13)/2)))^2/(2*9.81)+B13-(E12+(C12/(DATOS!$B$14*E12))^2/(2*9.81)+B12+0.5*(((DATOS!$B$27*C12/(DATOS!$B$14*E12))^2/((DATOS!$B$14*E12)/(DATOS!$B$14+2*E12))^(4/3))+((DATOS!$B$27*C13/(DATOS!$B$14*((BD13+BE13)/2)))^2/((DATOS!$B$14*((BD13+BE13)/2))/(DATOS!$B$14+2*((BD13+BE13)/2)))^(4/3)))*(A12-A13)))<0,((BD13+BE13)/2),BD13) | BG13: =IF((((BD13+BE13)/2)+(C13/(DATOS!$B$14*((BD13+BE13)/2)))^2/(2*9.81)+B13-(E12+(C12/(DATOS!$B$14*E12))^2/(2*9.81)+B12+0.5*(((DATOS!$B$27*C12/(DATOS!$B$14*E12))^2/((DATOS!$B$14*E12)/(DATOS!$B$14+2*E12))^(4/3))+((DATOS!$B$27*C13/(DATOS!$B$14*((BD13+BE13)/2)))^2/((DATOS!$B$14*((BD13+BE13)/2))/(DATOS!$B$14+2*((BD13+BE13)/2)))^(4/3)))*(A12-A13)))<0,BE13,((BD13+BE13)/2)) | BH13: =IF((((BF13+BG13)/2)+(C13/(DATOS!$B$14*((BF13+BG13)/2)))^2/(2*9.81)+B13-(E12+(C12/(DATOS!$B$14*E12))^2/(2*9.81)+B12+0.5*(((DATOS!$B$27*C12/(DATOS!$B$14*E12))^2/((DATOS!$B$14*E12)/(DATOS!$B$14+2*E12))^(4/3))+((DATOS!$B$27*C13/(DATOS!$B$14*((BF13+BG13)/2)))^2/((DATOS!$B$14*((BF13+BG13)/2))/(DATOS!$B$14+2*((BF13+BG13)/2)))^(4/3)))*(A12-A13)))<0,((BF13+BG13)/2),BF13) | BI13: =IF((((BF13+BG13)/2)+(C13/(DATOS!$B$14*((BF13+BG13)/2)))^2/(2*9.81)+B13-(E12+(C12/(DATOS!$B$14*E12))^2/(2*9.81)+B12+0.5*(((DATOS!$B$27*C12/(DATOS!$B$14*E12))^2/((DATOS!$B$14*E12)/(DATOS!$B$14+2*E12))^(4/3))+((DATOS!$B$27*C13/(DATOS!$B$14*((BF13+BG13)/2)))^2/((DATOS!$B$14*((BF13+BG13)/2))/(DATOS!$B$14+2*((BF13+BG13)/2)))^(4/3)))*(A12-A13)))<0,BG13,((BF13+BG13)/2)) | BJ13: =IF((((BH13+BI13)/2)+(C13/(DATOS!$B$14*((BH13+BI13)/2)))^2/(2*9.81)+B13-(E12+(C12/(DATOS!$B$14*E12))^2/(2*9.81)+B12+0.5*(((DATOS!$B$27*C12/(DATOS!$B$14*E12))^2/((DATOS!$B$14*E12)/(DATOS!$B$14+2*E12))^(4/3))+((DATOS!$B$27*C13/(DATOS!$B$14*((BH13+BI13)/2)))^2/((DATOS!$B$14*((BH13+BI13)/2))/(DATOS!$B$14+2*((BH13+BI13)/2)))^(4/3)))*(A12-A13)))<0,((BH13+BI13)/2),BH13) | BK13: =IF((((BH13+BI13)/2)+(C13/(DATOS!$B$14*((BH13+BI13)/2)))^2/(2*9.81)+B13-(E12+(C12/(DATOS!$B$14*E12))^2/(2*9.81)+B12+0.5*(((DATOS!$B$27*C12/(DATOS!$B$14*E12))^2/((DATOS!$B$14*E12)/(DATOS!$B$14+2*E12))^(4/3))+((DATOS!$B$27*C13/(DATOS!$B$14*((BH13+BI13)/2)))^2/((DATOS!$B$14*((BH13+BI13)/2))/(DATOS!$B$14+2*((BH13+BI13)/2)))^(4/3)))*(A12-A13)))<0,BI13,((BH13+BI13)/2)) | BL13: =IF((((BJ13+BK13)/2)+(C13/(DATOS!$B$14*((BJ13+BK13)/2)))^2/(2*9.81)+B13-(E12+(C12/(DATOS!$B$14*E12))^2/(2*9.81)+B12+0.5*(((DATOS!$B$27*C12/(DATOS!$B$14*E12))^2/((DATOS!$B$14*E12)/(DATOS!$B$14+2*E12))^(4/3))+((DATOS!$B$27*C13/(DATOS!$B$14*((BJ13+BK13)/2)))^2/((DATOS!$B$14*((BJ13+BK13)/2))/(DATOS!$B$14+2*((BJ13+BK13)/2)))^(4/3)))*(A12-A13)))<0,((BJ13+BK13)/2),BJ13) | BM13: =IF((((BJ13+BK13)/2)+(C13/(DATOS!$B$14*((BJ13+BK13)/2)))^2/(2*9.81)+B13-(E12+(C12/(DATOS!$B$14*E12))^2/(2*9.81)+B12+0.5*(((DATOS!$B$27*C12/(DATOS!$B$14*E12))^2/((DATOS!$B$14*E12)/(DATOS!$B$14+2*E12))^(4/3))+((DATOS!$B$27*C13/(DATOS!$B$14*((BJ13+BK13)/2)))^2/((DATOS!$B$14*((BJ13+BK13)/2))/(DATOS!$B$14+2*((BJ13+BK13)/2)))^(4/3)))*(A12-A13)))<0,BK13,((BJ13+BK13)/2)) | BN13: =IF((((BL13+BM13)/2)+(C13/(DATOS!$B$14*((BL13+BM13)/2)))^2/(2*9.81)+B13-(E12+(C12/(DATOS!$B$14*E12))^2/(2*9.81)+B12+0.5*(((DATOS!$B$27*C12/(DATOS!$B$14*E12))^2/((DATOS!$B$14*E12)/(DATOS!$B$14+2*E12))^(4/3))+((DATOS!$B$27*C13/(DATOS!$B$14*((BL13+BM13)/2)))^2/((DATOS!$B$14*((BL13+BM13)/2))/(DATOS!$B$14+2*((BL13+BM13)/2)))^(4/3)))*(A12-A13)))<0,((BL13+BM13)/2),BL13) | BO13: =IF((((BL13+BM13)/2)+(C13/(DATOS!$B$14*((BL13+BM13)/2)))^2/(2*9.81)+B13-(E12+(C12/(DATOS!$B$14*E12))^2/(2*9.81)+B12+0.5*(((DATOS!$B$27*C12/(DATOS!$B$14*E12))^2/((DATOS!$B$14*E12)/(DATOS!$B$14+2*E12))^(4/3))+((DATOS!$B$27*C13/(DATOS!$B$14*((BL13+BM13)/2)))^2/((DATOS!$B$14*((BL13+BM13)/2))/(DATOS!$B$14+2*((BL13+BM13)/2)))^(4/3)))*(A12-A13)))<0,BM13,((BL13+BM13)/2)) | BP13: =IF((((BN13+BO13)/2)+(C13/(DATOS!$B$14*((BN13+BO13)/2)))^2/(2*9.81)+B13-(E12+(C12/(DATOS!$B$14*E12))^2/(2*9.81)+B12+0.5*(((DATOS!$B$27*C12/(DATOS!$B$14*E12))^2/((DATOS!$B$14*E12)/(DATOS!$B$14+2*E12))^(4/3))+((DATOS!$B$27*C13/(DATOS!$B$14*((BN13+BO13)/2)))^2/((DATOS!$B$14*((BN13+BO13)/2))/(DATOS!$B$14+2*((BN13+BO13)/2)))^(4/3)))*(A12-A13)))<0,((BN13+BO13)/2),BN13) | BQ13: =IF((((BN13+BO13)/2)+(C13/(DATOS!$B$14*((BN13+BO13)/2)))^2/(2*9.81)+B13-(E12+(C12/(DATOS!$B$14*E12))^2/(2*9.81)+B12+0.5*(((DATOS!$B$27*C12/(DATOS!$B$14*E12))^2/((DATOS!$B$14*E12)/(DATOS!$B$14+2*E12))^(4/3))+((DATOS!$B$27*C13/(DATOS!$B$14*((BN13+BO13)/2)))^2/((DATOS!$B$14*((BN13+BO13)/2))/(DATOS!$B$14+2*((BN13+BO13)/2)))^(4/3)))*(A12-A13)))<0,BO13,((BN13+BO13)/2)) | BR13: =IF((((BP13+BQ13)/2)+(C13/(DATOS!$B$14*((BP13+BQ13)/2)))^2/(2*9.81)+B13-(E12+(C12/(DATOS!$B$14*E12))^2/(2*9.81)+B12+0.5*(((DATOS!$B$27*C12/(DATOS!$B$14*E12))^2/((DATOS!$B$14*E12)/(DATOS!$B$14+2*E12))^(4/3))+((DATOS!$B$27*C13/(DATOS!$B$14*((BP13+BQ13)/2)))^2/((DATOS!$B$14*((BP13+BQ13)/2))/(DATOS!$B$14+2*((BP13+BQ13)/2)))^(4/3)))*(A12-A13)))<0,((BP13+BQ13)/2),BP13) | BS13: =IF((((BP13+BQ13)/2)+(C13/(DATOS!$B$14*((BP13+BQ13)/2)))^2/(2*9.81)+B13-(E12+(C12/(DATOS!$B$14*E12))^2/(2*9.81)+B12+0.5*(((DATOS!$B$27*C12/(DATOS!$B$14*E12))^2/((DATOS!$B$14*E12)/(DATOS!$B$14+2*E12))^(4/3))+((DATOS!$B$27*C13/(DATOS!$B$14*((BP13+BQ13)/2)))^2/((DATOS!$B$14*((BP13+BQ13)/2))/(DATOS!$B$14+2*((BP13+BQ13)/2)))^(4/3)))*(A12-A13)))<0,BQ13,((BP13+BQ13)/2)) | BT13: =IF((((BR13+BS13)/2)+(C13/(DATOS!$B$14*((BR13+BS13)/2)))^2/(2*9.81)+B13-(E12+(C12/(DATOS!$B$14*E12))^2/(2*9.81)+B12+0.5*(((DATOS!$B$27*C12/(DATOS!$B$14*E12))^2/((DATOS!$B$14*E12)/(DATOS!$B$14+2*E12))^(4/3))+((DATOS!$B$27*C13/(DATOS!$B$14*((BR13+BS13)/2)))^2/((DATOS!$B$14*((BR13+BS13)/2))/(DATOS!$B$14+2*((BR13+BS13)/2)))^(4/3)))*(A12-A13)))<0,((BR13+BS13)/2),BR13) | BU13: =IF((((BR13+BS13)/2)+(C13/(DATOS!$B$14*((BR13+BS13)/2)))^2/(2*9.81)+B13-(E12+(C12/(DATOS!$B$14*E12))^2/(2*9.81)+B12+0.5*(((DATOS!$B$27*C12/(DATOS!$B$14*E12))^2/((DATOS!$B$14*E12)/(DATOS!$B$14+2*E12))^(4/3))+((DATOS!$B$27*C13/(DATOS!$B$14*((BR13+BS13)/2)))^2/((DATOS!$B$14*((BR13+BS13)/2))/(DATOS!$B$14+2*((BR13+BS13)/2)))^(4/3)))*(A12-A13)))<0,BS13,((BR13+BS13)/2))
A14: 122 | B14: =DATOS!$B$16-DATOS!$B$19*A14 | C14: =IF(A14<CAUDALES!$B$13,CAUDALES!$D$12,IF(A14<CAUDALES!$B$14,CAUDALES!$D$13,IF(A14<CAUDALES!$B$15,CAUDALES!$D$14,CAUDALES!$D$15)))/1000 | D14: =(C14^2/(9.81*DATOS!$B$14^2))^(1/3) | E14: =(BT14+BU14)/2 | F14: =B14+E14 | G14: =C14/(DATOS!$B$14*E14) | H14: =G14/SQRT(9.81*E14) | I14: =IF(A14<=DATOS!$B$20,DATOS!$B$21-IF(AND(A14>=DATOS!$B$23,A14<DATOS!$B$24),DATOS!$B$25,DATOS!$B$22),B14+DATOS!$B$26) | J14: =I14-B14 | K14: =E14/J14 | L14: =I14-F14 | M14: =IF(AND(K14<=DATOS!$B$29,L14>=DATOS!$B$30),"CUMPLE","NO CUMPLE") | N14: =IF(A14>DATOS!$B$20,"cubierto - tramo final",IF(AND(A14>=DATOS!$B$23,A14<DATOS!$B$24),"cubierto - camiones","cubierto")) | P14: =D14*1.001 | Q14: 2 | R14: =IF((((P14+Q14)/2)+(C14/(DATOS!$B$14*((P14+Q14)/2)))^2/(2*9.81)+B14-(E13+(C13/(DATOS!$B$14*E13))^2/(2*9.81)+B13+0.5*(((DATOS!$B$27*C13/(DATOS!$B$14*E13))^2/((DATOS!$B$14*E13)/(DATOS!$B$14+2*E13))^(4/3))+((DATOS!$B$27*C14/(DATOS!$B$14*((P14+Q14)/2)))^2/((DATOS!$B$14*((P14+Q14)/2))/(DATOS!$B$14+2*((P14+Q14)/2)))^(4/3)))*(A13-A14)))<0,((P14+Q14)/2),P14) | S14: =IF((((P14+Q14)/2)+(C14/(DATOS!$B$14*((P14+Q14)/2)))^2/(2*9.81)+B14-(E13+(C13/(DATOS!$B$14*E13))^2/(2*9.81)+B13+0.5*(((DATOS!$B$27*C13/(DATOS!$B$14*E13))^2/((DATOS!$B$14*E13)/(DATOS!$B$14+2*E13))^(4/3))+((DATOS!$B$27*C14/(DATOS!$B$14*((P14+Q14)/2)))^2/((DATOS!$B$14*((P14+Q14)/2))/(DATOS!$B$14+2*((P14+Q14)/2)))^(4/3)))*(A13-A14)))<0,Q14,((P14+Q14)/2)) | T14: =IF((((R14+S14)/2)+(C14/(DATOS!$B$14*((R14+S14)/2)))^2/(2*9.81)+B14-(E13+(C13/(DATOS!$B$14*E13))^2/(2*9.81)+B13+0.5*(((DATOS!$B$27*C13/(DATOS!$B$14*E13))^2/((DATOS!$B$14*E13)/(DATOS!$B$14+2*E13))^(4/3))+((DATOS!$B$27*C14/(DATOS!$B$14*((R14+S14)/2)))^2/((DATOS!$B$14*((R14+S14)/2))/(DATOS!$B$14+2*((R14+S14)/2)))^(4/3)))*(A13-A14)))<0,((R14+S14)/2),R14) | U14: =IF((((R14+S14)/2)+(C14/(DATOS!$B$14*((R14+S14)/2)))^2/(2*9.81)+B14-(E13+(C13/(DATOS!$B$14*E13))^2/(2*9.81)+B13+0.5*(((DATOS!$B$27*C13/(DATOS!$B$14*E13))^2/((DATOS!$B$14*E13)/(DATOS!$B$14+2*E13))^(4/3))+((DATOS!$B$27*C14/(DATOS!$B$14*((R14+S14)/2)))^2/((DATOS!$B$14*((R14+S14)/2))/(DATOS!$B$14+2*((R14+S14)/2)))^(4/3)))*(A13-A14)))<0,S14,((R14+S14)/2)) | V14: =IF((((T14+U14)/2)+(C14/(DATOS!$B$14*((T14+U14)/2)))^2/(2*9.81)+B14-(E13+(C13/(DATOS!$B$14*E13))^2/(2*9.81)+B13+0.5*(((DATOS!$B$27*C13/(DATOS!$B$14*E13))^2/((DATOS!$B$14*E13)/(DATOS!$B$14+2*E13))^(4/3))+((DATOS!$B$27*C14/(DATOS!$B$14*((T14+U14)/2)))^2/((DATOS!$B$14*((T14+U14)/2))/(DATOS!$B$14+2*((T14+U14)/2)))^(4/3)))*(A13-A14)))<0,((T14+U14)/2),T14) | W14: =IF((((T14+U14)/2)+(C14/(DATOS!$B$14*((T14+U14)/2)))^2/(2*9.81)+B14-(E13+(C13/(DATOS!$B$14*E13))^2/(2*9.81)+B13+0.5*(((DATOS!$B$27*C13/(DATOS!$B$14*E13))^2/((DATOS!$B$14*E13)/(DATOS!$B$14+2*E13))^(4/3))+((DATOS!$B$27*C14/(DATOS!$B$14*((T14+U14)/2)))^2/((DATOS!$B$14*((T14+U14)/2))/(DATOS!$B$14+2*((T14+U14)/2)))^(4/3)))*(A13-A14)))<0,U14,((T14+U14)/2)) | X14: =IF((((V14+W14)/2)+(C14/(DATOS!$B$14*((V14+W14)/2)))^2/(2*9.81)+B14-(E13+(C13/(DATOS!$B$14*E13))^2/(2*9.81)+B13+0.5*(((DATOS!$B$27*C13/(DATOS!$B$14*E13))^2/((DATOS!$B$14*E13)/(DATOS!$B$14+2*E13))^(4/3))+((DATOS!$B$27*C14/(DATOS!$B$14*((V14+W14)/2)))^2/((DATOS!$B$14*((V14+W14)/2))/(DATOS!$B$14+2*((V14+W14)/2)))^(4/3)))*(A13-A14)))<0,((V14+W14)/2),V14) | Y14: =IF((((V14+W14)/2)+(C14/(DATOS!$B$14*((V14+W14)/2)))^2/(2*9.81)+B14-(E13+(C13/(DATOS!$B$14*E13))^2/(2*9.81)+B13+0.5*(((DATOS!$B$27*C13/(DATOS!$B$14*E13))^2/((DATOS!$B$14*E13)/(DATOS!$B$14+2*E13))^(4/3))+((DATOS!$B$27*C14/(DATOS!$B$14*((V14+W14)/2)))^2/((DATOS!$B$14*((V14+W14)/2))/(DATOS!$B$14+2*((V14+W14)/2)))^(4/3)))*(A13-A14)))<0,W14,((V14+W14)/2)) | Z14: =IF((((X14+Y14)/2)+(C14/(DATOS!$B$14*((X14+Y14)/2)))^2/(2*9.81)+B14-(E13+(C13/(DATOS!$B$14*E13))^2/(2*9.81)+B13+0.5*(((DATOS!$B$27*C13/(DATOS!$B$14*E13))^2/((DATOS!$B$14*E13)/(DATOS!$B$14+2*E13))^(4/3))+((DATOS!$B$27*C14/(DATOS!$B$14*((X14+Y14)/2)))^2/((DATOS!$B$14*((X14+Y14)/2))/(DATOS!$B$14+2*((X14+Y14)/2)))^(4/3)))*(A13-A14)))<0,((X14+Y14)/2),X14) | AA14: =IF((((X14+Y14)/2)+(C14/(DATOS!$B$14*((X14+Y14)/2)))^2/(2*9.81)+B14-(E13+(C13/(DATOS!$B$14*E13))^2/(2*9.81)+B13+0.5*(((DATOS!$B$27*C13/(DATOS!$B$14*E13))^2/((DATOS!$B$14*E13)/(DATOS!$B$14+2*E13))^(4/3))+((DATOS!$B$27*C14/(DATOS!$B$14*((X14+Y14)/2)))^2/((DATOS!$B$14*((X14+Y14)/2))/(DATOS!$B$14+2*((X14+Y14)/2)))^(4/3)))*(A13-A14)))<0,Y14,((X14+Y14)/2)) | AB14: =IF((((Z14+AA14)/2)+(C14/(DATOS!$B$14*((Z14+AA14)/2)))^2/(2*9.81)+B14-(E13+(C13/(DATOS!$B$14*E13))^2/(2*9.81)+B13+0.5*(((DATOS!$B$27*C13/(DATOS!$B$14*E13))^2/((DATOS!$B$14*E13)/(DATOS!$B$14+2*E13))^(4/3))+((DATOS!$B$27*C14/(DATOS!$B$14*((Z14+AA14)/2)))^2/((DATOS!$B$14*((Z14+AA14)/2))/(DATOS!$B$14+2*((Z14+AA14)/2)))^(4/3)))*(A13-A14)))<0,((Z14+AA14)/2),Z14) | AC14: =IF((((Z14+AA14)/2)+(C14/(DATOS!$B$14*((Z14+AA14)/2)))^2/(2*9.81)+B14-(E13+(C13/(DATOS!$B$14*E13))^2/(2*9.81)+B13+0.5*(((DATOS!$B$27*C13/(DATOS!$B$14*E13))^2/((DATOS!$B$14*E13)/(DATOS!$B$14+2*E13))^(4/3))+((DATOS!$B$27*C14/(DATOS!$B$14*((Z14+AA14)/2)))^2/((DATOS!$B$14*((Z14+AA14)/2))/(DATOS!$B$14+2*((Z14+AA14)/2)))^(4/3)))*(A13-A14)))<0,AA14,((Z14+AA14)/2)) | AD14: =IF((((AB14+AC14)/2)+(C14/(DATOS!$B$14*((AB14+AC14)/2)))^2/(2*9.81)+B14-(E13+(C13/(DATOS!$B$14*E13))^2/(2*9.81)+B13+0.5*(((DATOS!$B$27*C13/(DATOS!$B$14*E13))^2/((DATOS!$B$14*E13)/(DATOS!$B$14+2*E13))^(4/3))+((DATOS!$B$27*C14/(DATOS!$B$14*((AB14+AC14)/2)))^2/((DATOS!$B$14*((AB14+AC14)/2))/(DATOS!$B$14+2*((AB14+AC14)/2)))^(4/3)))*(A13-A14)))<0,((AB14+AC14)/2),AB14) | AE14: =IF((((AB14+AC14)/2)+(C14/(DATOS!$B$14*((AB14+AC14)/2)))^2/(2*9.81)+B14-(E13+(C13/(DATOS!$B$14*E13))^2/(2*9.81)+B13+0.5*(((DATOS!$B$27*C13/(DATOS!$B$14*E13))^2/((DATOS!$B$14*E13)/(DATOS!$B$14+2*E13))^(4/3))+((DATOS!$B$27*C14/(DATOS!$B$14*((AB14+AC14)/2)))^2/((DATOS!$B$14*((AB14+AC14)/2))/(DATOS!$B$14+2*((AB14+AC14)/2)))^(4/3)))*(A13-A14)))<0,AC14,((AB14+AC14)/2)) | AF14: =IF((((AD14+AE14)/2)+(C14/(DATOS!$B$14*((AD14+AE14)/2)))^2/(2*9.81)+B14-(E13+(C13/(DATOS!$B$14*E13))^2/(2*9.81)+B13+0.5*(((DATOS!$B$27*C13/(DATOS!$B$14*E13))^2/((DATOS!$B$14*E13)/(DATOS!$B$14+2*E13))^(4/3))+((DATOS!$B$27*C14/(DATOS!$B$14*((AD14+AE14)/2)))^2/((DATOS!$B$14*((AD14+AE14)/2))/(DATOS!$B$14+2*((AD14+AE14)/2)))^(4/3)))*(A13-A14)))<0,((AD14+AE14)/2),AD14) | AG14: =IF((((AD14+AE14)/2)+(C14/(DATOS!$B$14*((AD14+AE14)/2)))^2/(2*9.81)+B14-(E13+(C13/(DATOS!$B$14*E13))^2/(2*9.81)+B13+0.5*(((DATOS!$B$27*C13/(DATOS!$B$14*E13))^2/((DATOS!$B$14*E13)/(DATOS!$B$14+2*E13))^(4/3))+((DATOS!$B$27*C14/(DATOS!$B$14*((AD14+AE14)/2)))^2/((DATOS!$B$14*((AD14+AE14)/2))/(DATOS!$B$14+2*((AD14+AE14)/2)))^(4/3)))*(A13-A14)))<0,AE14,((AD14+AE14)/2)) | AH14: =IF((((AF14+AG14)/2)+(C14/(DATOS!$B$14*((AF14+AG14)/2)))^2/(2*9.81)+B14-(E13+(C13/(DATOS!$B$14*E13))^2/(2*9.81)+B13+0.5*(((DATOS!$B$27*C13/(DATOS!$B$14*E13))^2/((DATOS!$B$14*E13)/(DATOS!$B$14+2*E13))^(4/3))+((DATOS!$B$27*C14/(DATOS!$B$14*((AF14+AG14)/2)))^2/((DATOS!$B$14*((AF14+AG14)/2))/(DATOS!$B$14+2*((AF14+AG14)/2)))^(4/3)))*(A13-A14)))<0,((AF14+AG14)/2),AF14) | AI14: =IF((((AF14+AG14)/2)+(C14/(DATOS!$B$14*((AF14+AG14)/2)))^2/(2*9.81)+B14-(E13+(C13/(DATOS!$B$14*E13))^2/(2*9.81)+B13+0.5*(((DATOS!$B$27*C13/(DATOS!$B$14*E13))^2/((DATOS!$B$14*E13)/(DATOS!$B$14+2*E13))^(4/3))+((DATOS!$B$27*C14/(DATOS!$B$14*((AF14+AG14)/2)))^2/((DATOS!$B$14*((AF14+AG14)/2))/(DATOS!$B$14+2*((AF14+AG14)/2)))^(4/3)))*(A13-A14)))<0,AG14,((AF14+AG14)/2)) | AJ14: =IF((((AH14+AI14)/2)+(C14/(DATOS!$B$14*((AH14+AI14)/2)))^2/(2*9.81)+B14-(E13+(C13/(DATOS!$B$14*E13))^2/(2*9.81)+B13+0.5*(((DATOS!$B$27*C13/(DATOS!$B$14*E13))^2/((DATOS!$B$14*E13)/(DATOS!$B$14+2*E13))^(4/3))+((DATOS!$B$27*C14/(DATOS!$B$14*((AH14+AI14)/2)))^2/((DATOS!$B$14*((AH14+AI14)/2))/(DATOS!$B$14+2*((AH14+AI14)/2)))^(4/3)))*(A13-A14)))<0,((AH14+AI14)/2),AH14) | AK14: =IF((((AH14+AI14)/2)+(C14/(DATOS!$B$14*((AH14+AI14)/2)))^2/(2*9.81)+B14-(E13+(C13/(DATOS!$B$14*E13))^2/(2*9.81)+B13+0.5*(((DATOS!$B$27*C13/(DATOS!$B$14*E13))^2/((DATOS!$B$14*E13)/(DATOS!$B$14+2*E13))^(4/3))+((DATOS!$B$27*C14/(DATOS!$B$14*((AH14+AI14)/2)))^2/((DATOS!$B$14*((AH14+AI14)/2))/(DATOS!$B$14+2*((AH14+AI14)/2)))^(4/3)))*(A13-A14)))<0,AI14,((AH14+AI14)/2)) | AL14: =IF((((AJ14+AK14)/2)+(C14/(DATOS!$B$14*((AJ14+AK14)/2)))^2/(2*9.81)+B14-(E13+(C13/(DATOS!$B$14*E13))^2/(2*9.81)+B13+0.5*(((DATOS!$B$27*C13/(DATOS!$B$14*E13))^2/((DATOS!$B$14*E13)/(DATOS!$B$14+2*E13))^(4/3))+((DATOS!$B$27*C14/(DATOS!$B$14*((AJ14+AK14)/2)))^2/((DATOS!$B$14*((AJ14+AK14)/2))/(DATOS!$B$14+2*((AJ14+AK14)/2)))^(4/3)))*(A13-A14)))<0,((AJ14+AK14)/2),AJ14) | AM14: =IF((((AJ14+AK14)/2)+(C14/(DATOS!$B$14*((AJ14+AK14)/2)))^2/(2*9.81)+B14-(E13+(C13/(DATOS!$B$14*E13))^2/(2*9.81)+B13+0.5*(((DATOS!$B$27*C13/(DATOS!$B$14*E13))^2/((DATOS!$B$14*E13)/(DATOS!$B$14+2*E13))^(4/3))+((DATOS!$B$27*C14/(DATOS!$B$14*((AJ14+AK14)/2)))^2/((DATOS!$B$14*((AJ14+AK14)/2))/(DATOS!$B$14+2*((AJ14+AK14)/2)))^(4/3)))*(A13-A14)))<0,AK14,((AJ14+AK14)/2)) | AN14: =IF((((AL14+AM14)/2)+(C14/(DATOS!$B$14*((AL14+AM14)/2)))^2/(2*9.81)+B14-(E13+(C13/(DATOS!$B$14*E13))^2/(2*9.81)+B13+0.5*(((DATOS!$B$27*C13/(DATOS!$B$14*E13))^2/((DATOS!$B$14*E13)/(DATOS!$B$14+2*E13))^(4/3))+((DATOS!$B$27*C14/(DATOS!$B$14*((AL14+AM14)/2)))^2/((DATOS!$B$14*((AL14+AM14)/2))/(DATOS!$B$14+2*((AL14+AM14)/2)))^(4/3)))*(A13-A14)))<0,((AL14+AM14)/2),AL14) | AO14: =IF((((AL14+AM14)/2)+(C14/(DATOS!$B$14*((AL14+AM14)/2)))^2/(2*9.81)+B14-(E13+(C13/(DATOS!$B$14*E13))^2/(2*9.81)+B13+0.5*(((DATOS!$B$27*C13/(DATOS!$B$14*E13))^2/((DATOS!$B$14*E13)/(DATOS!$B$14+2*E13))^(4/3))+((DATOS!$B$27*C14/(DATOS!$B$14*((AL14+AM14)/2)))^2/((DATOS!$B$14*((AL14+AM14)/2))/(DATOS!$B$14+2*((AL14+AM14)/2)))^(4/3)))*(A13-A14)))<0,AM14,((AL14+AM14)/2)) | AP14: =IF((((AN14+AO14)/2)+(C14/(DATOS!$B$14*((AN14+AO14)/2)))^2/(2*9.81)+B14-(E13+(C13/(DATOS!$B$14*E13))^2/(2*9.81)+B13+0.5*(((DATOS!$B$27*C13/(DATOS!$B$14*E13))^2/((DATOS!$B$14*E13)/(DATOS!$B$14+2*E13))^(4/3))+((DATOS!$B$27*C14/(DATOS!$B$14*((AN14+AO14)/2)))^2/((DATOS!$B$14*((AN14+AO14)/2))/(DATOS!$B$14+2*((AN14+AO14)/2)))^(4/3)))*(A13-A14)))<0,((AN14+AO14)/2),AN14) | AQ14: =IF((((AN14+AO14)/2)+(C14/(DATOS!$B$14*((AN14+AO14)/2)))^2/(2*9.81)+B14-(E13+(C13/(DATOS!$B$14*E13))^2/(2*9.81)+B13+0.5*(((DATOS!$B$27*C13/(DATOS!$B$14*E13))^2/((DATOS!$B$14*E13)/(DATOS!$B$14+2*E13))^(4/3))+((DATOS!$B$27*C14/(DATOS!$B$14*((AN14+AO14)/2)))^2/((DATOS!$B$14*((AN14+AO14)/2))/(DATOS!$B$14+2*((AN14+AO14)/2)))^(4/3)))*(A13-A14)))<0,AO14,((AN14+AO14)/2)) | AR14: =IF((((AP14+AQ14)/2)+(C14/(DATOS!$B$14*((AP14+AQ14)/2)))^2/(2*9.81)+B14-(E13+(C13/(DATOS!$B$14*E13))^2/(2*9.81)+B13+0.5*(((DATOS!$B$27*C13/(DATOS!$B$14*E13))^2/((DATOS!$B$14*E13)/(DATOS!$B$14+2*E13))^(4/3))+((DATOS!$B$27*C14/(DATOS!$B$14*((AP14+AQ14)/2)))^2/((DATOS!$B$14*((AP14+AQ14)/2))/(DATOS!$B$14+2*((AP14+AQ14)/2)))^(4/3)))*(A13-A14)))<0,((AP14+AQ14)/2),AP14) | AS14: =IF((((AP14+AQ14)/2)+(C14/(DATOS!$B$14*((AP14+AQ14)/2)))^2/(2*9.81)+B14-(E13+(C13/(DATOS!$B$14*E13))^2/(2*9.81)+B13+0.5*(((DATOS!$B$27*C13/(DATOS!$B$14*E13))^2/((DATOS!$B$14*E13)/(DATOS!$B$14+2*E13))^(4/3))+((DATOS!$B$27*C14/(DATOS!$B$14*((AP14+AQ14)/2)))^2/((DATOS!$B$14*((AP14+AQ14)/2))/(DATOS!$B$14+2*((AP14+AQ14)/2)))^(4/3)))*(A13-A14)))<0,AQ14,((AP14+AQ14)/2)) | AT14: =IF((((AR14+AS14)/2)+(C14/(DATOS!$B$14*((AR14+AS14)/2)))^2/(2*9.81)+B14-(E13+(C13/(DATOS!$B$14*E13))^2/(2*9.81)+B13+0.5*(((DATOS!$B$27*C13/(DATOS!$B$14*E13))^2/((DATOS!$B$14*E13)/(DATOS!$B$14+2*E13))^(4/3))+((DATOS!$B$27*C14/(DATOS!$B$14*((AR14+AS14)/2)))^2/((DATOS!$B$14*((AR14+AS14)/2))/(DATOS!$B$14+2*((AR14+AS14)/2)))^(4/3)))*(A13-A14)))<0,((AR14+AS14)/2),AR14) | AU14: =IF((((AR14+AS14)/2)+(C14/(DATOS!$B$14*((AR14+AS14)/2)))^2/(2*9.81)+B14-(E13+(C13/(DATOS!$B$14*E13))^2/(2*9.81)+B13+0.5*(((DATOS!$B$27*C13/(DATOS!$B$14*E13))^2/((DATOS!$B$14*E13)/(DATOS!$B$14+2*E13))^(4/3))+((DATOS!$B$27*C14/(DATOS!$B$14*((AR14+AS14)/2)))^2/((DATOS!$B$14*((AR14+AS14)/2))/(DATOS!$B$14+2*((AR14+AS14)/2)))^(4/3)))*(A13-A14)))<0,AS14,((AR14+AS14)/2)) | AV14: =IF((((AT14+AU14)/2)+(C14/(DATOS!$B$14*((AT14+AU14)/2)))^2/(2*9.81)+B14-(E13+(C13/(DATOS!$B$14*E13))^2/(2*9.81)+B13+0.5*(((DATOS!$B$27*C13/(DATOS!$B$14*E13))^2/((DATOS!$B$14*E13)/(DATOS!$B$14+2*E13))^(4/3))+((DATOS!$B$27*C14/(DATOS!$B$14*((AT14+AU14)/2)))^2/((DATOS!$B$14*((AT14+AU14)/2))/(DATOS!$B$14+2*((AT14+AU14)/2)))^(4/3)))*(A13-A14)))<0,((AT14+AU14)/2),AT14) | AW14: =IF((((AT14+AU14)/2)+(C14/(DATOS!$B$14*((AT14+AU14)/2)))^2/(2*9.81)+B14-(E13+(C13/(DATOS!$B$14*E13))^2/(2*9.81)+B13+0.5*(((DATOS!$B$27*C13/(DATOS!$B$14*E13))^2/((DATOS!$B$14*E13)/(DATOS!$B$14+2*E13))^(4/3))+((DATOS!$B$27*C14/(DATOS!$B$14*((AT14+AU14)/2)))^2/((DATOS!$B$14*((AT14+AU14)/2))/(DATOS!$B$14+2*((AT14+AU14)/2)))^(4/3)))*(A13-A14)))<0,AU14,((AT14+AU14)/2)) | AX14: =IF((((AV14+AW14)/2)+(C14/(DATOS!$B$14*((AV14+AW14)/2)))^2/(2*9.81)+B14-(E13+(C13/(DATOS!$B$14*E13))^2/(2*9.81)+B13+0.5*(((DATOS!$B$27*C13/(DATOS!$B$14*E13))^2/((DATOS!$B$14*E13)/(DATOS!$B$14+2*E13))^(4/3))+((DATOS!$B$27*C14/(DATOS!$B$14*((AV14+AW14)/2)))^2/((DATOS!$B$14*((AV14+AW14)/2))/(DATOS!$B$14+2*((AV14+AW14)/2)))^(4/3)))*(A13-A14)))<0,((AV14+AW14)/2),AV14) | AY14: =IF((((AV14+AW14)/2)+(C14/(DATOS!$B$14*((AV14+AW14)/2)))^2/(2*9.81)+B14-(E13+(C13/(DATOS!$B$14*E13))^2/(2*9.81)+B13+0.5*(((DATOS!$B$27*C13/(DATOS!$B$14*E13))^2/((DATOS!$B$14*E13)/(DATOS!$B$14+2*E13))^(4/3))+((DATOS!$B$27*C14/(DATOS!$B$14*((AV14+AW14)/2)))^2/((DATOS!$B$14*((AV14+AW14)/2))/(DATOS!$B$14+2*((AV14+AW14)/2)))^(4/3)))*(A13-A14)))<0,AW14,((AV14+AW14)/2)) | AZ14: =IF((((AX14+AY14)/2)+(C14/(DATOS!$B$14*((AX14+AY14)/2)))^2/(2*9.81)+B14-(E13+(C13/(DATOS!$B$14*E13))^2/(2*9.81)+B13+0.5*(((DATOS!$B$27*C13/(DATOS!$B$14*E13))^2/((DATOS!$B$14*E13)/(DATOS!$B$14+2*E13))^(4/3))+((DATOS!$B$27*C14/(DATOS!$B$14*((AX14+AY14)/2)))^2/((DATOS!$B$14*((AX14+AY14)/2))/(DATOS!$B$14+2*((AX14+AY14)/2)))^(4/3)))*(A13-A14)))<0,((AX14+AY14)/2),AX14) | BA14: =IF((((AX14+AY14)/2)+(C14/(DATOS!$B$14*((AX14+AY14)/2)))^2/(2*9.81)+B14-(E13+(C13/(DATOS!$B$14*E13))^2/(2*9.81)+B13+0.5*(((DATOS!$B$27*C13/(DATOS!$B$14*E13))^2/((DATOS!$B$14*E13)/(DATOS!$B$14+2*E13))^(4/3))+((DATOS!$B$27*C14/(DATOS!$B$14*((AX14+AY14)/2)))^2/((DATOS!$B$14*((AX14+AY14)/2))/(DATOS!$B$14+2*((AX14+AY14)/2)))^(4/3)))*(A13-A14)))<0,AY14,((AX14+AY14)/2)) | BB14: =IF((((AZ14+BA14)/2)+(C14/(DATOS!$B$14*((AZ14+BA14)/2)))^2/(2*9.81)+B14-(E13+(C13/(DATOS!$B$14*E13))^2/(2*9.81)+B13+0.5*(((DATOS!$B$27*C13/(DATOS!$B$14*E13))^2/((DATOS!$B$14*E13)/(DATOS!$B$14+2*E13))^(4/3))+((DATOS!$B$27*C14/(DATOS!$B$14*((AZ14+BA14)/2)))^2/((DATOS!$B$14*((AZ14+BA14)/2))/(DATOS!$B$14+2*((AZ14+BA14)/2)))^(4/3)))*(A13-A14)))<0,((AZ14+BA14)/2),AZ14) | BC14: =IF((((AZ14+BA14)/2)+(C14/(DATOS!$B$14*((AZ14+BA14)/2)))^2/(2*9.81)+B14-(E13+(C13/(DATOS!$B$14*E13))^2/(2*9.81)+B13+0.5*(((DATOS!$B$27*C13/(DATOS!$B$14*E13))^2/((DATOS!$B$14*E13)/(DATOS!$B$14+2*E13))^(4/3))+((DATOS!$B$27*C14/(DATOS!$B$14*((AZ14+BA14)/2)))^2/((DATOS!$B$14*((AZ14+BA14)/2))/(DATOS!$B$14+2*((AZ14+BA14)/2)))^(4/3)))*(A13-A14)))<0,BA14,((AZ14+BA14)/2)) | BD14: =IF((((BB14+BC14)/2)+(C14/(DATOS!$B$14*((BB14+BC14)/2)))^2/(2*9.81)+B14-(E13+(C13/(DATOS!$B$14*E13))^2/(2*9.81)+B13+0.5*(((DATOS!$B$27*C13/(DATOS!$B$14*E13))^2/((DATOS!$B$14*E13)/(DATOS!$B$14+2*E13))^(4/3))+((DATOS!$B$27*C14/(DATOS!$B$14*((BB14+BC14)/2)))^2/((DATOS!$B$14*((BB14+BC14)/2))/(DATOS!$B$14+2*((BB14+BC14)/2)))^(4/3)))*(A13-A14)))<0,((BB14+BC14)/2),BB14) | BE14: =IF((((BB14+BC14)/2)+(C14/(DATOS!$B$14*((BB14+BC14)/2)))^2/(2*9.81)+B14-(E13+(C13/(DATOS!$B$14*E13))^2/(2*9.81)+B13+0.5*(((DATOS!$B$27*C13/(DATOS!$B$14*E13))^2/((DATOS!$B$14*E13)/(DATOS!$B$14+2*E13))^(4/3))+((DATOS!$B$27*C14/(DATOS!$B$14*((BB14+BC14)/2)))^2/((DATOS!$B$14*((BB14+BC14)/2))/(DATOS!$B$14+2*((BB14+BC14)/2)))^(4/3)))*(A13-A14)))<0,BC14,((BB14+BC14)/2)) | BF14: =IF((((BD14+BE14)/2)+(C14/(DATOS!$B$14*((BD14+BE14)/2)))^2/(2*9.81)+B14-(E13+(C13/(DATOS!$B$14*E13))^2/(2*9.81)+B13+0.5*(((DATOS!$B$27*C13/(DATOS!$B$14*E13))^2/((DATOS!$B$14*E13)/(DATOS!$B$14+2*E13))^(4/3))+((DATOS!$B$27*C14/(DATOS!$B$14*((BD14+BE14)/2)))^2/((DATOS!$B$14*((BD14+BE14)/2))/(DATOS!$B$14+2*((BD14+BE14)/2)))^(4/3)))*(A13-A14)))<0,((BD14+BE14)/2),BD14) | BG14: =IF((((BD14+BE14)/2)+(C14/(DATOS!$B$14*((BD14+BE14)/2)))^2/(2*9.81)+B14-(E13+(C13/(DATOS!$B$14*E13))^2/(2*9.81)+B13+0.5*(((DATOS!$B$27*C13/(DATOS!$B$14*E13))^2/((DATOS!$B$14*E13)/(DATOS!$B$14+2*E13))^(4/3))+((DATOS!$B$27*C14/(DATOS!$B$14*((BD14+BE14)/2)))^2/((DATOS!$B$14*((BD14+BE14)/2))/(DATOS!$B$14+2*((BD14+BE14)/2)))^(4/3)))*(A13-A14)))<0,BE14,((BD14+BE14)/2)) | BH14: =IF((((BF14+BG14)/2)+(C14/(DATOS!$B$14*((BF14+BG14)/2)))^2/(2*9.81)+B14-(E13+(C13/(DATOS!$B$14*E13))^2/(2*9.81)+B13+0.5*(((DATOS!$B$27*C13/(DATOS!$B$14*E13))^2/((DATOS!$B$14*E13)/(DATOS!$B$14+2*E13))^(4/3))+((DATOS!$B$27*C14/(DATOS!$B$14*((BF14+BG14)/2)))^2/((DATOS!$B$14*((BF14+BG14)/2))/(DATOS!$B$14+2*((BF14+BG14)/2)))^(4/3)))*(A13-A14)))<0,((BF14+BG14)/2),BF14) | BI14: =IF((((BF14+BG14)/2)+(C14/(DATOS!$B$14*((BF14+BG14)/2)))^2/(2*9.81)+B14-(E13+(C13/(DATOS!$B$14*E13))^2/(2*9.81)+B13+0.5*(((DATOS!$B$27*C13/(DATOS!$B$14*E13))^2/((DATOS!$B$14*E13)/(DATOS!$B$14+2*E13))^(4/3))+((DATOS!$B$27*C14/(DATOS!$B$14*((BF14+BG14)/2)))^2/((DATOS!$B$14*((BF14+BG14)/2))/(DATOS!$B$14+2*((BF14+BG14)/2)))^(4/3)))*(A13-A14)))<0,BG14,((BF14+BG14)/2)) | BJ14: =IF((((BH14+BI14)/2)+(C14/(DATOS!$B$14*((BH14+BI14)/2)))^2/(2*9.81)+B14-(E13+(C13/(DATOS!$B$14*E13))^2/(2*9.81)+B13+0.5*(((DATOS!$B$27*C13/(DATOS!$B$14*E13))^2/((DATOS!$B$14*E13)/(DATOS!$B$14+2*E13))^(4/3))+((DATOS!$B$27*C14/(DATOS!$B$14*((BH14+BI14)/2)))^2/((DATOS!$B$14*((BH14+BI14)/2))/(DATOS!$B$14+2*((BH14+BI14)/2)))^(4/3)))*(A13-A14)))<0,((BH14+BI14)/2),BH14) | BK14: =IF((((BH14+BI14)/2)+(C14/(DATOS!$B$14*((BH14+BI14)/2)))^2/(2*9.81)+B14-(E13+(C13/(DATOS!$B$14*E13))^2/(2*9.81)+B13+0.5*(((DATOS!$B$27*C13/(DATOS!$B$14*E13))^2/((DATOS!$B$14*E13)/(DATOS!$B$14+2*E13))^(4/3))+((DATOS!$B$27*C14/(DATOS!$B$14*((BH14+BI14)/2)))^2/((DATOS!$B$14*((BH14+BI14)/2))/(DATOS!$B$14+2*((BH14+BI14)/2)))^(4/3)))*(A13-A14)))<0,BI14,((BH14+BI14)/2)) | BL14: =IF((((BJ14+BK14)/2)+(C14/(DATOS!$B$14*((BJ14+BK14)/2)))^2/(2*9.81)+B14-(E13+(C13/(DATOS!$B$14*E13))^2/(2*9.81)+B13+0.5*(((DATOS!$B$27*C13/(DATOS!$B$14*E13))^2/((DATOS!$B$14*E13)/(DATOS!$B$14+2*E13))^(4/3))+((DATOS!$B$27*C14/(DATOS!$B$14*((BJ14+BK14)/2)))^2/((DATOS!$B$14*((BJ14+BK14)/2))/(DATOS!$B$14+2*((BJ14+BK14)/2)))^(4/3)))*(A13-A14)))<0,((BJ14+BK14)/2),BJ14) | BM14: =IF((((BJ14+BK14)/2)+(C14/(DATOS!$B$14*((BJ14+BK14)/2)))^2/(2*9.81)+B14-(E13+(C13/(DATOS!$B$14*E13))^2/(2*9.81)+B13+0.5*(((DATOS!$B$27*C13/(DATOS!$B$14*E13))^2/((DATOS!$B$14*E13)/(DATOS!$B$14+2*E13))^(4/3))+((DATOS!$B$27*C14/(DATOS!$B$14*((BJ14+BK14)/2)))^2/((DATOS!$B$14*((BJ14+BK14)/2))/(DATOS!$B$14+2*((BJ14+BK14)/2)))^(4/3)))*(A13-A14)))<0,BK14,((BJ14+BK14)/2)) | BN14: =IF((((BL14+BM14)/2)+(C14/(DATOS!$B$14*((BL14+BM14)/2)))^2/(2*9.81)+B14-(E13+(C13/(DATOS!$B$14*E13))^2/(2*9.81)+B13+0.5*(((DATOS!$B$27*C13/(DATOS!$B$14*E13))^2/((DATOS!$B$14*E13)/(DATOS!$B$14+2*E13))^(4/3))+((DATOS!$B$27*C14/(DATOS!$B$14*((BL14+BM14)/2)))^2/((DATOS!$B$14*((BL14+BM14)/2))/(DATOS!$B$14+2*((BL14+BM14)/2)))^(4/3)))*(A13-A14)))<0,((BL14+BM14)/2),BL14) | BO14: =IF((((BL14+BM14)/2)+(C14/(DATOS!$B$14*((BL14+BM14)/2)))^2/(2*9.81)+B14-(E13+(C13/(DATOS!$B$14*E13))^2/(2*9.81)+B13+0.5*(((DATOS!$B$27*C13/(DATOS!$B$14*E13))^2/((DATOS!$B$14*E13)/(DATOS!$B$14+2*E13))^(4/3))+((DATOS!$B$27*C14/(DATOS!$B$14*((BL14+BM14)/2)))^2/((DATOS!$B$14*((BL14+BM14)/2))/(DATOS!$B$14+2*((BL14+BM14)/2)))^(4/3)))*(A13-A14)))<0,BM14,((BL14+BM14)/2)) | BP14: =IF((((BN14+BO14)/2)+(C14/(DATOS!$B$14*((BN14+BO14)/2)))^2/(2*9.81)+B14-(E13+(C13/(DATOS!$B$14*E13))^2/(2*9.81)+B13+0.5*(((DATOS!$B$27*C13/(DATOS!$B$14*E13))^2/((DATOS!$B$14*E13)/(DATOS!$B$14+2*E13))^(4/3))+((DATOS!$B$27*C14/(DATOS!$B$14*((BN14+BO14)/2)))^2/((DATOS!$B$14*((BN14+BO14)/2))/(DATOS!$B$14+2*((BN14+BO14)/2)))^(4/3)))*(A13-A14)))<0,((BN14+BO14)/2),BN14) | BQ14: =IF((((BN14+BO14)/2)+(C14/(DATOS!$B$14*((BN14+BO14)/2)))^2/(2*9.81)+B14-(E13+(C13/(DATOS!$B$14*E13))^2/(2*9.81)+B13+0.5*(((DATOS!$B$27*C13/(DATOS!$B$14*E13))^2/((DATOS!$B$14*E13)/(DATOS!$B$14+2*E13))^(4/3))+((DATOS!$B$27*C14/(DATOS!$B$14*((BN14+BO14)/2)))^2/((DATOS!$B$14*((BN14+BO14)/2))/(DATOS!$B$14+2*((BN14+BO14)/2)))^(4/3)))*(A13-A14)))<0,BO14,((BN14+BO14)/2)) | BR14: =IF((((BP14+BQ14)/2)+(C14/(DATOS!$B$14*((BP14+BQ14)/2)))^2/(2*9.81)+B14-(E13+(C13/(DATOS!$B$14*E13))^2/(2*9.81)+B13+0.5*(((DATOS!$B$27*C13/(DATOS!$B$14*E13))^2/((DATOS!$B$14*E13)/(DATOS!$B$14+2*E13))^(4/3))+((DATOS!$B$27*C14/(DATOS!$B$14*((BP14+BQ14)/2)))^2/((DATOS!$B$14*((BP14+BQ14)/2))/(DATOS!$B$14+2*((BP14+BQ14)/2)))^(4/3)))*(A13-A14)))<0,((BP14+BQ14)/2),BP14) | BS14: =IF((((BP14+BQ14)/2)+(C14/(DATOS!$B$14*((BP14+BQ14)/2)))^2/(2*9.81)+B14-(E13+(C13/(DATOS!$B$14*E13))^2/(2*9.81)+B13+0.5*(((DATOS!$B$27*C13/(DATOS!$B$14*E13))^2/((DATOS!$B$14*E13)/(DATOS!$B$14+2*E13))^(4/3))+((DATOS!$B$27*C14/(DATOS!$B$14*((BP14+BQ14)/2)))^2/((DATOS!$B$14*((BP14+BQ14)/2))/(DATOS!$B$14+2*((BP14+BQ14)/2)))^(4/3)))*(A13-A14)))<0,BQ14,((BP14+BQ14)/2)) | BT14: =IF((((BR14+BS14)/2)+(C14/(DATOS!$B$14*((BR14+BS14)/2)))^2/(2*9.81)+B14-(E13+(C13/(DATOS!$B$14*E13))^2/(2*9.81)+B13+0.5*(((DATOS!$B$27*C13/(DATOS!$B$14*E13))^2/((DATOS!$B$14*E13)/(DATOS!$B$14+2*E13))^(4/3))+((DATOS!$B$27*C14/(DATOS!$B$14*((BR14+BS14)/2)))^2/((DATOS!$B$14*((BR14+BS14)/2))/(DATOS!$B$14+2*((BR14+BS14)/2)))^(4/3)))*(A13-A14)))<0,((BR14+BS14)/2),BR14) | BU14: =IF((((BR14+BS14)/2)+(C14/(DATOS!$B$14*((BR14+BS14)/2)))^2/(2*9.81)+B14-(E13+(C13/(DATOS!$B$14*E13))^2/(2*9.81)+B13+0.5*(((DATOS!$B$27*C13/(DATOS!$B$14*E13))^2/((DATOS!$B$14*E13)/(DATOS!$B$14+2*E13))^(4/3))+((DATOS!$B$27*C14/(DATOS!$B$14*((BR14+BS14)/2)))^2/((DATOS!$B$14*((BR14+BS14)/2))/(DATOS!$B$14+2*((BR14+BS14)/2)))^(4/3)))*(A13-A14)))<0,BS14,((BR14+BS14)/2))
